entry_time,exit_time,direction,pnl_abs,win
2016-01-17 23:00:00,2016-01-18 01:00:00,L,269.8686261188315,True
2016-01-18 09:00:00,2016-01-18 12:00:00,L,364.1637882369072,True
2016-01-18 15:00:00,2016-01-18 17:00:00,L,121.85117495565684,True
2016-01-19 12:00:00,2016-01-19 16:00:00,L,826.9466131893006,True
2016-01-19 21:00:00,2016-01-20 00:00:00,L,225.2491910433726,True
2016-01-21 11:00:00,2016-01-21 13:00:00,L,-509.04039696772037,False
2016-01-21 18:00:00,2016-01-21 20:00:00,L,1313.7682854203263,True
2016-01-22 08:00:00,2016-01-22 09:00:00,L,-513.0640364099835,False
2016-01-22 14:00:00,2016-01-22 15:00:00,L,2552.493581139668,True
2016-01-22 21:00:00,2016-01-25 02:00:00,L,828.8592151136021,True
2016-01-25 20:00:00,2016-01-26 04:00:00,L,2681.70328485998,True
2016-01-26 12:00:00,2016-01-26 15:00:00,L,823.4902456326637,True
2016-01-27 08:00:00,2016-01-27 12:00:00,L,-40.27314601689037,False
2016-01-27 15:00:00,2016-01-27 18:00:00,L,233.8451351257002,True
2016-01-28 08:00:00,2016-01-28 12:00:00,L,1475.2132216121206,True
2016-01-28 19:00:00,2016-01-29 00:00:00,L,-523.2899149937249,False
2016-01-29 08:00:00,2016-01-29 12:00:00,L,-469.57303063195457,False
2016-02-01 13:00:00,2016-02-01 21:00:00,L,2389.3972680419724,True
2016-02-02 12:00:00,2016-02-02 14:00:00,L,1329.541921837802,True
2016-02-03 09:00:00,2016-02-03 15:00:00,L,2424.269598684178,True
2016-02-03 20:00:00,2016-02-03 23:00:00,L,943.5352661111214,True
2016-02-05 09:00:00,2016-02-05 12:00:00,L,1266.6520135050957,True
2016-02-05 15:00:00,2016-02-05 17:00:00,L,1309.1441033489823,True
2016-02-09 09:00:00,2016-02-09 12:00:00,L,736.6069098229331,True
2016-02-09 16:00:00,2016-02-09 20:00:00,L,-600.3067945938998,False
2016-02-12 14:00:00,2016-02-12 16:00:00,L,404.17708947515223,True
2016-02-19 11:00:00,2016-02-19 16:00:00,L,1816.5278043032797,True
2016-02-23 13:00:00,2016-02-23 15:00:00,L,610.6537691602697,True
2016-02-24 21:00:00,2016-02-25 00:00:00,L,-611.4620539356238,False
2016-02-25 11:00:00,2016-02-25 12:00:00,L,-608.4047436659456,False
2016-02-25 20:00:00,2016-02-25 21:00:00,L,-605.3627199476159,False
2016-02-26 09:00:00,2016-02-26 11:00:00,L,551.0216262821721,True
2016-02-29 16:00:00,2016-02-29 19:00:00,L,519.9790691697565,True
2016-03-01 08:00:00,2016-03-01 10:00:00,L,498.59332706170886,True
2016-03-01 17:00:00,2016-03-01 20:00:00,L,1077.3203896132322,True
2016-03-02 20:00:00,2016-03-03 01:00:00,L,-122.19029207167735,False
2016-03-03 14:00:00,2016-03-03 15:00:00,L,3074.797634740769,True
2016-03-04 19:00:00,2016-03-06 23:00:00,L,-340.93978189804386,False
2016-03-07 15:00:00,2016-03-07 17:00:00,L,-628.6288162123674,False
2016-03-08 17:00:00,2016-03-08 20:00:00,L,-625.4856721313056,False
2016-03-16 18:00:00,2016-03-16 19:00:00,L,3111.791218853245,True
2016-03-17 16:00:00,2016-03-17 19:00:00,L,-637.9171998649152,False
2016-03-18 09:00:00,2016-03-18 14:00:00,L,-634.7276138655907,False
2016-03-18 20:00:00,2016-03-20 23:00:00,L,735.7572557629999,True
2016-03-23 19:00:00,2016-03-24 01:00:00,S,872.4240352539546,True
2016-03-24 12:00:00,2016-03-24 13:00:00,S,-639.5948822513475,False
2016-03-31 17:00:00,2016-03-31 23:00:00,L,-197.0952564937476,False
2016-04-01 19:00:00,2016-04-01 20:00:00,S,-635.4114315576221,False
2016-04-04 14:00:00,2016-04-04 18:00:00,S,210.54946378463126,True
2016-04-05 19:00:00,2016-04-05 23:00:00,L,345.66582194986637,True
2016-04-06 20:00:00,2016-04-06 23:00:00,S,-635.0154508285065,False
2016-04-07 19:00:00,2016-04-07 22:00:00,L,-7.550529611934109,False
2016-04-08 19:00:00,2016-04-10 23:00:00,L,1892.1036769477605,True
2016-04-12 11:00:00,2016-04-12 13:00:00,L,-641.2631393110431,False
2016-04-12 14:00:00,2016-04-12 16:00:00,L,1027.1839822744587,True
2016-04-14 09:00:00,2016-04-14 11:00:00,S,464.4914698452325,True
2016-04-15 16:00:00,2016-04-15 20:00:00,S,-272.1049976925975,False
2016-04-19 18:00:00,2016-04-19 20:00:00,L,-644.1546758866233,False
2016-04-20 18:00:00,2016-04-20 19:00:00,L,-640.9339025071903,False
2016-04-21 16:00:00,2016-04-21 19:00:00,L,-637.7292329946542,False
2016-04-22 13:00:00,2016-04-22 17:00:00,S,4445.302811973839,True
2016-04-24 23:00:00,2016-04-25 03:00:00,S,-566.9308025070419,False
2016-04-26 17:00:00,2016-04-26 22:00:00,L,1158.559979497953,True
2016-04-27 16:00:00,2016-04-27 18:00:00,L,70.03713732897565,True
2016-04-28 12:00:00,2016-04-28 14:00:00,L,313.06252459493226,True
2016-05-02 13:00:00,2016-05-02 15:00:00,L,-661.6407450841242,False
2016-05-02 16:00:00,2016-05-02 17:00:00,L,-658.3325413587036,False
2016-05-02 18:00:00,2016-05-02 22:00:00,L,0.148031974293405,True
2016-05-03 11:00:00,2016-05-03 14:00:00,L,-655.0416188117816,False
2016-05-06 20:00:00,2016-05-08 23:00:00,L,-651.7664107177227,False
2016-05-13 10:00:00,2016-05-13 12:00:00,L,-648.507578664134,False
2016-05-16 18:00:00,2016-05-16 20:00:00,L,346.81833538219263,True
2016-05-18 12:00:00,2016-05-18 14:00:00,S,693.4047455342705,True
2016-05-19 18:00:00,2016-05-19 22:00:00,S,-650.4661561753957,False
2016-05-20 10:00:00,2016-05-20 12:00:00,S,-647.2138253945187,False
2016-05-20 13:00:00,2016-05-20 15:00:00,S,3219.888781337731,True
2016-05-20 18:00:00,2016-05-22 22:00:00,S,594.2365178942399,True
2016-05-23 17:00:00,2016-05-23 18:00:00,S,-663.048382763706,False
2016-05-25 17:00:00,2016-05-25 19:00:00,S,-414.6416341361531,False
2016-05-27 08:00:00,2016-05-27 10:00:00,S,1480.0140803291777,True
2016-05-31 12:00:00,2016-05-31 14:00:00,S,-665.0600030808527,False
2016-05-31 16:00:00,2016-05-31 17:00:00,S,-661.7347030654485,False
2016-05-31 19:00:00,2016-05-31 23:00:00,S,577.2695874704012,True
2016-06-01 11:00:00,2016-06-01 13:00:00,S,-661.3123774874731,False
2016-06-01 22:00:00,2016-06-02 03:00:00,S,-658.0058156000357,False
2016-06-02 07:00:00,2016-06-02 13:00:00,S,867.5196526266477,True
2016-06-07 09:00:00,2016-06-07 11:00:00,L,-659.0533847851688,False
2016-06-08 19:00:00,2016-06-08 23:00:00,L,731.7933030733038,True
2016-06-10 17:00:00,2016-06-10 20:00:00,L,865.1145764416779,True
2016-06-13 14:00:00,2016-06-13 16:00:00,L,813.7002840151988,True
2016-06-14 11:00:00,2016-06-14 13:00:00,L,3339.055793394469,True
2016-06-14 16:00:00,2016-06-14 19:00:00,L,1479.24426590095,True
2016-06-15 08:00:00,2016-06-15 09:00:00,L,-691.9026589753711,False
2016-06-16 12:00:00,2016-06-16 14:00:00,L,1581.076669837201,True
2016-06-22 09:00:00,2016-06-22 12:00:00,S,13.965569674053778,True
2016-06-22 16:00:00,2016-06-22 19:00:00,S,822.0809656444367,True
2016-06-23 12:00:00,2016-06-23 14:00:00,S,200.69731138279016,True
2016-06-23 15:00:00,2016-06-23 20:00:00,S,1683.3959400936067,True
2016-06-24 08:00:00,2016-06-24 13:00:00,L,1322.0305112400272,True
2016-06-24 16:00:00,2016-06-24 19:00:00,L,-169.28058173358707,False
2016-06-27 17:00:00,2016-06-27 19:00:00,L,1310.2158716076099,True
2016-06-28 08:00:00,2016-06-28 11:00:00,L,-722.2640569692252,False
2016-06-29 09:00:00,2016-06-29 10:00:00,L,-718.6527366843791,False
2016-06-29 19:00:00,2016-06-29 20:00:00,L,-715.0594730009573,False
2016-06-30 17:00:00,2016-06-30 19:00:00,L,1289.5836729364764,True
2016-07-01 10:00:00,2016-07-01 13:00:00,L,1027.7338584443662,True
2016-07-01 17:00:00,2016-07-03 23:00:00,L,2081.7504338702192,True
2016-07-04 14:00:00,2016-07-04 16:00:00,L,125.39226966721091,True
2016-07-05 09:00:00,2016-07-05 11:00:00,L,1632.5661606532374,True
2016-07-05 15:00:00,2016-07-05 17:00:00,L,2852.263307007826,True
2016-07-06 17:00:00,2016-07-06 18:00:00,L,-756.530624148849,False
2016-07-07 12:00:00,2016-07-07 16:00:00,L,-752.7479710281049,False
2016-07-07 18:00:00,2016-07-07 20:00:00,L,421.1065000755237,True
2016-07-08 07:00:00,2016-07-08 13:00:00,L,-751.0897636733418,False
2016-07-08 18:00:00,2016-07-08 20:00:00,L,1430.8062811285122,True
2016-07-22 19:00:00,2016-07-24 22:00:00,S,-17.645826253520273,False
2016-07-25 18:00:00,2016-07-25 23:00:00,S,1348.1161057693928,True
2016-07-26 17:00:00,2016-07-26 19:00:00,S,-33.40508578129019,False
2016-07-28 17:00:00,2016-07-28 23:00:00,L,394.6532889424304,True
2016-08-02 22:00:00,2016-08-03 01:00:00,L,-762.9469386740028,False
2016-08-03 15:00:00,2016-08-03 17:00:00,L,-79.3911168657371,False
2016-08-03 18:00:00,2016-08-03 20:00:00,L,562.9957461681489,True
2016-08-04 19:00:00,2016-08-04 23:00:00,L,-145.7361337818497,False
2016-08-05 13:00:00,2016-08-05 14:00:00,L,-760.8215464582357,False
2016-08-10 08:00:00,2016-08-10 10:00:00,L,392.6439564420821,True
2016-08-10 15:00:00,2016-08-10 18:00:00,L,866.0861655914935,True
2016-08-16 14:00:00,2016-08-16 17:00:00,L,1651.1124527124966,True
2016-08-16 20:00:00,2016-08-17 01:00:00,L,314.92306704681,True
2016-08-18 09:00:00,2016-08-18 13:00:00,L,491.28331032725873,True
2016-08-22 10:00:00,2016-08-22 12:00:00,S,-775.5976834865453,False
2016-08-22 15:00:00,2016-08-22 20:00:00,S,-39.302922370804296,False
2016-08-23 12:00:00,2016-08-23 13:00:00,S,-771.5231804572585,False
2016-08-24 10:00:00,2016-08-24 12:00:00,S,-121.75842476342366,False
2016-08-25 10:00:00,2016-08-25 13:00:00,S,2711.387678012953,True
2016-08-25 15:00:00,2016-08-25 17:00:00,S,38.0187037131819,True
2016-08-29 12:00:00,2016-08-29 14:00:00,S,-780.8038043397855,False
2016-09-01 12:00:00,2016-09-01 14:00:00,S,-776.8997853180866,False
2016-09-01 15:00:00,2016-09-01 18:00:00,S,448.6945343804348,True
2016-09-02 10:00:00,2016-09-02 14:00:00,S,-775.2587590633983,False
2016-09-07 10:00:00,2016-09-07 13:00:00,L,2206.5845296777907,True
2016-09-07 15:00:00,2016-09-07 16:00:00,L,-782.4153879164702,False
2016-09-08 14:00:00,2016-09-08 15:00:00,L,-778.5033109768879,False
2016-09-08 16:00:00,2016-09-08 19:00:00,L,-774.6107944220034,False
2016-09-12 18:00:00,2016-09-12 19:00:00,S,-770.7377404498933,False
2016-09-14 10:00:00,2016-09-14 13:00:00,S,962.7749594442915,True
2016-09-16 09:00:00,2016-09-16 13:00:00,S,3066.0256230254463,True
2016-09-16 20:00:00,2016-09-18 23:00:00,S,-679.3091137521519,False
2016-09-20 08:00:00,2016-09-20 12:00:00,S,1808.5986078683295,True
2016-09-22 20:00:00,2016-09-22 23:00:00,L,-9.636945094889521,False
2016-09-26 20:00:00,2016-09-27 01:00:00,L,225.74770848306093,True
2016-09-27 19:00:00,2016-09-28 01:00:00,S,863.5627820018492,True
2016-09-28 10:00:00,2016-09-28 11:00:00,S,-798.0728698575238,False
2016-09-28 18:00:00,2016-09-28 20:00:00,S,-232.1186542698811,False
2016-09-29 12:00:00,2016-09-29 16:00:00,S,2056.608052809127,True
2016-09-29 17:00:00,2016-09-29 18:00:00,S,-803.2049525009326,False
2016-09-30 08:00:00,2016-09-30 15:00:00,S,2171.190950727713,True
2016-09-30 20:00:00,2016-10-03 01:00:00,S,-652.5252185968056,False
2016-10-03 07:00:00,2016-10-03 10:00:00,S,-806.7822563990824,False
2016-10-03 12:00:00,2016-10-03 15:00:00,S,2999.2823706397803,True
2016-10-03 20:00:00,2016-10-04 00:00:00,S,940.4474139831806,True
2016-10-05 14:00:00,2016-10-05 16:00:00,S,4112.234970201009,True
2016-10-06 09:00:00,2016-10-06 10:00:00,S,-843.0081688912069,False
2016-10-06 20:00:00,2016-10-06 22:00:00,S,-838.7931280467508,False
2016-10-07 09:00:00,2016-10-07 11:00:00,S,-834.599162406517,False
2016-10-07 13:00:00,2016-10-07 15:00:00,S,1900.103956121279,True
2016-10-07 20:00:00,2016-10-09 23:00:00,S,-839.9266863750909,False
2016-10-12 13:00:00,2016-10-12 14:00:00,S,-835.7270529432154,False
2016-10-13 18:00:00,2016-10-13 23:00:00,S,19.061057339623535,True
2016-10-14 08:00:00,2016-10-14 10:00:00,S,3007.661254071683,True
2016-10-14 16:00:00,2016-10-14 17:00:00,S,-846.6820292355559,False
2016-10-17 11:00:00,2016-10-17 17:00:00,S,-842.4486190893781,False
2016-10-17 18:00:00,2016-10-17 23:00:00,S,522.7251977530923,True
2016-10-24 13:00:00,2016-10-24 14:00:00,S,4204.250009913483,True
2016-10-26 20:00:00,2016-10-27 03:00:00,S,129.24647022898495,True
2016-10-27 13:00:00,2016-10-27 19:00:00,S,1237.0409408130897,True
2016-10-28 15:00:00,2016-10-28 17:00:00,S,-868.7026890874743,False
2016-11-02 19:00:00,2016-11-02 20:00:00,L,-864.3591756420369,False
2016-11-03 09:00:00,2016-11-03 11:00:00,L,-860.0373797638266,False
2016-11-04 18:00:00,2016-11-04 20:00:00,L,1249.1667666070737,True
2016-11-07 11:00:00,2016-11-07 14:00:00,S,934.6871344761394,True
2016-11-08 07:00:00,2016-11-08 09:00:00,S,-477.30815109958377,False
2016-11-08 16:00:00,2016-11-08 17:00:00,S,4321.349608074628,True
2016-11-08 20:00:00,2016-11-08 23:00:00,S,960.5589974003193,True
2016-11-10 19:00:00,2016-11-10 21:00:00,S,2485.095987774826,True
2016-11-11 12:00:00,2016-11-11 13:00:00,S,-903.1049445811747,False
2016-11-14 08:00:00,2016-11-14 10:00:00,S,-613.1459515258173,False
2016-11-15 15:00:00,2016-11-15 18:00:00,S,-451.3085627968237,False
2016-11-17 08:00:00,2016-11-17 10:00:00,S,424.4528558298058,True
2016-11-17 13:00:00,2016-11-17 16:00:00,S,703.5055708779322,True
2016-11-18 09:00:00,2016-11-18 12:00:00,S,-898.9069394201944,False
2016-11-21 07:00:00,2016-11-21 08:00:00,S,-894.4124047230933,False
2016-11-22 09:00:00,2016-11-22 12:00:00,S,95.99176773502434,True
2016-11-22 19:00:00,2016-11-23 02:00:00,S,-797.9908956905912,False
2016-11-23 10:00:00,2016-11-23 15:00:00,S,8864.303470597,True
2016-11-23 19:00:00,2016-11-23 23:00:00,S,794.1315655455177,True
2016-11-24 13:00:00,2016-11-24 17:00:00,S,512.5514418450174,True
2016-11-25 07:00:00,2016-11-25 08:00:00,S,-937.2852794496376,False
2016-11-25 10:00:00,2016-11-25 14:00:00,S,89.02313885275703,True
2016-11-28 17:00:00,2016-11-28 21:00:00,S,-924.4578505890394,False
2016-11-29 09:00:00,2016-11-29 11:00:00,S,315.41157467094405,True
2016-11-29 17:00:00,2016-11-29 21:00:00,S,-88.25185162317315,False
2016-12-01 14:00:00,2016-12-01 16:00:00,S,1206.0348683308655,True
2016-12-01 19:00:00,2016-12-02 02:00:00,S,-935.5876524506014,False
2016-12-02 09:00:00,2016-12-02 14:00:00,S,4257.759309630028,True
2016-12-02 18:00:00,2016-12-04 23:00:00,S,-952.1985107364984,False
2016-12-05 13:00:00,2016-12-05 16:00:00,S,2162.5457156573516,True
2016-12-05 18:00:00,2016-12-05 21:00:00,S,1400.954301258452,True
2016-12-06 08:00:00,2016-12-06 11:00:00,S,1018.728077138235,True
2016-12-07 13:00:00,2016-12-07 16:00:00,S,-970.3486586530862,False
2016-12-12 13:00:00,2016-12-12 16:00:00,S,-965.4969153598207,False
2016-12-14 10:00:00,2016-12-14 11:00:00,S,-960.6694307830217,False
2016-12-14 14:00:00,2016-12-14 15:00:00,S,-955.8660836291066,False
2016-12-15 21:00:00,2016-12-16 00:00:00,S,-951.0867532109611,False
2016-12-16 08:00:00,2016-12-16 09:00:00,S,-946.3313194449063,False
2016-12-16 11:00:00,2016-12-16 13:00:00,S,543.9579710667614,True
2016-12-16 18:00:00,2016-12-16 20:00:00,S,1355.1448409112104,True
2016-12-19 11:00:00,2016-12-19 12:00:00,S,-951.0951769075716,False
2016-12-19 17:00:00,2016-12-19 19:00:00,S,1812.8456673762469,True
2016-12-20 18:00:00,2016-12-20 23:00:00,S,-217.00924644822672,False
2016-12-21 07:00:00,2016-12-21 09:00:00,S,2098.2944927515014,True
2016-12-23 10:00:00,2016-12-23 14:00:00,S,1631.8884770472275,True
2017-01-04 14:00:00,2017-01-04 16:00:00,L,601.7599516562852,True
2017-01-04 19:00:00,2017-01-04 21:00:00,L,-257.0298462233959,False
2017-01-05 14:00:00,2017-01-05 16:00:00,L,3301.414934175216,True
2017-01-05 20:00:00,2017-01-05 22:00:00,L,-452.2344485498065,False
2017-01-06 07:00:00,2017-01-06 16:00:00,L,-988.939350931959,False
2017-01-06 19:00:00,2017-01-08 23:00:00,L,1124.248835891911,True
2017-01-10 08:00:00,2017-01-10 09:00:00,L,-989.6158983567587,False
2017-01-11 10:00:00,2017-01-11 13:00:00,L,145.87758075688316,True
2017-01-11 15:00:00,2017-01-11 21:00:00,L,4926.986033843797,True
2017-01-12 15:00:00,2017-01-12 18:00:00,L,-1010.0321369379782,False
2017-01-13 15:00:00,2017-01-13 18:00:00,L,3394.3568435404754,True
2017-01-16 09:00:00,2017-01-16 12:00:00,L,1333.1028758367156,True
2017-01-17 13:00:00,2017-01-17 16:00:00,L,979.7387696514007,True
2017-01-17 17:00:00,2017-01-17 19:00:00,L,967.7315399355665,True
2017-01-18 14:00:00,2017-01-18 20:00:00,L,-1038.356626398109,False
2017-01-23 09:00:00,2017-01-23 12:00:00,L,508.9540417520425,True
2017-01-24 07:00:00,2017-01-24 08:00:00,L,-1035.7096134748788,False
2017-01-26 19:00:00,2017-01-27 00:00:00,S,811.7559256457364,True
2017-01-31 09:00:00,2017-01-31 11:00:00,L,1203.920371746867,True
2017-02-01 14:00:00,2017-02-01 15:00:00,L,-1040.6094468944675,False
2017-02-02 18:00:00,2017-02-03 00:00:00,L,-419.6618561391826,False
2017-02-03 12:00:00,2017-02-03 13:00:00,L,-1033.308090379299,False
2017-02-06 15:00:00,2017-02-06 19:00:00,L,3241.496926402191,True
2017-02-07 13:00:00,2017-02-07 15:00:00,L,-77.15574518336098,False
2017-02-07 20:00:00,2017-02-07 23:00:00,L,590.2061205206386,True
2017-02-08 07:00:00,2017-02-08 09:00:00,L,5234.5714321805,True
2017-02-08 19:00:00,2017-02-08 21:00:00,L,1550.5626695000628,True
2017-02-09 09:00:00,2017-02-09 12:00:00,L,-1080.8399569445028,False
2017-02-09 13:00:00,2017-02-09 15:00:00,L,-1075.4357571597802,False
2017-02-09 16:00:00,2017-02-09 19:00:00,L,425.64801976959893,True
2017-02-09 20:00:00,2017-02-09 21:00:00,L,-1072.1868184728294,False
2017-02-10 14:00:00,2017-02-10 16:00:00,L,2897.1279496985944,True
2017-02-17 16:00:00,2017-02-17 17:00:00,L,-1081.3115241289581,False
2017-02-17 20:00:00,2017-02-20 00:00:00,L,436.595134010887,True
2017-02-21 21:00:00,2017-02-22 02:00:00,L,874.0323393506995,True
2017-02-24 18:00:00,2017-02-24 20:00:00,L,1338.18603152495,True
2017-02-27 20:00:00,2017-02-27 21:00:00,L,-1089.149034032746,False
2017-02-28 10:00:00,2017-02-28 12:00:00,L,1812.2483538674066,True
2017-03-08 12:00:00,2017-03-08 14:00:00,S,5463.8226531595965,True
2017-03-08 20:00:00,2017-03-09 01:00:00,S,1210.0762238606328,True
2017-03-09 09:00:00,2017-03-09 10:00:00,S,-1126.1340250170206,False
2017-03-09 14:00:00,2017-03-09 19:00:00,S,2855.6671577189913,True
2017-03-10 14:00:00,2017-03-10 16:00:00,S,1038.6434605875813,True
2017-03-10 19:00:00,2017-03-10 20:00:00,S,-1139.9749079834683,False
2017-03-13 22:00:00,2017-03-14 02:00:00,S,-656.8905353203749,False
2017-03-14 10:00:00,2017-03-14 12:00:00,S,-1130.9905807669488,False
2017-03-15 17:00:00,2017-03-15 18:00:00,S,-1125.335627863114,False
2017-03-16 12:00:00,2017-03-16 14:00:00,L,543.1700100535804,True
2017-03-16 18:00:00,2017-03-17 00:00:00,L,-191.59500858402444,False
2017-03-17 09:00:00,2017-03-17 11:00:00,L,1286.142639051813,True
2017-03-17 16:00:00,2017-03-17 19:00:00,L,61.562220807073274,True
2017-03-22 10:00:00,2017-03-22 11:00:00,L,-1128.2053490304406,False
2017-03-22 20:00:00,2017-03-22 23:00:00,L,-709.0010707440683,False
2017-03-23 10:00:00,2017-03-23 12:00:00,L,5595.09658465784,True
2017-03-23 16:00:00,2017-03-23 20:00:00,L,474.39775902175944,True
2017-03-27 11:00:00,2017-03-27 14:00:00,L,-1149.366788649966,False
2017-03-27 15:00:00,2017-03-27 16:00:00,L,-1143.6199547067163,False
2017-03-27 17:00:00,2017-03-27 20:00:00,L,1210.9711314192616,True
2017-03-28 16:00:00,2017-03-28 18:00:00,L,-1143.956710590279,False
2017-03-30 10:00:00,2017-03-30 12:00:00,L,-1138.2369270373276,False
2017-04-04 16:00:00,2017-04-04 18:00:00,L,517.3345470453909,True
2017-04-05 09:00:00,2017-04-05 11:00:00,L,-1135.1324151373678,False
2017-04-12 11:00:00,2017-04-12 13:00:00,L,1335.3669391115063,True
2017-04-12 18:00:00,2017-04-12 20:00:00,L,5680.667938786192,True
2017-04-17 07:00:00,2017-04-17 11:00:00,L,1576.1927495406262,True
2017-04-17 13:00:00,2017-04-17 16:00:00,L,2114.23313676107,True
2017-04-17 20:00:00,2017-04-17 23:00:00,L,249.85259047793733,True
2017-04-18 15:00:00,2017-04-18 17:00:00,L,1887.5824722788975,True
2017-04-19 10:00:00,2017-04-19 13:00:00,L,-1193.676232196462,False
2017-05-01 12:00:00,2017-05-01 13:00:00,S,-1187.7078510354797,False
2017-05-02 19:00:00,2017-05-02 22:00:00,S,-554.8981845204821,False
2017-05-05 19:00:00,2017-05-08 00:00:00,S,-1178.9948208576998,False
2017-05-10 12:00:00,2017-05-10 17:00:00,S,2601.249560047817,True
2017-05-11 13:00:00,2017-05-11 16:00:00,S,-1186.1060945536503,False
2017-05-11 18:00:00,2017-05-11 19:00:00,S,-1180.1755640808822,False
2017-05-18 17:00:00,2017-05-18 19:00:00,L,-1174.2746862604777,False
2017-05-22 22:00:00,2017-05-23 00:00:00,L,2647.1265836326143,True
2017-05-23 08:00:00,2017-05-23 12:00:00,L,-701.1335435380905,False
2017-05-23 16:00:00,2017-05-23 18:00:00,L,-1178.1332780296477,False
2017-05-25 12:00:00,2017-05-25 14:00:00,L,-1172.2426116394995,False
2017-05-25 23:00:00,2017-05-26 00:00:00,L,-1166.3813985813022,False
2017-05-29 13:00:00,2017-05-29 14:00:00,L,-1160.5494915883955,False
2017-05-30 08:00:00,2017-05-30 12:00:00,L,-1154.7467441304536,False
2017-05-31 20:00:00,2017-05-31 23:00:00,L,978.2276200547053,True
2017-06-05 16:00:00,2017-06-05 18:00:00,L,1292.604191120316,True
2017-06-06 20:00:00,2017-06-07 04:00:00,L,-1160.3271694656764,False
2017-06-07 12:00:00,2017-06-07 14:00:00,L,2523.413535719724,True
2017-06-07 19:00:00,2017-06-07 22:00:00,L,2394.1565658642603,True
2017-06-08 11:00:00,2017-06-08 12:00:00,L,-1179.1133841262679,False
2017-06-16 09:00:00,2017-06-16 10:00:00,S,-1173.2178172056365,False
2017-06-19 13:00:00,2017-06-19 16:00:00,S,1623.2220694335379,True
2017-06-21 09:00:00,2017-06-21 11:00:00,S,-1175.4678384667761,False
2017-06-22 13:00:00,2017-06-22 15:00:00,S,3254.2691550278837,True
2017-06-23 00:00:00,2017-06-23 05:00:00,S,-1185.8618450495817,False
2017-06-26 13:00:00,2017-06-26 14:00:00,S,-1179.9325358243339,False
2017-06-27 19:00:00,2017-06-28 04:00:00,S,-1174.032873145212,False
2017-07-04 07:00:00,2017-07-04 09:00:00,S,222.29521345753258,True
2017-07-05 16:00:00,2017-07-05 18:00:00,S,-172.72863677790508,False
2017-07-05 20:00:00,2017-07-05 22:00:00,S,-1168.4105416628843,False
2017-07-06 22:00:00,2017-07-07 00:00:00,S,2159.6757645904368,True
2017-07-07 16:00:00,2017-07-07 19:00:00,S,-202.50272004381677,False
2017-07-07 20:00:00,2017-07-09 22:00:00,S,-1172.3543541773029,False
2017-07-10 18:00:00,2017-07-10 20:00:00,S,-186.71365696264454,False
2017-07-18 20:00:00,2017-07-19 03:00:00,L,-648.6597874850137,False
2017-07-20 08:00:00,2017-07-20 11:00:00,L,-775.6481624285072,False
2017-07-20 20:00:00,2017-07-20 23:00:00,L,676.4706713260317,True
2017-07-24 15:00:00,2017-07-24 16:00:00,L,-1161.8198277286658,False
2017-07-24 19:00:00,2017-07-24 22:00:00,L,139.56858459156035,True
2017-07-25 08:00:00,2017-07-25 09:00:00,L,-1156.7085715129801,False
2017-07-25 19:00:00,2017-07-25 23:00:00,L,-594.6993659971804,False
2017-07-27 13:00:00,2017-07-27 14:00:00,L,-1147.9515318254294,False
2017-07-27 15:00:00,2017-07-27 16:00:00,L,-1142.2117741663021,False
2017-07-31 10:00:00,2017-07-31 12:00:00,L,798.401353455848,True
2017-08-01 07:00:00,2017-08-01 09:00:00,L,649.9494605269891,True
2017-08-02 22:00:00,2017-08-03 00:00:00,L,-1143.7424693653847,False
2017-08-04 02:00:00,2017-08-04 04:00:00,L,-376.1699582768962,False
2017-08-04 11:00:00,2017-08-04 12:00:00,L,-1136.1429072271733,False
2017-08-09 11:00:00,2017-08-09 13:00:00,L,5652.310963455187,True
2017-08-10 17:00:00,2017-08-10 22:00:00,L,2273.7981684434326,True
2017-08-14 09:00:00,2017-08-14 11:00:00,L,-532.8019137514502,False
2017-08-14 22:00:00,2017-08-15 01:00:00,L,-1167.428728781773,False
2017-08-17 09:00:00,2017-08-17 11:00:00,L,-1161.5915851378643,False
2017-08-18 12:00:00,2017-08-18 16:00:00,L,-1155.783627212175,False
2017-08-18 17:00:00,2017-08-18 19:00:00,L,843.3232760687852,True
2017-08-23 14:00:00,2017-08-23 16:00:00,L,444.68593995686433,True
2017-08-24 08:00:00,2017-08-24 09:00:00,L,-1156.4447551562423,False
2017-08-25 15:00:00,2017-08-25 17:00:00,L,1066.4260275958975,True
2017-08-29 14:00:00,2017-08-29 17:00:00,L,-1155.9946615184408,False
2017-08-30 08:00:00,2017-08-30 13:00:00,L,-664.6506036781228,False
2017-08-30 14:00:00,2017-08-30 16:00:00,L,1113.1530957369641,True
2017-08-30 18:00:00,2017-08-30 20:00:00,L,111.96854282521846,True
2017-09-04 12:00:00,2017-09-04 16:00:00,L,-22.169606637712974,False
2017-09-04 22:00:00,2017-09-04 23:00:00,L,-1152.9061953520802,False
2017-09-05 10:00:00,2017-09-05 13:00:00,L,-1147.1416643753198,False
2017-09-08 10:00:00,2017-09-08 12:00:00,L,-1141.4059560534433,False
2017-09-08 13:00:00,2017-09-08 14:00:00,L,-1135.698926273176,False
2017-09-18 22:00:00,2017-09-18 23:00:00,S,-1130.02043164181,False
2017-09-19 12:00:00,2017-09-19 13:00:00,S,-1124.3703294836012,False
2017-09-19 14:00:00,2017-09-19 18:00:00,S,2054.0698360754045,True
2017-09-20 10:00:00,2017-09-20 12:00:00,S,726.0374168978685,True
2017-09-20 17:00:00,2017-09-20 19:00:00,S,5663.245070505247,True
2017-09-21 11:00:00,2017-09-21 13:00:00,S,2773.8186503649326,True
2017-09-21 16:00:00,2017-09-21 19:00:00,S,2647.0288657608116,True
2017-09-22 19:00:00,2017-09-24 22:00:00,S,-1188.0694770342045,False
2017-09-28 10:00:00,2017-09-28 12:00:00,S,-324.6494768363933,False
2017-09-28 18:00:00,2017-09-28 23:00:00,S,-681.3789916420211,False
2017-09-29 07:00:00,2017-09-29 08:00:00,S,-1177.0989873066412,False
2017-10-02 10:00:00,2017-10-02 11:00:00,S,-1171.213492370108,False
2017-10-02 15:00:00,2017-10-02 19:00:00,S,82.82971930439918,True
2017-10-03 15:00:00,2017-10-03 16:00:00,S,-1165.7715735047796,False
2017-10-06 10:00:00,2017-10-06 11:00:00,S,-1159.9427156372556,False
2017-10-11 16:00:00,2017-10-11 17:00:00,L,-1154.1430020590692,False
2017-10-12 11:00:00,2017-10-12 13:00:00,L,-1148.3722870487738,False
2017-10-12 15:00:00,2017-10-12 18:00:00,L,761.512843501705,True
2017-10-13 09:00:00,2017-10-13 10:00:00,L,-1146.4379898310385,False
2017-10-16 16:00:00,2017-10-16 19:00:00,L,-1140.7057998818834,False
2017-10-17 19:00:00,2017-10-18 00:00:00,S,731.5949154564811,True
2017-10-18 13:00:00,2017-10-18 14:00:00,S,-1138.6602454597562,False
2017-10-19 07:00:00,2017-10-19 08:00:00,S,-1132.9669442324575,False
2017-10-19 12:00:00,2017-10-19 14:00:00,S,-382.39879488467363,False
2017-10-20 07:00:00,2017-10-20 10:00:00,S,2448.8811905406274,True
2017-10-23 18:00:00,2017-10-23 19:00:00,S,-1137.6345214895748,False
2017-10-24 19:00:00,2017-10-25 01:00:00,S,3164.7213461830124,True
2017-10-25 11:00:00,2017-10-25 13:00:00,S,882.692974443158,True
2017-10-25 17:00:00,2017-10-25 22:00:00,S,682.6960476807894,True
2017-10-26 14:00:00,2017-10-26 16:00:00,S,405.1750130574688,True
2017-10-27 08:00:00,2017-10-27 12:00:00,S,944.4378882916033,True
2017-10-27 16:00:00,2017-10-29 23:00:00,S,-1162.3449652304073,False
2017-11-03 20:00:00,2017-11-06 00:00:00,S,-316.8797557804487,False
2017-11-06 11:00:00,2017-11-06 12:00:00,S,-1154.948841625353,False
2017-11-08 20:00:00,2017-11-08 21:00:00,L,-1149.1740974172262,False
2017-11-09 17:00:00,2017-11-09 19:00:00,L,962.9696734319855,True
2017-11-13 09:00:00,2017-11-13 12:00:00,S,-1148.2430752973,False
2017-11-13 18:00:00,2017-11-13 20:00:00,S,199.31616943294944,True
2017-11-14 14:00:00,2017-11-14 15:00:00,L,5717.492203839892,True
2017-11-17 13:00:00,2017-11-17 15:00:00,L,3546.8024134069155,True
2017-11-21 17:00:00,2017-11-21 19:00:00,S,1186.6372507228475,True
2017-11-23 23:00:00,2017-11-24 01:00:00,L,-1195.7531001078264,False
2017-11-24 10:00:00,2017-11-24 11:00:00,L,-1189.7743346072873,False
2017-11-24 18:00:00,2017-11-27 01:00:00,L,-1183.825462934251,False
2017-11-28 08:00:00,2017-11-28 13:00:00,L,3217.8623122784625,True
2017-11-28 20:00:00,2017-11-29 01:00:00,L,1371.3982815943446,True
2017-11-30 07:00:00,2017-11-30 09:00:00,S,4057.6668654200566,True
2017-12-01 07:00:00,2017-12-01 08:00:00,S,-1221.140972916044,False
2017-12-01 09:00:00,2017-12-01 12:00:00,S,892.9855865280026,True
2017-12-05 13:00:00,2017-12-05 14:00:00,S,6097.500979920518,True
2017-12-06 23:00:00,2017-12-07 04:00:00,S,-426.42075780765015,False
2017-12-08 08:00:00,2017-12-08 11:00:00,S,3816.1769231552967,True
2017-12-08 17:00:00,2017-12-08 19:00:00,S,423.7006329367798,True
2017-12-08 20:00:00,2017-12-11 01:00:00,S,1217.7841085865462,True
2017-12-11 12:00:00,2017-12-11 14:00:00,S,3700.0325810568615,True
2017-12-12 20:00:00,2017-12-12 21:00:00,S,-1293.6440683233457,False
2017-12-13 18:00:00,2017-12-13 20:00:00,S,-1287.1758479817288,False
2017-12-26 09:00:00,2017-12-26 11:00:00,L,-1280.7399687418201,False
2017-12-29 13:00:00,2017-12-29 14:00:00,L,6371.6813444905565,True
2017-12-29 19:00:00,2017-12-29 21:00:00,L,-518.0478281613864,False
2018-01-02 12:00:00,2018-01-02 15:00:00,L,2567.903776514068,True
2018-01-02 17:00:00,2018-01-02 19:00:00,L,3667.9731036386984,True
2018-01-03 13:00:00,2018-01-03 15:00:00,L,1946.395274198415,True
2018-01-03 19:00:00,2018-01-03 21:00:00,L,-1344.515797251513,False
2018-01-05 07:00:00,2018-01-05 09:00:00,L,-1337.7932182652555,False
2018-01-09 10:00:00,2018-01-09 13:00:00,L,-1331.1042521739294,False
2018-01-10 15:00:00,2018-01-10 16:00:00,L,-1324.4487309130598,False
2018-01-11 08:00:00,2018-01-11 11:00:00,L,2784.673326433606,True
2018-01-12 08:00:00,2018-01-12 10:00:00,L,3095.901910523578,True
2018-01-12 15:00:00,2018-01-12 19:00:00,L,7147.6379955648135,True
2018-01-15 09:00:00,2018-01-15 12:00:00,L,706.3382977969042,True
2018-01-16 07:00:00,2018-01-16 09:00:00,L,-1386.499244910089,False
2018-01-16 10:00:00,2018-01-16 11:00:00,L,-1379.5667486855384,False
2018-01-16 14:00:00,2018-01-16 17:00:00,L,1461.907158405536,True
2018-01-17 14:00:00,2018-01-17 17:00:00,L,-1357.1507258718316,False
2018-01-19 12:00:00,2018-01-19 15:00:00,L,-294.3097876159376,False
2018-01-19 16:00:00,2018-01-19 18:00:00,L,749.1365217966003,True
2018-01-22 15:00:00,2018-01-22 17:00:00,L,-32.25936172599285,False
2018-01-23 12:00:00,2018-01-23 14:00:00,L,-415.2430131651585,False
2018-01-25 12:00:00,2018-01-25 14:00:00,L,826.2794194919449,True
2018-01-25 15:00:00,2018-01-25 18:00:00,L,5571.52116325277,True
2018-01-26 15:00:00,2018-01-26 16:00:00,L,-1405.21832181495,False
2018-01-28 23:00:00,2018-01-29 01:00:00,L,871.9769966947363,True
2018-02-02 10:00:00,2018-02-02 12:00:00,L,-1402.552115189349,False
2018-02-08 13:00:00,2018-02-08 15:00:00,S,-1395.539354613402,False
2018-02-09 07:00:00,2018-02-09 10:00:00,S,3358.6602061981216,True
2018-02-09 17:00:00,2018-02-09 21:00:00,S,1684.1255337584857,True
2018-02-13 19:00:00,2018-02-14 01:00:00,L,5754.371406880223,True
2018-02-14 09:00:00,2018-02-14 11:00:00,L,-1442.547443574519,False
2018-02-16 11:00:00,2018-02-16 13:00:00,L,-1435.3347063566466,False
2018-02-16 14:00:00,2018-02-16 18:00:00,L,-1428.1580328248633,False
2018-02-16 20:00:00,2018-02-19 00:00:00,L,377.69497930854413,True
2018-02-19 12:00:00,2018-02-19 13:00:00,L,-1422.9057175572816,False
2018-02-19 14:00:00,2018-02-19 16:00:00,L,2052.384665527744,True
2018-02-19 23:00:00,2018-02-20 00:00:00,L,-1426.0531122971338,False
2018-02-20 13:00:00,2018-02-20 14:00:00,S,-1418.9228467356481,False
2018-02-21 10:00:00,2018-02-21 13:00:00,S,1664.551114950414,True
2018-02-21 14:00:00,2018-02-21 15:00:00,S,-1420.150988076722,False
2018-02-22 11:00:00,2018-02-22 13:00:00,S,-1413.0502331363384,False
2018-02-22 14:00:00,2018-02-22 15:00:00,S,-1405.9849819706567,False
2018-02-23 18:00:00,2018-02-23 21:00:00,S,1010.9887326229464,True
2018-02-28 08:00:00,2018-02-28 09:00:00,S,-1404.0100007239182,False
2018-02-28 11:00:00,2018-02-28 13:00:00,S,-370.4846578735882,False
2018-03-01 16:00:00,2018-03-01 18:00:00,S,-1395.1375274309307,False
2018-03-01 21:00:00,2018-03-01 23:00:00,S,-1388.161839793776,False
2018-03-02 12:00:00,2018-03-02 13:00:00,S,-1381.221030594807,False
2018-03-02 14:00:00,2018-03-02 16:00:00,S,3784.186146832209,True
2018-03-06 08:00:00,2018-03-06 11:00:00,L,5199.171654425697,True
2018-03-08 20:00:00,2018-03-09 01:00:00,S,4149.199269086685,True
2018-03-09 16:00:00,2018-03-09 19:00:00,S,-1439.9777107935558,False
2018-03-12 16:00:00,2018-03-12 19:00:00,S,-1432.7778222395882,False
2018-03-13 12:00:00,2018-03-13 13:00:00,S,-1425.61393312839,False
2018-03-15 19:00:00,2018-03-15 20:00:00,S,-1418.4858634627483,False
2018-03-16 11:00:00,2018-03-16 14:00:00,S,11640.847441468277,True
2018-03-16 20:00:00,2018-03-19 00:00:00,S,440.100140043624,True
2018-03-19 10:00:00,2018-03-19 13:00:00,S,-758.3893118081734,False
2018-03-20 16:00:00,2018-03-20 22:00:00,S,528.0224426581109,True
2018-03-22 10:00:00,2018-03-22 12:00:00,L,808.0957316567005,True
2018-03-22 18:00:00,2018-03-23 00:00:00,L,4996.192154838499,True
2018-03-23 20:00:00,2018-03-26 01:00:00,L,539.6635607392245,True
2018-03-26 09:00:00,2018-03-26 11:00:00,L,133.49811824510914,True
2018-03-26 13:00:00,2018-03-26 17:00:00,L,7515.167927673208,True
2018-03-27 11:00:00,2018-03-27 13:00:00,L,-1540.6094251730076,False
2018-03-29 11:00:00,2018-03-29 14:00:00,S,2820.4631829228,True
2018-03-29 20:00:00,2018-04-01 23:00:00,S,300.2239421702719,True
2018-04-03 08:00:00,2018-04-03 09:00:00,L,-1548.5098136726078,False
2018-04-04 17:00:00,2018-04-04 18:00:00,L,-1540.7672646042447,False
2018-04-06 17:00:00,2018-04-06 19:00:00,L,1203.1497822397055,True
2018-04-11 18:00:00,2018-04-11 19:00:00,L,-1539.0791771924219,False
2018-04-12 10:00:00,2018-04-12 11:00:00,L,-1531.38378130646,False
2018-04-16 20:00:00,2018-04-17 03:00:00,L,-9.71723340228163,False
2018-04-18 19:00:00,2018-04-18 23:00:00,L,1212.0258713367498,True
2018-04-23 20:00:00,2018-04-24 00:00:00,S,499.8096957057455,True
2018-04-24 16:00:00,2018-04-24 17:00:00,S,-1532.2374540681287,False
2018-04-27 08:00:00,2018-04-27 10:00:00,S,-1524.576266797788,False
2018-04-27 12:00:00,2018-04-27 14:00:00,S,-1516.9533854637991,False
2018-04-30 16:00:00,2018-04-30 19:00:00,S,-1509.3686185364802,False
2018-05-04 12:00:00,2018-05-04 17:00:00,S,-1501.8217754437976,False
2018-05-07 11:00:00,2018-05-07 14:00:00,S,-1494.3126665665786,False
2018-05-08 16:00:00,2018-05-08 17:00:00,S,-1486.8411032337458,False
2018-05-09 14:00:00,2018-05-09 15:00:00,S,-1479.406897717577,False
2018-05-16 17:00:00,2018-05-16 22:00:00,S,1259.2241321078595,True
2018-05-17 13:00:00,2018-05-17 14:00:00,S,-1478.3059838895285,False
2018-05-17 18:00:00,2018-05-17 23:00:00,S,286.4001905591701,True
2018-05-18 15:00:00,2018-05-18 19:00:00,S,-1472.3464549228765,False
2018-05-21 13:00:00,2018-05-21 15:00:00,S,-1464.984722648262,False
2018-06-01 07:00:00,2018-06-01 11:00:00,S,1559.9109676266808,True
2018-06-04 13:00:00,2018-06-04 15:00:00,S,2232.010138046301,True
2018-06-05 10:00:00,2018-06-05 12:00:00,S,1951.916327848912,True
2018-06-05 13:00:00,2018-06-05 16:00:00,S,-1486.3789862026301,False
2018-06-12 09:00:00,2018-06-12 12:00:00,S,-161.23697133878508,False
2018-06-12 22:00:00,2018-06-13 01:00:00,S,1319.4075823976932,True
2018-06-14 16:00:00,2018-06-14 17:00:00,L,-1484.7379443269112,False
2018-06-20 15:00:00,2018-06-20 18:00:00,S,4556.93858030385,True
2018-06-21 15:00:00,2018-06-21 22:00:00,S,-383.19335050956937,False
2018-06-22 07:00:00,2018-06-22 10:00:00,S,1119.3382430043598,True
2018-06-22 20:00:00,2018-06-24 22:00:00,S,-1503.77967196927,False
2018-06-25 10:00:00,2018-06-25 12:00:00,S,47.02500928843899,True
2018-06-25 19:00:00,2018-06-25 23:00:00,S,1976.589238424605,True
2018-06-26 15:00:00,2018-06-26 16:00:00,S,-1506.378844847989,False
2018-06-27 07:00:00,2018-06-27 12:00:00,S,-1498.8469506237493,False
2018-06-28 10:00:00,2018-06-28 12:00:00,S,-378.4749014286691,False
2018-06-29 16:00:00,2018-06-29 17:00:00,S,-1489.4603413634873,False
2018-07-02 12:00:00,2018-07-02 19:00:00,S,13347.061147864575,True
2018-07-03 07:00:00,2018-07-03 08:00:00,S,-1548.7483453959926,False
2018-07-10 13:00:00,2018-07-10 16:00:00,S,-1541.0046036690126,False
2018-07-11 08:00:00,2018-07-11 12:00:00,S,4958.421117898418,True
2018-07-11 13:00:00,2018-07-11 15:00:00,S,3740.066320000722,True
2018-07-12 09:00:00,2018-07-12 11:00:00,S,3224.904006946086,True
2018-07-12 17:00:00,2018-07-12 19:00:00,S,846.4364964430262,True
2018-07-16 18:00:00,2018-07-16 20:00:00,S,-1201.5319598579995,False
2018-07-17 07:00:00,2018-07-17 08:00:00,S,-1591.1410605578185,False
2018-07-18 15:00:00,2018-07-18 16:00:00,S,-1583.1853552550297,False
2018-07-19 15:00:00,2018-07-19 17:00:00,S,1184.6763762808177,True
2018-07-19 20:00:00,2018-07-20 02:00:00,S,4009.441014509834,True
2018-07-20 07:00:00,2018-07-20 13:00:00,S,-1601.2400154327079,False
2018-07-20 16:00:00,2018-07-20 17:00:00,S,-1593.2338153555443,False
2018-07-24 08:00:00,2018-07-24 10:00:00,S,-1585.2676462787667,False
2018-07-24 15:00:00,2018-07-24 18:00:00,S,2696.350793845472,True
2018-07-26 12:00:00,2018-07-26 15:00:00,S,2114.31990839868,True
2018-07-27 13:00:00,2018-07-27 14:00:00,S,-1601.3946615585935,False
2018-08-01 18:00:00,2018-08-01 23:00:00,S,2948.0190354019946,True
2018-08-03 10:00:00,2018-08-03 11:00:00,S,-1608.1277834278103,False
2018-08-06 18:00:00,2018-08-06 20:00:00,S,2182.827819747558,True
2018-08-14 09:00:00,2018-08-14 11:00:00,S,-1611.001283609409,False
2018-08-14 12:00:00,2018-08-14 13:00:00,S,-1602.946277191362,False
2018-08-16 09:00:00,2018-08-16 11:00:00,S,1375.291656380875,True
2018-08-16 14:00:00,2018-08-16 16:00:00,S,559.0399202085125,True
2018-08-17 08:00:00,2018-08-17 10:00:00,S,351.187866229348,True
2018-08-17 15:00:00,2018-08-17 18:00:00,S,1513.4624114899098,True
2018-08-17 19:00:00,2018-08-17 20:00:00,S,-1613.9264550769483,False
2018-08-23 12:00:00,2018-08-23 13:00:00,S,-1605.8568228015636,False
2018-08-27 18:00:00,2018-08-27 20:00:00,L,2287.9616695550653,True
2018-08-30 14:00:00,2018-08-30 15:00:00,S,-1609.2673470353309,False
2018-08-30 22:00:00,2018-08-31 01:00:00,S,1508.9056245189947,True
2018-09-04 20:00:00,2018-09-04 23:00:00,S,1702.4136842402295,True
2018-09-05 10:00:00,2018-09-05 14:00:00,S,-1617.2776068439505,False
2018-09-05 23:00:00,2018-09-06 01:00:00,S,-1609.1912188097306,False
2018-09-07 20:00:00,2018-09-09 23:00:00,S,1410.7712126185174,True
2018-09-10 08:00:00,2018-09-10 10:00:00,S,1468.9344624138796,True
2018-09-10 15:00:00,2018-09-10 18:00:00,S,1806.0709452375845,True
2018-09-11 16:00:00,2018-09-11 17:00:00,S,-1624.5741458170316,False
2018-09-19 18:00:00,2018-09-19 20:00:00,L,1135.3097734444068,True
2018-09-20 08:00:00,2018-09-20 13:00:00,L,8499.1981011629,True
2018-09-20 17:00:00,2018-09-20 19:00:00,L,1173.5516487732693,True
2018-09-21 19:00:00,2018-09-24 00:00:00,S,-942.9513812398325,False
2018-09-24 11:00:00,2018-09-24 12:00:00,S,-1665.7768157986504,False
2018-09-27 22:00:00,2018-09-28 00:00:00,S,-1017.1834094047117,False
2018-09-28 10:00:00,2018-09-28 13:00:00,S,-1652.3620146726337,False
2018-09-28 16:00:00,2018-09-28 18:00:00,S,-100.12353461732529,False
2018-10-01 14:00:00,2018-10-01 17:00:00,S,-1643.599586926184,False
2018-10-01 18:00:00,2018-10-01 19:00:00,S,-1635.3815889915531,False
2018-10-02 19:00:00,2018-10-02 22:00:00,L,731.1204829084802,True
2018-10-04 19:00:00,2018-10-04 22:00:00,L,953.1811637791429,True
2018-10-05 16:00:00,2018-10-05 19:00:00,L,3129.6319745847436,True
2018-10-08 12:00:00,2018-10-08 13:00:00,S,8256.371745764787,True
2018-10-08 18:00:00,2018-10-08 19:00:00,S,-1692.5562078817816,False
2018-10-09 16:00:00,2018-10-09 18:00:00,S,1875.6773211685272,True
2018-10-09 19:00:00,2018-10-10 01:00:00,S,-1398.8725373674151,False
2018-10-10 07:00:00,2018-10-10 10:00:00,S,6101.986782359421,True
2018-10-10 15:00:00,2018-10-10 16:00:00,S,-1716.9873846731755,False
2018-10-12 13:00:00,2018-10-12 14:00:00,L,-1708.4024477498097,False
2018-10-12 16:00:00,2018-10-12 17:00:00,L,-1699.8604355110606,False
2018-10-12 20:00:00,2018-10-14 23:00:00,L,1150.425628986318,True
2018-10-15 18:00:00,2018-10-15 22:00:00,L,1592.7427358687112,True
2018-10-16 17:00:00,2018-10-16 20:00:00,L,-1705.0769751577807,False
2018-10-17 15:00:00,2018-10-17 16:00:00,L,-1696.5515902819918,False
2018-10-17 17:00:00,2018-10-17 18:00:00,L,-1688.068832330582,False
2018-10-18 13:00:00,2018-10-18 15:00:00,L,8398.142440844644,True
2018-10-18 20:00:00,2018-10-19 02:00:00,L,3306.677608770108,True
2018-10-19 11:00:00,2018-10-19 13:00:00,L,1265.1634219326218,True
2018-10-19 15:00:00,2018-10-19 17:00:00,L,-1744.4784055266655,False
2018-10-23 15:00:00,2018-10-23 18:00:00,L,1100.3416861886644,True
2018-10-23 19:00:00,2018-10-23 23:00:00,L,1501.8700761129555,True
2018-10-24 11:00:00,2018-10-24 16:00:00,L,-1748.7670723105402,False
2018-10-24 18:00:00,2018-10-24 23:00:00,L,3615.6968782324516,True
2018-10-25 09:00:00,2018-10-25 11:00:00,L,420.8610640657068,True
2018-10-25 12:00:00,2018-10-25 15:00:00,L,-1760.2060266604785,False
2018-10-25 16:00:00,2018-10-25 18:00:00,L,-1751.404996527176,False
2018-10-26 07:00:00,2018-10-26 08:00:00,L,8713.239857722701,True
2018-10-26 17:00:00,2018-10-26 20:00:00,L,120.85625006874923,True
2018-10-31 11:00:00,2018-10-31 13:00:00,S,2424.277124156452,True
2018-11-02 15:00:00,2018-11-02 18:00:00,L,159.97737173515702,True
2018-11-05 13:00:00,2018-11-05 18:00:00,L,2054.325247443688,True
2018-11-06 14:00:00,2018-11-06 17:00:00,L,-1810.0113508001741,False
2018-11-07 07:00:00,2018-11-07 11:00:00,L,7523.764327009446,True
2018-11-09 09:00:00,2018-11-09 12:00:00,S,2988.8765124277115,True
2018-11-13 15:00:00,2018-11-13 16:00:00,S,-1853.524498243359,False
2018-11-16 14:00:00,2018-11-16 18:00:00,L,-1844.2568757521422,False
2018-11-22 15:00:00,2018-11-22 17:00:00,L,-1835.0355913733817,False
2018-11-23 07:00:00,2018-11-23 08:00:00,L,-1825.8604134165146,False
2018-11-26 11:00:00,2018-11-26 15:00:00,L,-1816.731111349432,False
2018-11-29 12:00:00,2018-11-29 14:00:00,L,112.95735876942594,True
2018-11-30 08:00:00,2018-11-30 09:00:00,L,-1808.212242586532,False
2018-11-30 13:00:00,2018-11-30 15:00:00,L,-1799.1711813735994,False
2018-12-04 16:00:00,2018-12-04 23:00:00,L,1390.089711685657,True
2018-12-05 09:00:00,2018-12-05 16:00:00,L,3032.509994031059,True
2018-12-05 19:00:00,2018-12-05 21:00:00,L,1282.1084751564551,True
2018-12-06 08:00:00,2018-12-06 10:00:00,L,4701.641654330096,True
2018-12-06 20:00:00,2018-12-06 23:00:00,L,1093.6677916364767,True
2018-12-10 07:00:00,2018-12-10 09:00:00,L,-1847.6754136009301,False
2018-12-10 19:00:00,2018-12-10 21:00:00,L,2143.3297361672726,True
2018-12-11 07:00:00,2018-12-11 09:00:00,L,5591.002844275641,True
2018-12-11 15:00:00,2018-12-11 16:00:00,L,-1877.1086994351401,False
2018-12-12 19:00:00,2018-12-12 21:00:00,L,2428.817950888921,True
2018-12-18 07:00:00,2018-12-18 11:00:00,L,7423.510502333759,True
2018-12-18 15:00:00,2018-12-18 19:00:00,L,4352.030424103434,True
2018-12-19 12:00:00,2018-12-19 13:00:00,L,-1938.744950324595,False
2018-12-21 12:00:00,2018-12-21 14:00:00,L,939.378867147323,True
2018-12-21 16:00:00,2018-12-21 17:00:00,L,-1933.7481199087088,False
2018-12-24 10:00:00,2018-12-24 11:00:00,L,-1924.079379309165,False
2018-12-26 14:00:00,2018-12-26 18:00:00,L,-1914.4589824126192,False
2018-12-26 19:00:00,2018-12-27 02:00:00,L,3530.7561305140302,True
2018-12-27 20:00:00,2018-12-27 23:00:00,L,-955.6564126735399,False
2018-12-28 10:00:00,2018-12-28 13:00:00,L,784.5307317329843,True
2018-12-31 14:00:00,2018-12-31 15:00:00,L,-1921.6848397484232,False
2019-01-02 12:00:00,2019-01-02 15:00:00,L,-1912.076415549681,False
2019-01-02 18:00:00,2019-01-02 19:00:00,L,-1902.5160334719328,False
2019-01-04 14:00:00,2019-01-04 15:00:00,L,-1893.0034533045732,False
2019-01-04 19:00:00,2019-01-06 23:00:00,L,1871.1705400410576,True
2019-01-07 16:00:00,2019-01-07 17:00:00,L,-1892.8942887382557,False
2019-01-10 10:00:00,2019-01-10 12:00:00,L,163.3920234731829,True
2019-01-10 16:00:00,2019-01-10 17:00:00,L,-1884.2467774119302,False
2019-01-11 10:00:00,2019-01-11 14:00:00,L,-1874.8255435248702,False
2019-01-11 15:00:00,2019-01-11 17:00:00,L,1193.9887357663224,True
2019-01-11 21:00:00,2019-01-14 00:00:00,L,-330.83713500196995,False
2019-01-14 16:00:00,2019-01-14 21:00:00,L,1762.8471571057908,True
2019-01-15 09:00:00,2019-01-15 11:00:00,L,281.74505795294,True
2019-01-15 16:00:00,2019-01-15 17:00:00,L,-1879.9901348863616,False
2019-01-16 19:00:00,2019-01-16 23:00:00,L,1351.5502365108107,True
2019-01-28 09:00:00,2019-01-28 12:00:00,L,-1434.502903184818,False
2019-01-28 14:00:00,2019-01-28 18:00:00,L,5726.87547034577,True
2019-01-30 13:00:00,2019-01-30 14:00:00,L,-1898.8097982302888,False
2019-01-31 15:00:00,2019-01-31 16:00:00,L,-1889.3157492391372,False
2019-02-01 08:00:00,2019-02-01 13:00:00,L,9399.345852464709,True
2019-02-01 17:00:00,2019-02-01 19:00:00,L,1509.073642383007,True
2019-02-05 09:00:00,2019-02-05 14:00:00,L,4710.417231030763,True
2019-02-06 08:00:00,2019-02-06 11:00:00,L,-1957.963354122334,False
2019-02-13 12:00:00,2019-02-13 14:00:00,L,-1948.1735373517222,False
2019-02-15 15:00:00,2019-02-15 16:00:00,L,-1938.4326696649637,False
2019-02-18 07:00:00,2019-02-18 08:00:00,L,-1928.7405063166389,False
2019-02-19 00:00:00,2019-02-19 01:00:00,L,-1919.0968037850555,False
2019-02-21 07:00:00,2019-02-21 09:00:00,L,-1909.50131976613,False
2019-02-21 10:00:00,2019-02-21 14:00:00,L,2484.486168443761,True
2019-02-21 15:00:00,2019-02-21 17:00:00,L,-1912.3762440095184,False
2019-02-25 10:00:00,2019-02-25 13:00:00,L,959.3553102920021,True
2019-02-28 07:00:00,2019-02-28 08:00:00,S,-1907.6111393409308,False
2019-03-01 13:00:00,2019-03-01 14:00:00,S,-1898.0730836442262,False
2019-03-01 15:00:00,2019-03-01 17:00:00,S,7682.001600356608,True
2019-03-04 17:00:00,2019-03-04 21:00:00,S,2953.5153747597774,True
2019-03-05 13:00:00,2019-03-05 19:00:00,S,42.275852238759235,True
2019-03-05 20:00:00,2019-03-05 21:00:00,S,-1941.971682362781,False
2019-03-06 13:00:00,2019-03-06 18:00:00,S,868.7182130053617,True
2019-03-07 09:00:00,2019-03-07 12:00:00,S,-190.35217533863832,False
2019-03-13 16:00:00,2019-03-13 18:00:00,L,1183.1712349356878,True
2019-03-19 16:00:00,2019-03-19 17:00:00,L,-1941.5695103139788,False
2019-03-19 20:00:00,2019-03-19 23:00:00,L,-1931.861662762409,False
2019-03-20 10:00:00,2019-03-20 14:00:00,L,5616.165291152414,True
2019-03-20 18:00:00,2019-03-20 20:00:00,L,9751.415904521797,True
2019-03-21 14:00:00,2019-03-21 15:00:00,L,-1999.040260426968,False
2019-03-29 10:00:00,2019-03-29 14:00:00,S,-1989.045059124833,False
2019-04-01 10:00:00,2019-04-01 18:00:00,S,3187.2698969540866,True
2019-04-02 10:00:00,2019-04-02 11:00:00,S,-1995.036183313979,False
2019-04-02 13:00:00,2019-04-02 14:00:00,S,-1985.0610023974093,False
2019-04-02 19:00:00,2019-04-02 20:00:00,S,-1975.1356973854222,False
2019-04-03 11:00:00,2019-04-03 12:00:00,S,-1965.2600188984952,False
2019-04-03 17:00:00,2019-04-03 19:00:00,S,1537.566586190067,True
2019-04-04 15:00:00,2019-04-04 16:00:00,S,-1963.121551734953,False
2019-04-05 09:00:00,2019-04-05 10:00:00,S,-1953.305943976278,False
2019-04-05 14:00:00,2019-04-05 15:00:00,S,-1943.5394142563966,False
2019-04-09 19:00:00,2019-04-09 22:00:00,L,-330.1237931660661,False
2019-04-10 19:00:00,2019-04-11 00:00:00,L,334.231063264716,True
2019-04-11 11:00:00,2019-04-11 13:00:00,S,9669.21126767804,True
2019-04-15 16:00:00,2019-04-15 18:00:00,S,624.8217656285013,True
2019-04-16 08:00:00,2019-04-16 10:00:00,S,2497.2743470844803,True
2019-04-18 09:00:00,2019-04-18 11:00:00,S,-1997.7987904375632,False
2019-04-18 12:00:00,2019-04-18 16:00:00,S,4147.661609148732,True
2019-04-22 01:00:00,2019-04-22 02:00:00,S,-2008.548104531119,False
2019-04-22 11:00:00,2019-04-22 13:00:00,S,9992.526820042316,True
2019-04-23 17:00:00,2019-04-23 22:00:00,S,694.737492705675,True
2019-04-24 07:00:00,2019-04-24 09:00:00,S,-2051.9416855722034,False
2019-04-24 16:00:00,2019-04-24 18:00:00,S,179.8914890131971,True
2019-05-02 17:00:00,2019-05-02 18:00:00,S,-2042.5814345894082,False
2019-05-02 19:00:00,2019-05-02 23:00:00,S,963.7812663468941,True
2019-05-03 12:00:00,2019-05-03 14:00:00,S,-2037.1874337481959,False
2019-05-10 08:00:00,2019-05-10 12:00:00,L,1787.3758046597482,True
2019-05-13 22:00:00,2019-05-14 02:00:00,L,-1814.9231184750015,False
2019-05-14 09:00:00,2019-05-14 11:00:00,L,-2026.8637600103784,False
2019-05-14 15:00:00,2019-05-14 20:00:00,L,1725.0214912419858,True
2019-05-15 20:00:00,2019-05-15 23:00:00,L,1180.5120498699516,True
2019-05-20 12:00:00,2019-05-20 14:00:00,S,-2031.257108915886,False
2019-05-20 15:00:00,2019-05-20 17:00:00,S,3232.4507376312536,True
2019-05-20 20:00:00,2019-05-20 23:00:00,S,606.7034670624367,True
2019-05-21 16:00:00,2019-05-21 18:00:00,S,-1417.377460335676,False
2019-05-22 11:00:00,2019-05-22 12:00:00,S,-2033.2097070930965,False
2019-05-23 12:00:00,2019-05-23 15:00:00,S,-2023.0436585576313,False
2019-05-27 08:00:00,2019-05-27 11:00:00,L,877.5723534832608,True
2019-05-27 15:00:00,2019-05-28 01:00:00,L,-2017.3163020322593,False
2019-05-28 20:00:00,2019-05-29 00:00:00,S,-557.0776322825785,False
2019-06-04 11:00:00,2019-06-04 12:00:00,L,-2004.444332360685,False
2019-06-04 16:00:00,2019-06-04 20:00:00,L,4141.485887701364,True
2019-06-05 16:00:00,2019-06-05 18:00:00,L,474.1935842257931,True
2019-06-06 20:00:00,2019-06-07 00:00:00,L,-2017.5005080585174,False
2019-06-14 17:00:00,2019-06-14 18:00:00,L,-2007.4130055182247,False
2019-06-17 19:00:00,2019-06-17 23:00:00,L,328.0026236046218,True
2019-06-18 16:00:00,2019-06-18 19:00:00,L,552.037799650473,True
2019-06-19 11:00:00,2019-06-19 13:00:00,L,122.3095242878986,True
2019-06-21 10:00:00,2019-06-21 13:00:00,L,4178.403777333683,True
2019-06-24 13:00:00,2019-06-24 16:00:00,L,7564.390183879929,True
2019-06-25 13:00:00,2019-06-25 16:00:00,L,2615.506934266703,True
2019-06-25 19:00:00,2019-06-25 23:00:00,L,-2074.17919470575,False
2019-06-26 12:00:00,2019-06-26 14:00:00,L,1644.0577849433719,True
2019-06-26 20:00:00,2019-06-27 02:00:00,L,-996.1193677336136,False
2019-06-27 13:00:00,2019-06-27 15:00:00,L,3852.4013449284507,True
2019-06-28 17:00:00,2019-06-28 19:00:00,L,1003.1099755955094,True
2019-07-03 11:00:00,2019-07-03 12:00:00,L,-2091.32554742089,False
2019-07-04 22:00:00,2019-07-05 00:00:00,L,5596.101641654415,True
2019-07-11 15:00:00,2019-07-11 17:00:00,L,1288.2975130855327,True
2019-07-12 10:00:00,2019-07-12 12:00:00,L,-2115.2909154574854,False
2019-07-18 09:00:00,2019-07-18 10:00:00,L,-2104.7144608801977,False
2019-07-18 13:00:00,2019-07-18 17:00:00,L,10470.954442878985,True
2019-07-19 14:00:00,2019-07-19 17:00:00,L,-2146.545660790192,False
2019-07-22 09:00:00,2019-07-22 14:00:00,L,3433.487835088712,True
2019-07-31 15:00:00,2019-07-31 17:00:00,L,-2152.9803716616843,False
2019-08-02 19:00:00,2019-08-02 20:00:00,L,-2142.2154698033764,False
2019-08-05 20:00:00,2019-08-06 01:00:00,L,6554.239151206349,True
2019-08-07 22:00:00,2019-08-08 01:00:00,L,-2164.275588210391,False
2019-08-08 07:00:00,2019-08-08 10:00:00,L,-577.3347920985224,False
2019-08-08 13:00:00,2019-08-08 18:00:00,L,6483.216420010134,True
2019-08-09 09:00:00,2019-08-09 11:00:00,L,713.0698993129586,True
2019-08-09 12:00:00,2019-08-09 13:00:00,L,-2186.548967905462,False
2019-08-09 14:00:00,2019-08-09 17:00:00,L,1985.687296534664,True
2019-08-11 23:00:00,2019-08-12 02:00:00,L,715.3143307201818,True
2019-08-12 13:00:00,2019-08-12 15:00:00,L,1254.9965444917166,True
2019-08-13 12:00:00,2019-08-13 14:00:00,L,-2195.396213924668,False
2019-08-14 07:00:00,2019-08-14 11:00:00,L,8832.768602204651,True
2019-08-14 22:00:00,2019-08-15 00:00:00,L,223.59194475213445,True
2019-08-15 09:00:00,2019-08-15 11:00:00,L,2862.510251939659,True
2019-08-16 08:00:00,2019-08-16 09:00:00,L,-2244.0135868495263,False
2019-08-16 15:00:00,2019-08-16 19:00:00,L,6387.812435641412,True
2019-08-26 09:00:00,2019-08-26 12:00:00,L,2786.5482825125987,True
2019-08-26 17:00:00,2019-08-26 20:00:00,L,-176.8389574211972,False
2019-08-27 12:00:00,2019-08-27 16:00:00,L,13773.505739413655,True
2019-08-28 13:00:00,2019-08-28 14:00:00,L,-2346.6486564160114,False
2019-08-29 09:00:00,2019-08-29 10:00:00,L,-2334.9154131339315,False
2019-08-29 16:00:00,2019-08-29 17:00:00,L,-2323.2408360682616,False
2019-09-03 11:00:00,2019-09-03 13:00:00,L,2975.9206732807816,True
2019-09-03 19:00:00,2019-09-04 02:00:00,L,-2326.504235254324,False
2019-09-04 12:00:00,2019-09-04 14:00:00,L,11574.358570390265,True
2019-09-05 08:00:00,2019-09-05 10:00:00,L,-1330.4884571424393,False
2019-09-09 10:00:00,2019-09-09 13:00:00,S,-2366.0910646442917,False
2019-09-10 07:00:00,2019-09-10 08:00:00,S,-2354.26060932107,False
2019-09-10 10:00:00,2019-09-10 12:00:00,S,3701.4476635476854,True
2019-09-10 15:00:00,2019-09-10 19:00:00,S,5082.286782412221,True
2019-09-11 16:00:00,2019-09-11 18:00:00,S,-1036.0348129125023,False
2019-09-11 19:00:00,2019-09-11 22:00:00,S,498.00813032417113,True
2019-09-17 09:00:00,2019-09-17 11:00:00,S,-1689.1293808004648,False
2019-09-20 10:00:00,2019-09-20 12:00:00,L,-2375.2721981873206,False
2019-09-24 13:00:00,2019-09-24 14:00:00,L,-2363.395837196384,False
2019-09-25 11:00:00,2019-09-25 15:00:00,L,-2351.578858010402,False
2019-09-27 17:00:00,2019-09-27 19:00:00,S,2401.850747158768,True
2019-09-30 20:00:00,2019-10-01 00:00:00,S,-197.2355863539892,False
2019-10-01 10:00:00,2019-10-01 11:00:00,S,-2350.844039524374,False
2019-10-01 17:00:00,2019-10-01 23:00:00,S,3256.15073474136,True
2019-10-02 08:00:00,2019-10-02 09:00:00,S,-2355.370573000459,False
2019-10-04 14:00:00,2019-10-04 15:00:00,L,11717.968600677284,True
2019-10-08 15:00:00,2019-10-08 17:00:00,L,-2402.183563138843,False
2019-10-09 09:00:00,2019-10-09 11:00:00,L,-2390.172645323149,False
2019-10-11 18:00:00,2019-10-11 20:00:00,S,-740.8440010870761,False
2019-10-14 09:00:00,2019-10-14 10:00:00,S,-2374.5175620910977,False
2019-10-14 18:00:00,2019-10-14 20:00:00,S,1355.238550237789,True
2019-10-15 19:00:00,2019-10-15 23:00:00,S,579.4741769660709,True
2019-10-16 20:00:00,2019-10-17 00:00:00,S,-669.3858160997361,False
2019-10-21 13:00:00,2019-10-21 15:00:00,S,11844.858044180812,True
2019-10-22 09:00:00,2019-10-22 11:00:00,S,829.4771928676779,True
2019-10-22 22:00:00,2019-10-22 23:00:00,S,-2432.343285021405,False
2019-10-24 10:00:00,2019-10-24 12:00:00,L,12100.907842981487,True
2019-10-25 12:00:00,2019-10-25 15:00:00,L,-2480.686107811205,False
2019-10-25 16:00:00,2019-10-25 17:00:00,L,-2468.282677272149,False
2019-10-28 18:00:00,2019-10-28 20:00:00,S,58.23105781918184,True
2019-10-29 16:00:00,2019-10-29 20:00:00,S,3734.306931453272,True
2019-11-01 11:00:00,2019-11-01 14:00:00,L,-2474.9039538321504,False
2019-11-01 15:00:00,2019-11-01 18:00:00,L,493.60120775402015,True
2019-11-04 15:00:00,2019-11-04 16:00:00,L,-2464.99744010176,False
2019-11-05 21:00:00,2019-11-06 04:00:00,S,-2452.672452901251,False
2019-11-06 09:00:00,2019-11-06 12:00:00,S,1543.633879759668,True
2019-11-06 14:00:00,2019-11-06 16:00:00,S,-2448.127260035543,False
2019-11-06 17:00:00,2019-11-06 20:00:00,S,2213.521181222974,True
2019-11-08 15:00:00,2019-11-08 17:00:00,S,1045.9144271006508,True
2019-11-11 09:00:00,2019-11-11 12:00:00,S,659.9392780943921,True
2019-11-12 10:00:00,2019-11-12 12:00:00,S,5604.317886620251,True
2019-11-12 15:00:00,2019-11-12 17:00:00,S,-2483.505087600556,False
2019-11-12 18:00:00,2019-11-12 19:00:00,S,-2471.0875621625532,False
2019-11-12 23:00:00,2019-11-13 01:00:00,S,-2458.732124351741,False
2019-11-13 11:00:00,2019-11-13 12:00:00,S,-2446.4384637299822,False
2019-11-13 16:00:00,2019-11-13 20:00:00,S,2556.6017902111307,True
2019-11-15 09:00:00,2019-11-15 12:00:00,S,-190.97241772610957,False
2019-11-15 18:00:00,2019-11-15 20:00:00,S,2476.7925904693057,True
2019-11-21 17:00:00,2019-11-21 20:00:00,S,6856.234322058799,True
2019-11-26 12:00:00,2019-11-26 15:00:00,S,6058.4319227164815,True
2019-11-26 16:00:00,2019-11-26 18:00:00,S,-2292.0155884990377,False
2019-11-26 19:00:00,2019-11-26 21:00:00,S,-611.0426473347997,False
2019-11-27 07:00:00,2019-11-27 12:00:00,S,2402.7362419046194,True
2019-11-28 08:00:00,2019-11-28 11:00:00,S,-1736.8313002716193,False
2019-12-02 07:00:00,2019-12-02 08:00:00,S,12559.02972989488,True
2019-12-04 12:00:00,2019-12-04 14:00:00,L,3410.9810798286467,True
2019-12-04 15:00:00,2019-12-04 17:00:00,L,-2591.6560000275936,False
2019-12-05 12:00:00,2019-12-05 15:00:00,L,3440.9737157261056,True
2019-12-05 19:00:00,2019-12-05 21:00:00,L,-930.4397108474695,False
2019-12-09 11:00:00,2019-12-09 13:00:00,S,-2591.2503900518486,False
2019-12-10 20:00:00,2019-12-11 01:00:00,S,2734.2079095474014,True
2019-12-11 20:00:00,2019-12-11 23:00:00,L,-2591.965177649326,False
2019-12-12 13:00:00,2019-12-12 15:00:00,S,12895.026758805398,True
2019-12-13 15:00:00,2019-12-13 18:00:00,L,1866.9280111409307,True
2019-12-16 14:00:00,2019-12-16 15:00:00,L,-2652.815125610811,False
2019-12-16 17:00:00,2019-12-16 19:00:00,L,2128.3629341784203,True
2019-12-17 15:00:00,2019-12-17 20:00:00,L,-2196.6212182534255,False
2019-12-20 19:00:00,2019-12-22 23:00:00,L,2742.64996188407,True
2019-12-23 13:00:00,2019-12-23 15:00:00,L,1980.5066893000885,True
2019-12-24 13:00:00,2019-12-24 16:00:00,L,13314.127709091514,True
2019-12-30 07:00:00,2019-12-30 10:00:00,L,-2729.3961803637603,False
2019-12-30 13:00:00,2019-12-30 18:00:00,L,6545.247791486544,True
2019-12-31 11:00:00,2019-12-31 12:00:00,L,-2748.4754384193743,False
2019-12-31 19:00:00,2019-12-31 20:00:00,L,-2734.7330612272776,False
2020-01-03 20:00:00,2020-01-05 23:00:00,L,13605.296979605708,True
2020-01-06 15:00:00,2020-01-06 16:00:00,L,-2789.0858808191697,False
2020-01-08 08:00:00,2020-01-08 10:00:00,L,-2775.140451415074,False
2020-01-17 10:00:00,2020-01-17 13:00:00,L,7789.976237272153,True
2020-01-17 14:00:00,2020-01-17 17:00:00,L,4335.705191479841,True
2020-01-20 10:00:00,2020-01-20 15:00:00,L,-725.6058154248843,False
2020-01-21 07:00:00,2020-01-21 08:00:00,L,-2818.265127224634,False
2020-01-24 08:00:00,2020-01-24 10:00:00,L,3378.0213130959687,True
2020-01-24 12:00:00,2020-01-24 13:00:00,L,-2821.0639081539907,False
2020-01-27 08:00:00,2020-01-27 12:00:00,L,7280.032549974479,True
2020-01-27 14:00:00,2020-01-27 17:00:00,L,-2843.3587513630932,False
2020-01-28 14:00:00,2020-01-28 16:00:00,L,-2829.1419576062776,False
2020-01-29 23:00:00,2020-01-30 01:00:00,L,1877.9459490219356,True
2020-01-30 15:00:00,2020-01-30 18:00:00,L,9777.036586102771,True
2020-01-31 13:00:00,2020-01-31 16:00:00,L,17128.908310806848,True
2020-02-04 13:00:00,2020-02-04 15:00:00,S,12268.673181682187,True
2020-02-07 14:00:00,2020-02-07 15:00:00,L,-3020.259067956315,False
2020-02-07 16:00:00,2020-02-07 19:00:00,L,8176.781474180643,True
2020-02-10 10:00:00,2020-02-10 12:00:00,L,-3046.0416799874365,False
2020-02-10 21:00:00,2020-02-11 01:00:00,L,-3030.8114715874995,False
2020-02-14 13:00:00,2020-02-14 16:00:00,L,15078.287071147808,True
2020-02-17 09:00:00,2020-02-17 11:00:00,L,166.45339086894313,True
2020-02-18 01:00:00,2020-02-18 11:00:00,L,2432.552190705925,True
2020-02-18 15:00:00,2020-02-18 16:00:00,L,15520.219387465877,True
2020-02-18 20:00:00,2020-02-19 00:00:00,L,-1165.7565023191128,False
2020-02-19 15:00:00,2020-02-19 19:00:00,L,8639.057893787522,True
2020-02-24 12:00:00,2020-02-24 14:00:00,L,-3219.0114813878463,False
2020-02-24 17:00:00,2020-02-24 19:00:00,L,-341.08144735525354,False
2020-02-25 17:00:00,2020-02-25 19:00:00,L,-583.6374308057007,False
2020-02-26 14:00:00,2020-02-26 16:00:00,L,3943.8144652059786,True
2020-02-27 18:00:00,2020-02-27 20:00:00,L,590.2068511058949,True
2020-02-28 09:00:00,2020-02-28 12:00:00,S,3886.152292842178,True
2020-02-28 15:00:00,2020-02-28 17:00:00,S,10183.71500503862,True
2020-03-04 09:00:00,2020-03-04 11:00:00,L,4737.220437943657,True
2020-03-04 21:00:00,2020-03-05 02:00:00,L,-614.6272056405888,False
2020-03-05 08:00:00,2020-03-05 11:00:00,L,11999.081480791217,True
2020-03-06 15:00:00,2020-03-06 16:00:00,L,-3371.920646226538,False
2020-03-09 14:00:00,2020-03-09 16:00:00,L,-3156.3831282330084,False
2020-03-12 09:00:00,2020-03-12 12:00:00,S,6567.324869701026,True
2020-03-13 13:00:00,2020-03-13 15:00:00,S,16860.578758513726,True
2020-03-16 15:00:00,2020-03-16 16:00:00,S,-3456.4186454953137,False
2020-03-17 13:00:00,2020-03-17 14:00:00,S,-3439.136552267837,False
2020-03-18 12:00:00,2020-03-18 14:00:00,S,3157.3569126496627,True
2020-03-19 00:00:00,2020-03-19 02:00:00,S,4841.944130748981,True
2020-03-19 07:00:00,2020-03-19 11:00:00,S,6742.883695455511,True
2020-03-20 10:00:00,2020-03-20 13:00:00,S,8384.972625966639,True
2020-03-25 09:00:00,2020-03-25 15:00:00,L,2100.1158078541225,True
2020-03-25 19:00:00,2020-03-25 23:00:00,L,266.248721321228,True
2020-03-26 22:00:00,2020-03-26 23:00:00,L,-3549.408478976479,False
2020-03-27 09:00:00,2020-03-27 14:00:00,L,3596.1832059434614,True
2020-03-30 08:00:00,2020-03-30 11:00:00,L,6045.682658859886,True
2020-03-30 12:00:00,2020-03-30 14:00:00,L,1523.6207349217273,True
2020-03-30 20:00:00,2020-03-30 22:00:00,L,-3587.488869580222,False
2020-04-03 13:00:00,2020-04-03 16:00:00,L,5171.837708738145,True
2020-04-07 15:00:00,2020-04-07 17:00:00,L,-3595.410613776012,False
2020-04-07 19:00:00,2020-04-08 04:00:00,L,1929.5478424573923,True
2020-04-08 11:00:00,2020-04-08 12:00:00,L,-3587.0812999194186,False
2020-04-14 07:00:00,2020-04-14 09:00:00,L,6473.359970968593,True
2020-04-14 19:00:00,2020-04-14 23:00:00,L,-3601.5126932746643,False
2020-04-15 09:00:00,2020-04-15 11:00:00,L,7445.2478543690695,True
2020-04-15 16:00:00,2020-04-15 23:00:00,L,1912.0848150850754,True
2020-04-16 13:00:00,2020-04-16 15:00:00,L,459.47710221551597,True
2020-04-16 17:00:00,2020-04-17 00:00:00,L,2108.272871065294,True
2020-04-23 19:00:00,2020-04-23 23:00:00,L,174.7553395517891,True
2020-04-24 15:00:00,2020-04-24 16:00:00,L,-3644.004319719725,False
2020-04-27 13:00:00,2020-04-27 14:00:00,L,-3625.7842981211265,False
2020-04-29 17:00:00,2020-04-29 19:00:00,L,4706.165514183048,True
2020-04-30 10:00:00,2020-04-30 11:00:00,L,-3631.186204201436,False
2020-05-04 12:00:00,2020-05-04 13:00:00,L,-3613.030273180429,False
2020-05-12 07:00:00,2020-05-12 11:00:00,L,6079.457532891512,True
2020-05-15 12:00:00,2020-05-15 15:00:00,L,13589.298084407003,True
2020-05-18 14:00:00,2020-05-18 15:00:00,L,-3693.3088999010192,False
2020-05-18 16:00:00,2020-05-18 22:00:00,L,-1904.8674942699454,False
2020-05-27 18:00:00,2020-05-28 00:00:00,S,2404.2295063960564,True
2020-05-28 12:00:00,2020-05-28 15:00:00,L,1241.431573897412,True
2020-05-31 22:00:00,2020-06-01 02:00:00,L,233.52798268453373,True
2020-06-01 13:00:00,2020-06-01 14:00:00,L,-3684.7139632450544,False
2020-06-02 08:00:00,2020-06-02 13:00:00,L,9766.210840118074,True
2020-06-04 13:00:00,2020-06-04 16:00:00,S,3730.6716877259355,True
2020-06-05 17:00:00,2020-06-05 19:00:00,S,-417.1811102642938,False
2020-06-08 18:00:00,2020-06-09 01:00:00,S,-3731.688900516728,False
2020-06-09 19:00:00,2020-06-10 00:00:00,L,192.44146296489916,True
2020-06-10 15:00:00,2020-06-10 16:00:00,L,-3713.992663328969,False
2020-06-10 17:00:00,2020-06-10 18:00:00,L,-3695.422700012324,False
2020-06-11 12:00:00,2020-06-11 15:00:00,L,18384.727932561313,True
2020-06-11 17:00:00,2020-06-11 19:00:00,L,-3768.869226175069,False
2020-06-12 18:00:00,2020-06-12 20:00:00,L,-1906.925699109604,False
2020-06-22 07:00:00,2020-06-22 08:00:00,L,-3740.490251548646,False
2020-06-23 08:00:00,2020-06-23 10:00:00,L,2607.970458402781,True
2020-06-24 15:00:00,2020-06-24 18:00:00,L,-3734.827652582917,False
2020-06-25 11:00:00,2020-06-25 12:00:00,L,-3716.153514320002,False
2020-06-26 11:00:00,2020-06-26 13:00:00,L,-3697.572746748402,False
2020-06-26 14:00:00,2020-06-26 15:00:00,L,18395.4244150733,True
2020-06-29 07:00:00,2020-06-29 08:00:00,L,-3771.0620050900266,False
2020-06-30 10:00:00,2020-06-30 13:00:00,L,-3752.2066950645763,False
2020-07-01 11:00:00,2020-07-01 12:00:00,L,-3733.4456615892536,False
2020-07-02 13:00:00,2020-07-02 14:00:00,L,18573.892166406535,True
2020-07-02 20:00:00,2020-07-02 23:00:00,L,289.309552660642,True
2020-07-07 11:00:00,2020-07-07 13:00:00,L,4932.038368964179,True
2020-07-08 20:00:00,2020-07-09 01:00:00,L,-3833.7546337214644,False
2020-07-09 12:00:00,2020-07-09 15:00:00,L,-3103.4415490996207,False
2020-07-09 17:00:00,2020-07-09 22:00:00,L,3079.4885709633813,True
2020-07-10 14:00:00,2020-07-10 16:00:00,L,-3814.466095662176,False
2020-07-14 11:00:00,2020-07-14 14:00:00,L,10780.186855192465,True
2020-07-15 08:00:00,2020-07-15 10:00:00,L,-3849.294699459827,False
2020-07-15 11:00:00,2020-07-15 12:00:00,L,-3830.048225962528,False
2020-07-15 14:00:00,2020-07-15 18:00:00,L,11180.32943320565,True
2020-07-23 13:00:00,2020-07-23 14:00:00,L,19333.998159993716,True
2020-07-24 18:00:00,2020-07-24 20:00:00,L,3580.9946397558983,True
2020-07-27 17:00:00,2020-07-27 20:00:00,L,3644.3071098180058,True
2020-07-29 14:00:00,2020-07-29 16:00:00,L,4461.408151484792,True
2020-07-30 15:00:00,2020-07-30 18:00:00,L,7504.722697418253,True
2020-08-03 07:00:00,2020-08-03 09:00:00,L,882.0755557603032,True
2020-08-03 11:00:00,2020-08-03 13:00:00,L,-4063.837163569898,False
2020-08-03 14:00:00,2020-08-03 16:00:00,L,4655.629532214124,True
2020-08-04 11:00:00,2020-08-04 12:00:00,L,-4066.7961254131196,False
2020-08-05 17:00:00,2020-08-05 20:00:00,L,3604.926395279598,True
2020-08-06 08:00:00,2020-08-06 10:00:00,L,5645.3787919700235,True
2020-08-06 18:00:00,2020-08-06 20:00:00,L,6177.981445001075,True
2020-08-07 12:00:00,2020-08-07 14:00:00,L,-4123.603577947307,False
2020-08-07 18:00:00,2020-08-07 20:00:00,L,4862.533324037052,True
2020-08-10 07:00:00,2020-08-10 10:00:00,L,121.49452659946412,True
2020-08-10 16:00:00,2020-08-10 19:00:00,L,-4127.905699310752,False
2020-08-12 07:00:00,2020-08-12 08:00:00,S,-4107.2661708141995,False
2020-08-12 15:00:00,2020-08-12 17:00:00,S,312.51108601231084,True
2020-08-18 14:00:00,2020-08-18 17:00:00,L,1271.239033447054,True
2020-08-24 09:00:00,2020-08-24 10:00:00,S,-4094.648590557425,False
2020-08-25 08:00:00,2020-08-25 10:00:00,S,14155.827564460242,True
2020-08-26 00:00:00,2020-08-26 04:00:00,S,4782.353243559696,True
2020-08-28 19:00:00,2020-08-28 20:00:00,L,-4168.8662516447375,False
2020-08-31 07:00:00,2020-08-31 08:00:00,L,-4148.021920386514,False
2020-08-31 16:00:00,2020-08-31 19:00:00,L,1966.318829426945,True
2020-08-31 20:00:00,2020-09-01 13:00:00,L,20685.56702465858,True
2020-09-01 19:00:00,2020-09-02 05:00:00,L,-2534.106876765472,False
2020-09-02 20:00:00,2020-09-03 01:00:00,S,-839.7917484799635,False
2020-09-03 12:00:00,2020-09-03 13:00:00,S,-4223.671746928781,False
2020-09-04 09:00:00,2020-09-04 11:00:00,S,1733.6539891828158,True
2020-09-04 17:00:00,2020-09-04 18:00:00,S,-4211.221658140052,False
2020-09-07 13:00:00,2020-09-07 22:00:00,S,-609.6431903530912,False
2020-09-08 17:00:00,2020-09-08 19:00:00,S,6627.975083983383,True
2020-09-10 08:00:00,2020-09-10 11:00:00,L,9502.718316497094,True
2020-09-10 17:00:00,2020-09-10 19:00:00,L,-4267.770800899988,False
2020-09-10 20:00:00,2020-09-10 23:00:00,L,2997.684139582479,True
2020-09-14 07:00:00,2020-09-14 09:00:00,L,2436.448196945288,True
2020-09-14 18:00:00,2020-09-14 23:00:00,L,3518.172281061889,True
2020-09-15 09:00:00,2020-09-15 11:00:00,L,13194.694850453034,True
2020-09-15 14:00:00,2020-09-15 19:00:00,L,348.3392138941081,True
2020-09-16 13:00:00,2020-09-16 14:00:00,L,-4358.9086403051715,False
2020-09-16 20:00:00,2020-09-17 00:00:00,L,1980.67552599247,True
2020-09-21 19:00:00,2020-09-21 23:00:00,S,-3918.3714971695554,False
2020-09-22 13:00:00,2020-09-22 17:00:00,S,13466.58677357651,True
2020-09-23 11:00:00,2020-09-23 14:00:00,S,13601.02204758909,True
2020-09-24 09:00:00,2020-09-24 13:00:00,S,-1892.3719978668987,False
2020-09-24 14:00:00,2020-09-24 17:00:00,S,-4453.301801364254,False
2020-09-25 07:00:00,2020-09-25 10:00:00,S,8992.16905689327,True
2020-09-25 15:00:00,2020-09-25 19:00:00,S,-2192.594620162182,False
2020-09-28 12:00:00,2020-09-28 13:00:00,S,-4465.033164541089,False
2020-09-28 16:00:00,2020-09-28 18:00:00,S,-4442.707998718383,False
2020-10-08 12:00:00,2020-10-08 16:00:00,S,6594.0485648465365,True
2020-10-09 00:00:00,2020-10-09 02:00:00,S,-4453.464701549024,False
2020-10-09 12:00:00,2020-10-09 14:00:00,L,14194.660967861862,True
2020-10-12 07:00:00,2020-10-12 08:00:00,L,-4502.170682880588,False
2020-10-12 12:00:00,2020-10-12 13:00:00,L,-4479.659829466185,False
2020-10-13 19:00:00,2020-10-13 22:00:00,S,2875.977567600918,True
2020-10-14 07:00:00,2020-10-14 08:00:00,S,-4471.641418156859,False
2020-10-14 09:00:00,2020-10-14 14:00:00,S,-4449.283211066075,False
2020-10-15 08:00:00,2020-10-15 11:00:00,S,8283.112341983206,True
2020-10-15 14:00:00,2020-10-15 17:00:00,S,-4468.452356720661,False
2020-10-21 09:00:00,2020-10-21 11:00:00,L,4242.236021049171,True
2020-10-21 19:00:00,2020-10-21 22:00:00,L,2492.2289061983706,True
2020-10-22 19:00:00,2020-10-22 22:00:00,S,204.6810174516582,True
2020-10-23 08:00:00,2020-10-23 11:00:00,S,-4480.805824660553,False
2020-10-23 20:00:00,2020-10-26 01:00:00,S,7172.204352158122,True
2020-10-26 11:00:00,2020-10-26 13:00:00,S,5598.576909561254,True
2020-10-26 14:00:00,2020-10-26 18:00:00,S,4425.227630520438,True
2020-10-27 12:00:00,2020-10-27 15:00:00,S,-4544.38183999845,False
2020-10-28 19:00:00,2020-10-28 23:00:00,S,-1369.0008459020758,False
2020-10-30 11:00:00,2020-10-30 12:00:00,S,-4514.814926568947,False
2020-11-04 18:00:00,2020-11-04 20:00:00,L,4787.6031472086715,True
2020-11-09 20:00:00,2020-11-10 00:00:00,S,-4516.178867672146,False
2020-11-10 10:00:00,2020-11-10 12:00:00,S,183.72277035508927,True
2020-11-10 13:00:00,2020-11-10 16:00:00,S,-1528.722237346049,False
2020-11-11 10:00:00,2020-11-11 15:00:00,S,28759.444827099745,True
2020-11-12 16:00:00,2020-11-12 19:00:00,S,1929.3077332611558,True
2020-11-13 08:00:00,2020-11-13 12:00:00,S,-1000.2922491734477,False
2020-11-18 17:00:00,2020-11-18 20:00:00,S,8997.65622651856,True
2020-11-19 14:00:00,2020-11-19 15:00:00,S,-4680.303558687361,False
2020-11-19 21:00:00,2020-11-20 01:00:00,S,5977.362610494114,True
2020-11-23 18:00:00,2020-11-24 01:00:00,S,7331.199843678302,True
2020-11-25 08:00:00,2020-11-25 09:00:00,S,-4723.444853164787,False
2020-11-25 10:00:00,2020-11-25 14:00:00,S,-1567.7518098414614,False
2020-11-26 07:00:00,2020-11-26 08:00:00,S,-4691.988869849755,False
2020-11-26 10:00:00,2020-11-26 13:00:00,S,1672.265825015818,True
2020-11-26 14:00:00,2020-11-26 23:00:00,S,8706.594078848639,True
2020-11-27 18:00:00,2020-11-30 04:00:00,S,25350.893295722162,True
2020-11-30 14:00:00,2020-11-30 15:00:00,S,-4847.177691498439,False
2020-11-30 20:00:00,2020-12-01 00:00:00,S,2814.89131617868,True
2020-12-07 11:00:00,2020-12-07 14:00:00,L,13550.983486428473,True
2020-12-07 20:00:00,2020-12-08 00:00:00,L,5880.975674781941,True
2020-12-10 13:00:00,2020-12-10 14:00:00,S,-4934.1760554278935,False
2020-12-11 10:00:00,2020-12-11 13:00:00,S,3813.9538408986054,True
2020-12-14 14:00:00,2020-12-14 16:00:00,S,9262.135372751525,True
2020-12-15 16:00:00,2020-12-15 18:00:00,L,4048.657498200049,True
2020-12-16 08:00:00,2020-12-16 11:00:00,L,18256.449629370818,True
2020-12-16 14:00:00,2020-12-16 20:00:00,L,15943.943716561964,True
2020-12-17 11:00:00,2020-12-17 14:00:00,L,23576.017433554982,True
2020-12-17 23:00:00,2020-12-18 00:00:00,L,-5284.010962607444,False
2020-12-18 19:00:00,2020-12-18 20:00:00,L,-5257.590907794407,False
2020-12-21 08:00:00,2020-12-21 09:00:00,L,-5231.302953255435,False
2020-12-21 10:00:00,2020-12-21 11:00:00,L,-5205.146438489158,False
2020-12-23 20:00:00,2020-12-24 01:00:00,L,3210.0623598366574,True
2020-12-24 11:00:00,2020-12-24 14:00:00,L,2558.107313125199,True
2020-12-28 13:00:00,2020-12-28 17:00:00,L,4188.43816063489,True
2020-12-29 09:00:00,2020-12-29 10:00:00,L,-5228.903745464695,False
2020-12-29 19:00:00,2020-12-29 21:00:00,L,2191.3819424850813,True
2020-12-30 11:00:00,2020-12-30 13:00:00,L,3500.961247027806,True
2020-12-31 15:00:00,2020-12-31 17:00:00,L,5916.668605911934,True
2020-12-31 18:00:00,2020-12-31 20:00:00,L,5185.975621612892,True
2021-01-06 13:00:00,2021-01-06 20:00:00,L,-5286.734163822561,False
2021-01-11 11:00:00,2021-01-11 13:00:00,S,11165.151781479799,True
2021-01-11 17:00:00,2021-01-11 19:00:00,S,2430.1055842402247,True
2021-01-12 20:00:00,2021-01-12 23:00:00,S,-5328.276779832048,False
2021-01-13 14:00:00,2021-01-13 18:00:00,S,3573.7566238709014,True
2021-01-14 12:00:00,2021-01-14 16:00:00,S,-5319.504179052243,False
2021-01-14 17:00:00,2021-01-14 20:00:00,S,4919.060745722458,True
2021-01-15 09:00:00,2021-01-15 10:00:00,S,-5317.501961885593,False
2021-01-18 16:00:00,2021-01-19 01:00:00,S,-5042.005892171049,False
2021-01-19 07:00:00,2021-01-19 08:00:00,S,-5265.70442261531,False
2021-01-19 09:00:00,2021-01-19 11:00:00,S,-2820.5233318432333,False
2021-01-19 18:00:00,2021-01-19 21:00:00,S,4762.924955602392,True
2021-01-20 13:00:00,2021-01-20 16:00:00,L,26245.43954310515,True
2021-01-21 10:00:00,2021-01-21 12:00:00,L,-5380.315106336556,False
2021-01-21 14:00:00,2021-01-21 18:00:00,L,6738.684724919123,True
2021-01-22 17:00:00,2021-01-22 21:00:00,S,1230.1218958498387,True
2021-01-27 08:00:00,2021-01-27 10:00:00,S,12242.088343989175,True
2021-01-27 18:00:00,2021-01-27 19:00:00,S,-5454.468005628664,False
2021-01-28 10:00:00,2021-01-28 11:00:00,S,-5427.195665600521,False
2021-02-04 07:00:00,2021-02-04 08:00:00,S,-5400.059687272519,False
2021-02-04 20:00:00,2021-02-05 03:00:00,S,731.0113188125839,True
2021-02-05 07:00:00,2021-02-05 08:00:00,S,-5376.71444543022,False
2021-02-05 16:00:00,2021-02-05 17:00:00,S,-5349.830873203068,False
2021-02-08 11:00:00,2021-02-08 14:00:00,S,-5323.081718837053,False
2021-02-12 17:00:00,2021-02-12 20:00:00,S,7509.36448264286,True
2021-02-15 12:00:00,2021-02-15 14:00:00,S,5921.280868039478,True
2021-02-15 17:00:00,2021-02-16 01:00:00,S,-5363.619536996279,False
2021-02-16 16:00:00,2021-02-16 21:00:00,S,18537.476178780413,True
2021-02-17 12:00:00,2021-02-17 15:00:00,S,27147.444101025998,True
2021-02-18 09:00:00,2021-02-18 12:00:00,S,7790.2110853684535,True
2021-02-19 14:00:00,2021-02-19 15:00:00,S,-5604.177096137172,False
2021-02-24 19:00:00,2021-02-24 20:00:00,S,-5576.156210656486,False
2021-02-25 19:00:00,2021-02-26 01:00:00,S,7038.908209163841,True
2021-03-02 07:00:00,2021-03-02 10:00:00,S,-1700.7404073639652,False
2021-03-02 13:00:00,2021-03-02 16:00:00,S,11164.766083425311,True
2021-03-02 18:00:00,2021-03-02 20:00:00,S,2732.5259858361856,True
2021-03-03 19:00:00,2021-03-03 23:00:00,S,12551.093384712522,True
2021-03-04 13:00:00,2021-03-04 15:00:00,S,7255.290547060431,True
2021-03-05 14:00:00,2021-03-05 15:00:00,S,-5743.484648617376,False
2021-03-05 18:00:00,2021-03-07 23:00:00,S,368.7256555149438,True
2021-03-08 14:00:00,2021-03-08 16:00:00,S,16811.08785217412,True
2021-03-12 14:00:00,2021-03-12 15:00:00,S,-5800.666292912734,False
2021-03-24 10:00:00,2021-03-24 12:00:00,S,13230.663111370648,True
2021-03-24 16:00:00,2021-03-24 19:00:00,S,-2218.1904354373614,False
2021-03-25 20:00:00,2021-03-26 01:00:00,S,-4227.631943166475,False
2021-03-26 10:00:00,2021-03-26 15:00:00,S,-5805.587165112005,False
2021-03-29 11:00:00,2021-03-29 13:00:00,S,28882.79614643223,True
2021-03-29 17:00:00,2021-03-29 19:00:00,S,6088.810497422492,True
2021-03-31 07:00:00,2021-03-31 10:00:00,S,-5951.417262505719,False
2021-03-31 11:00:00,2021-03-31 13:00:00,S,-581.3128035154992,False
2021-04-06 07:00:00,2021-04-06 11:00:00,L,6982.5565868081785,True
2021-04-08 19:00:00,2021-04-09 04:00:00,L,-5953.666395109654,False
2021-04-09 09:00:00,2021-04-09 10:00:00,L,-5923.898063134106,False
2021-04-09 14:00:00,2021-04-09 18:00:00,L,9940.484419317145,True
2021-04-12 20:00:00,2021-04-12 23:00:00,S,-586.1763681368728,False
2021-04-15 12:00:00,2021-04-15 13:00:00,L,29705.250565371683,True
2021-04-15 20:00:00,2021-04-16 00:00:00,L,-6089.5763659011955,False
2021-04-19 14:00:00,2021-04-19 17:00:00,L,-4038.9208235227957,False
2021-04-19 18:00:00,2021-04-19 23:00:00,L,-301.0541683938206,False
2021-04-20 20:00:00,2021-04-20 23:00:00,L,2665.9903394790826,True
2021-04-21 09:00:00,2021-04-21 11:00:00,L,4335.437099939419,True
2021-04-21 18:00:00,2021-04-21 20:00:00,L,6213.806893056836,True
2021-04-22 08:00:00,2021-04-22 11:00:00,L,-6103.504780774483,False
2021-04-22 16:00:00,2021-04-22 20:00:00,L,7331.936510984407,True
2021-04-23 09:00:00,2021-04-23 11:00:00,L,9050.310016292891,True
2021-05-03 18:00:00,2021-05-03 22:00:00,L,2909.453691739986,True
2021-05-04 10:00:00,2021-05-04 11:00:00,L,-6169.445757965697,False
2021-05-07 20:00:00,2021-05-10 01:00:00,L,2181.6629196646177,True
2021-05-10 09:00:00,2021-05-10 11:00:00,L,11307.630181106671,True
2021-05-10 19:00:00,2021-05-10 22:00:00,L,-475.3437443900302,False
2021-05-11 07:00:00,2021-05-11 09:00:00,L,8476.419632707193,True
2021-05-11 13:00:00,2021-05-11 17:00:00,L,17158.472256733225,True
2021-05-12 16:00:00,2021-05-12 17:00:00,L,-6331.842735404978,False
2021-05-17 11:00:00,2021-05-17 12:00:00,L,-6300.183521727952,False
2021-05-18 10:00:00,2021-05-18 11:00:00,L,-6268.682604119313,False
2021-05-18 14:00:00,2021-05-18 17:00:00,L,8300.53756871215,True
2021-05-19 09:00:00,2021-05-19 12:00:00,L,-6278.841878942276,False
2021-05-19 18:00:00,2021-05-19 19:00:00,L,-6247.447669547565,False
2021-05-20 19:00:00,2021-05-20 23:00:00,L,3252.529552364841,True
2021-05-21 07:00:00,2021-05-21 09:00:00,L,7737.516232284764,True
2021-05-21 15:00:00,2021-05-21 16:00:00,L,-6271.160660123075,False
2021-05-24 07:00:00,2021-05-24 08:00:00,L,-6239.80485682246,False
2021-05-26 16:00:00,2021-05-26 18:00:00,L,-6208.605832538349,False
2021-05-27 09:00:00,2021-05-27 10:00:00,L,-6177.5628033756575,False
2021-05-27 15:00:00,2021-05-27 17:00:00,L,4719.923627121653,True
2021-05-31 08:00:00,2021-05-31 10:00:00,L,-898.6924932809579,False
2021-06-01 10:00:00,2021-06-01 12:00:00,L,11258.40991563037,True
2021-06-01 14:00:00,2021-06-01 15:00:00,L,-6222.073194606134,False
2021-06-04 17:00:00,2021-06-04 19:00:00,L,5592.354975645242,True
2021-06-08 12:00:00,2021-06-08 13:00:00,L,-6218.924603511329,False
2021-06-11 08:00:00,2021-06-11 09:00:00,L,-6187.829980493772,False
2021-06-14 14:00:00,2021-06-14 16:00:00,S,479.7742974597898,True
2021-06-14 20:00:00,2021-06-15 04:00:00,S,6837.998865977928,True
2021-06-15 22:00:00,2021-06-16 02:00:00,S,14222.59714081857,True
2021-06-16 16:00:00,2021-06-16 17:00:00,S,-6264.592682112585,False
2021-06-17 19:00:00,2021-06-17 22:00:00,S,6154.811416012906,True
2021-06-18 10:00:00,2021-06-18 12:00:00,S,270.37389514370255,True
2021-06-21 16:00:00,2021-06-21 18:00:00,S,1177.1596466008803,True
2021-06-22 12:00:00,2021-06-22 15:00:00,S,1550.571637630432,True
2021-06-23 07:00:00,2021-06-23 09:00:00,S,-6279.034301678962,False
2021-06-28 14:00:00,2021-06-28 17:00:00,S,1372.9862814979028,True
2021-06-29 16:00:00,2021-06-29 18:00:00,S,1304.0640620668034,True
2021-06-30 14:00:00,2021-06-30 15:00:00,S,-6261.024381888391,False
2021-07-01 13:00:00,2021-07-01 14:00:00,S,-6229.71925997895,False
2021-07-12 15:00:00,2021-07-12 17:00:00,L,897.8868805396093,True
2021-07-14 07:00:00,2021-07-14 09:00:00,L,5250.298720727013,True
2021-07-15 13:00:00,2021-07-15 15:00:00,L,-6229.311591685388,False
2021-07-16 13:00:00,2021-07-16 14:00:00,L,-6198.165033726961,False
2021-07-21 07:00:00,2021-07-21 10:00:00,S,21383.405763255145,True
2021-07-21 18:00:00,2021-07-21 19:00:00,S,-6274.091237374602,False
2021-07-22 07:00:00,2021-07-22 14:00:00,S,9389.832255509038,True
2021-07-22 15:00:00,2021-07-22 16:00:00,S,-6289.669942465274,False
2021-07-22 20:00:00,2021-07-22 23:00:00,S,-1190.2626011764953,False
2021-07-23 17:00:00,2021-07-23 20:00:00,S,1886.8036466321169,True
2021-07-27 13:00:00,2021-07-27 15:00:00,S,15195.38161200098,True
2021-07-27 18:00:00,2021-07-27 22:00:00,S,7085.727127814953,True
2021-07-30 12:00:00,2021-07-30 15:00:00,L,-6373.109841679305,False
2021-08-02 14:00:00,2021-08-02 17:00:00,L,22977.50077944339,True
2021-08-09 07:00:00,2021-08-09 17:00:00,S,20167.921193489066,True
2021-08-10 17:00:00,2021-08-10 19:00:00,S,-1703.1018069068168,False
2021-08-11 11:00:00,2021-08-11 12:00:00,S,-6548.455893301038,False
2021-08-12 16:00:00,2021-08-12 23:00:00,S,-5982.083312529406,False
2021-08-17 19:00:00,2021-08-17 22:00:00,L,9228.476194321605,True
2021-08-18 09:00:00,2021-08-18 10:00:00,L,-6531.945578243494,False
2021-08-24 23:00:00,2021-08-25 01:00:00,L,-6499.285850352276,False
2021-08-26 19:00:00,2021-08-27 00:00:00,L,7090.355607287429,True
2021-08-27 10:00:00,2021-08-27 11:00:00,L,-6502.241199136952,False
2021-08-30 13:00:00,2021-08-30 14:00:00,L,-6469.729993141267,False
2021-08-31 12:00:00,2021-08-31 13:00:00,L,-6437.381343175561,False
2021-09-01 09:00:00,2021-09-01 12:00:00,L,6761.98388035412,True
2021-09-01 15:00:00,2021-09-01 18:00:00,L,7159.366927802723,True
2021-09-03 12:00:00,2021-09-03 14:00:00,L,32374.005952502335,True
2021-09-05 23:00:00,2021-09-06 00:00:00,L,-6636.671220262979,False
2021-09-06 09:00:00,2021-09-06 12:00:00,L,-6603.487864161663,False
2021-09-06 22:00:00,2021-09-07 02:00:00,L,17149.5475549817,True
2021-09-09 09:00:00,2021-09-09 11:00:00,S,-6656.2181626157635,False
2021-09-09 18:00:00,2021-09-10 00:00:00,S,5792.903257533691,True
2021-09-13 14:00:00,2021-09-13 15:00:00,S,-6651.9015880903535,False
2021-09-14 22:00:00,2021-09-15 00:00:00,L,-1746.1446809095398,False
2021-09-15 19:00:00,2021-09-15 22:00:00,S,-3024.831192318892,False
2021-09-17 09:00:00,2021-09-17 11:00:00,S,14425.098277440677,True
2021-09-20 15:00:00,2021-09-20 17:00:00,S,8524.54219971045,True
2021-09-21 09:00:00,2021-09-21 10:00:00,S,-6709.535403169515,False
2021-09-23 18:00:00,2021-09-24 01:00:00,S,10998.473945415662,True
2021-09-24 08:00:00,2021-09-24 11:00:00,S,-6730.9800958807455,False
2021-09-27 17:00:00,2021-09-27 20:00:00,S,6629.422921437474,True
2021-09-28 16:00:00,2021-09-28 20:00:00,S,7371.671441558419,True
2021-09-29 13:00:00,2021-09-29 14:00:00,S,33836.65333608161,True
2021-09-30 10:00:00,2021-09-30 12:00:00,S,9875.884326431586,True
2021-10-07 17:00:00,2021-10-07 20:00:00,S,8206.212740633175,True
2021-10-11 14:00:00,2021-10-11 18:00:00,S,9578.44239190228,True
2021-10-13 13:00:00,2021-10-13 14:00:00,L,35374.08315595782,True
2021-10-13 22:00:00,2021-10-14 00:00:00,L,-2683.310563017555,False
2021-10-14 15:00:00,2021-10-14 18:00:00,L,1162.57634069679,True
2021-10-14 20:00:00,2021-10-15 01:00:00,L,-7244.08337585975,False
2021-10-18 16:00:00,2021-10-18 18:00:00,S,1738.9171267484573,True
2021-10-19 11:00:00,2021-10-19 13:00:00,L,-7216.557544614193,False
2021-10-19 17:00:00,2021-10-20 00:00:00,L,-2168.7583086569525,False
2021-10-21 08:00:00,2021-10-21 10:00:00,L,16905.088124985148,True
2021-10-21 13:00:00,2021-10-21 17:00:00,L,-7254.1564059727625,False
2021-10-22 16:00:00,2021-10-22 18:00:00,L,8765.094290333627,True
2021-10-25 07:00:00,2021-10-25 10:00:00,L,7104.443410588012,True
2021-10-26 09:00:00,2021-10-26 11:00:00,L,-3534.8022381983665,False
2021-10-28 20:00:00,2021-10-28 23:00:00,L,4571.749573951236,True
2021-11-03 12:00:00,2021-11-03 14:00:00,S,36512.09024563135,True
2021-11-03 19:00:00,2021-11-03 22:00:00,S,6910.863080244894,True
2021-11-04 16:00:00,2021-11-04 19:00:00,L,470.17854187309825,True
2021-11-05 10:00:00,2021-11-05 11:00:00,L,-7521.883708465017,False
2021-11-08 07:00:00,2021-11-08 08:00:00,L,-7484.274289922692,False
2021-11-09 08:00:00,2021-11-09 10:00:00,L,21856.72276689259,True
2021-11-10 09:00:00,2021-11-10 13:00:00,L,4214.447087408738,True
2021-11-10 21:00:00,2021-11-10 23:00:00,L,-7577.208767744584,False
2021-11-12 10:00:00,2021-11-12 15:00:00,L,17956.485673190542,True
2021-11-15 07:00:00,2021-11-15 09:00:00,L,4321.1469055965545,True
2021-11-15 16:00:00,2021-11-16 00:00:00,L,1050.1962163929613,True
2021-11-16 07:00:00,2021-11-16 09:00:00,L,38279.809339408814,True
2021-11-16 13:00:00,2021-11-16 14:00:00,L,-7847.360914578807,False
2021-11-17 20:00:00,2021-11-18 00:00:00,L,9433.49466467386,True
2021-11-18 09:00:00,2021-11-18 11:00:00,L,-7855.291583329282,False
2021-11-18 18:00:00,2021-11-18 19:00:00,L,-7816.015125412636,False
2021-11-18 20:00:00,2021-11-19 03:00:00,L,11359.813365777114,True
2021-11-19 13:00:00,2021-11-19 14:00:00,L,-7833.734116614458,False
2021-11-22 10:00:00,2021-11-22 14:00:00,S,22748.809750220527,True
2021-11-23 20:00:00,2021-11-24 00:00:00,S,-7580.9485716528725,False
2021-11-25 09:00:00,2021-11-25 12:00:00,S,19442.346662954358,True
2021-11-30 10:00:00,2021-11-30 12:00:00,S,16510.940577485435,True
2021-11-30 14:00:00,2021-11-30 15:00:00,S,-8050.171188126422,False
2021-11-30 20:00:00,2021-11-30 23:00:00,S,794.2765468118604,True
2021-12-01 12:00:00,2021-12-01 13:00:00,S,-8013.89171491985,False
2021-12-02 07:00:00,2021-12-02 08:00:00,S,39869.111281726255,True
2021-12-02 11:00:00,2021-12-02 12:00:00,S,-8173.167812753883,False
2021-12-03 13:00:00,2021-12-03 15:00:00,S,11290.72520192191,True
2021-12-10 12:00:00,2021-12-10 13:00:00,S,-8188.755599699723,False
2021-12-15 14:00:00,2021-12-15 17:00:00,S,16255.637368424812,True
2021-12-15 20:00:00,2021-12-15 23:00:00,S,-8229.090008543348,False
2021-12-17 19:00:00,2021-12-17 20:00:00,L,-8187.9445585006315,False
2021-12-23 07:00:00,2021-12-23 09:00:00,L,5315.693263983391,True
2021-12-27 09:00:00,2021-12-27 12:00:00,L,1768.0332729673107,True
2021-12-27 18:00:00,2021-12-27 20:00:00,L,5034.844452201482,True
2021-12-28 17:00:00,2021-12-28 18:00:00,L,-8207.597690653889,False
2022-01-03 12:00:00,2022-01-03 13:00:00,L,-8166.559702200619,False
2022-01-05 08:00:00,2022-01-05 16:00:00,L,53200.53975976811,True
2022-01-05 21:00:00,2022-01-06 01:00:00,L,-2876.6971014238597,False
2022-01-07 12:00:00,2022-01-07 13:00:00,S,-8377.346116981338,False
2022-01-07 21:00:00,2022-01-10 03:00:00,S,5028.450027764953,True
2022-01-11 10:00:00,2022-01-11 13:00:00,L,-8360.601636535257,False
2022-01-12 12:00:00,2022-01-12 14:00:00,L,19246.940821827317,True
2022-01-13 11:00:00,2022-01-13 13:00:00,L,10512.911296036124,True
2022-01-13 15:00:00,2022-01-13 16:00:00,L,-8467.597888941898,False
2022-01-14 11:00:00,2022-01-14 13:00:00,L,-8425.259899497189,False
2022-01-14 17:00:00,2022-01-14 20:00:00,L,-1177.5817725290783,False
2022-01-17 15:00:00,2022-01-17 16:00:00,L,-8377.245691137057,False
2022-01-20 08:00:00,2022-01-20 09:00:00,L,-8335.35946268137,False
2022-01-20 12:00:00,2022-01-20 15:00:00,L,31367.35828231436,True
2022-01-21 07:00:00,2022-01-21 08:00:00,L,-8450.519456779535,False
2022-01-21 16:00:00,2022-01-21 17:00:00,L,-8408.266859495638,False
2022-01-21 18:00:00,2022-01-21 21:00:00,L,-2992.338468840597,False
2022-01-24 14:00:00,2022-01-24 15:00:00,L,-8351.263832853958,False
2022-01-25 10:00:00,2022-01-25 13:00:00,L,8906.234089045669,True
2022-01-26 09:00:00,2022-01-26 11:00:00,L,7254.564235746256,True
2022-01-26 12:00:00,2022-01-26 15:00:00,L,-8390.311505313648,False
2022-01-27 10:00:00,2022-01-27 12:00:00,S,15332.639272203378,True
2022-01-28 20:00:00,2022-01-30 23:00:00,S,-8425.023144148096,False
2022-01-31 11:00:00,2022-01-31 15:00:00,S,-8382.898028427355,False
2022-01-31 19:00:00,2022-02-01 02:00:00,S,2000.9726284314834,True
2022-02-02 10:00:00,2022-02-02 12:00:00,S,-3242.6451646077735,False
2022-02-03 16:00:00,2022-02-03 18:00:00,S,-8334.775175604338,False
2022-02-07 11:00:00,2022-02-07 15:00:00,L,18188.478024161635,True
2022-02-08 14:00:00,2022-02-08 17:00:00,L,12320.98086693557,True
2022-02-09 08:00:00,2022-02-09 12:00:00,L,1695.393251166375,True
2022-02-09 20:00:00,2022-02-09 23:00:00,L,2205.7644919104846,True
2022-02-10 20:00:00,2022-02-10 23:00:00,L,-8465.154382897188,False
2022-02-11 14:00:00,2022-02-11 16:00:00,L,30774.119538767427,True
2022-02-14 18:00:00,2022-02-14 20:00:00,L,8336.120617177927,True
2022-02-15 08:00:00,2022-02-15 09:00:00,L,-8618.37981176243,False
2022-02-16 14:00:00,2022-02-16 16:00:00,L,14918.923555408883,True
2022-02-22 09:00:00,2022-02-22 13:00:00,L,9187.702192573492,True
2022-02-22 20:00:00,2022-02-22 21:00:00,L,-8695.821041443529,False
2022-02-23 08:00:00,2022-02-23 09:00:00,L,-8652.341936236311,False
2022-02-24 15:00:00,2022-02-24 17:00:00,L,-8609.08022655513,False
2022-03-02 17:00:00,2022-03-02 20:00:00,L,15279.697069877393,True
2022-03-03 14:00:00,2022-03-03 16:00:00,L,370.0670829369449,True
2022-03-07 12:00:00,2022-03-07 14:00:00,L,-8644.283646186424,False
2022-03-08 13:00:00,2022-03-08 14:00:00,L,43005.31113977747,True
2022-03-08 19:00:00,2022-03-08 20:00:00,L,-8816.08878365438,False
2022-03-09 15:00:00,2022-03-09 17:00:00,L,16271.584036646751,True
2022-03-09 19:00:00,2022-03-10 00:00:00,L,7184.927279116529,True
2022-03-15 16:00:00,2022-03-15 18:00:00,S,1332.3965401202024,True
2022-03-16 09:00:00,2022-03-16 10:00:00,S,-8895.952879015527,False
2022-03-18 11:00:00,2022-03-18 14:00:00,S,3772.335506115603,True
2022-03-18 15:00:00,2022-03-18 18:00:00,S,15569.276169255852,True
2022-03-24 22:00:00,2022-03-25 00:00:00,L,4687.767713323406,True
2022-03-25 08:00:00,2022-03-25 10:00:00,L,3874.285033198754,True
2022-03-25 13:00:00,2022-03-25 15:00:00,L,-8990.991436729917,False
2022-03-25 19:00:00,2022-03-27 23:00:00,L,6702.560638393598,True
2022-03-29 15:00:00,2022-03-29 16:00:00,S,-8979.549282738235,False
2022-03-30 18:00:00,2022-03-30 22:00:00,L,3447.9712468390912,True
2022-03-31 20:00:00,2022-04-01 01:00:00,L,-8951.891392558739,False
2022-04-01 14:00:00,2022-04-01 17:00:00,S,21511.65536192475,True
2022-04-01 19:00:00,2022-04-04 00:00:00,S,2038.2996039211184,True
2022-04-04 14:00:00,2022-04-04 16:00:00,L,22077.384547691938,True
2022-04-04 18:00:00,2022-04-04 20:00:00,L,9510.27743431606,True
2022-04-05 07:00:00,2022-04-05 09:00:00,S,3902.9876504928384,True
2022-04-05 13:00:00,2022-04-05 15:00:00,S,46011.67479293839,True
2022-04-05 19:00:00,2022-04-06 00:00:00,S,8494.383102676686,True
2022-04-06 10:00:00,2022-04-06 12:00:00,S,25357.56265245801,True
2022-04-07 08:00:00,2022-04-07 09:00:00,S,-9601.653061328045,False
2022-04-08 13:00:00,2022-04-08 15:00:00,L,47768.223980107025,True
2022-04-11 15:00:00,2022-04-11 16:00:00,L,-9792.48591592194,False
2022-04-12 09:00:00,2022-04-12 12:00:00,L,17981.414645753764,True
2022-04-12 20:00:00,2022-04-12 23:00:00,L,-9833.4305595711,False
2022-04-14 09:00:00,2022-04-14 13:00:00,L,4859.869756409253,True
2022-04-14 15:00:00,2022-04-14 18:00:00,L,-261.3346313725769,False
2022-04-18 11:00:00,2022-04-18 14:00:00,L,13647.29406267301,True
2022-04-18 15:00:00,2022-04-18 18:00:00,L,-9875.492552711792,False
2022-04-18 19:00:00,2022-04-18 23:00:00,L,-9826.115089948233,False
2022-04-19 07:00:00,2022-04-19 10:00:00,L,12156.62839553092,True
2022-04-26 11:00:00,2022-04-26 15:00:00,S,14654.844560046045,True
2022-04-27 12:00:00,2022-04-27 13:00:00,S,49555.20939638188,True
2022-04-28 07:00:00,2022-04-28 10:00:00,S,-10158.817926258285,False
2022-04-29 00:00:00,2022-04-29 01:00:00,S,-10108.023836626993,False
2022-05-03 12:00:00,2022-05-03 14:00:00,S,-10057.48371744386,False
2022-05-11 15:00:00,2022-05-11 18:00:00,S,-1909.255639256884,False
2022-05-13 15:00:00,2022-05-15 22:00:00,S,10857.208956223833,True
2022-05-16 11:00:00,2022-05-16 13:00:00,S,-3974.159220035095,False
2022-05-18 16:00:00,2022-05-18 18:00:00,S,21398.290987712582,True
2022-05-24 19:00:00,2022-05-25 00:00:00,L,13095.05886691735,True
2022-05-26 14:00:00,2022-05-26 17:00:00,S,6247.823269573883,True
2022-06-01 16:00:00,2022-06-01 18:00:00,S,-10235.771134962319,False
2022-06-03 20:00:00,2022-06-05 23:00:00,S,-7864.545484049537,False
2022-06-07 11:00:00,2022-06-07 13:00:00,S,27459.405185355885,True
2022-06-09 19:00:00,2022-06-09 23:00:00,S,14315.226405721445,True
2022-06-15 09:00:00,2022-06-15 10:00:00,S,-10354.142709822645,False
2022-06-16 09:00:00,2022-06-16 11:00:00,S,51511.85998136766,True
2022-06-20 22:00:00,2022-06-21 02:00:00,S,-10559.93129618037,False
2022-06-21 14:00:00,2022-06-21 16:00:00,S,14923.653983357819,True
2022-06-22 10:00:00,2022-06-22 13:00:00,S,-10581.749909616257,False
2022-06-23 09:00:00,2022-06-23 12:00:00,S,20810.982029101502,True
2022-06-23 16:00:00,2022-06-23 18:00:00,S,28629.43959944063,True
2022-06-24 10:00:00,2022-06-24 12:00:00,S,21429.75626385218,True
2022-06-29 11:00:00,2022-06-29 13:00:00,S,-10883.192049530146,False
2022-06-29 20:00:00,2022-06-29 23:00:00,S,-127.24406237812123,False
2022-06-30 16:00:00,2022-06-30 19:00:00,S,26477.650412441068,True
2022-07-01 15:00:00,2022-07-01 16:00:00,S,-10960.52812103281,False
2022-07-01 19:00:00,2022-07-04 00:00:00,S,2766.043570784764,True
2022-07-04 15:00:00,2022-07-04 17:00:00,S,15526.67040772908,True
2022-07-04 23:00:00,2022-07-05 02:00:00,S,-10997.189050320218,False
2022-07-06 07:00:00,2022-07-06 14:00:00,S,54711.015525343086,True
2022-07-06 19:00:00,2022-07-06 22:00:00,S,168.58018094105995,True
2022-07-07 17:00:00,2022-07-07 19:00:00,S,11155.456266934043,True
2022-07-08 07:00:00,2022-07-08 14:00:00,S,29058.386959801228,True
2022-07-08 18:00:00,2022-07-08 20:00:00,S,8421.86594810362,True
2022-07-11 15:00:00,2022-07-11 17:00:00,S,28370.280363692073,True
2022-07-12 07:00:00,2022-07-12 10:00:00,S,-2314.0966713152657,False
2022-07-12 16:00:00,2022-07-12 20:00:00,S,27341.449588880587,True
2022-07-13 09:00:00,2022-07-13 12:00:00,S,-9447.099443546354,False
2022-07-13 16:00:00,2022-07-13 20:00:00,S,11331.839251554138,True
2022-07-14 16:00:00,2022-07-14 19:00:00,S,1691.378483898067,True
2022-07-15 12:00:00,2022-07-15 14:00:00,S,-11744.648387340047,False
2022-07-18 10:00:00,2022-07-18 13:00:00,S,22821.326065128836,True
2022-07-18 14:00:00,2022-07-18 18:00:00,S,38169.39093124586,True
2022-07-19 09:00:00,2022-07-19 10:00:00,S,-11990.87873038522,False
2022-07-20 00:00:00,2022-07-20 03:00:00,S,-11930.924336733295,False
2022-07-20 10:00:00,2022-07-20 13:00:00,S,22077.17284206522,True
2022-07-29 14:00:00,2022-07-29 16:00:00,L,48410.761934874616,True
2022-07-29 20:00:00,2022-07-31 23:00:00,L,8467.171417508569,True
2022-08-02 20:00:00,2022-08-02 22:00:00,L,-12266.045246021871,False
2022-08-03 10:00:00,2022-08-03 12:00:00,L,-12204.715019791762,False
2022-08-05 09:00:00,2022-08-05 11:00:00,L,-12143.691444692802,False
2022-08-05 20:00:00,2022-08-07 23:00:00,L,868.0182189921193,True
2022-08-09 08:00:00,2022-08-09 11:00:00,L,22467.04820802688,True
2022-08-09 15:00:00,2022-08-09 22:00:00,L,17723.57508023336,True
2022-08-10 18:00:00,2022-08-10 19:00:00,L,-12288.2661950056,False
2022-08-11 17:00:00,2022-08-11 19:00:00,L,-4525.381678686119,False
2022-08-12 09:00:00,2022-08-12 12:00:00,L,-12204.19795563714,False
2022-08-17 13:00:00,2022-08-17 15:00:00,S,27395.210113045094,True
2022-08-18 11:00:00,2022-08-18 14:00:00,S,28974.047834617206,True
2022-08-19 08:00:00,2022-08-19 11:00:00,S,17945.57539764371,True
2022-08-22 15:00:00,2022-08-22 17:00:00,S,11518.059775545476,True
2022-08-23 08:00:00,2022-08-23 09:00:00,S,-12572.341431463212,False
2022-08-23 15:00:00,2022-08-23 19:00:00,S,17280.55449063214,True
2022-08-24 07:00:00,2022-08-24 15:00:00,S,-12595.882496759055,False
2022-08-26 15:00:00,2022-08-26 18:00:00,S,9317.672767847182,True
2022-08-29 12:00:00,2022-08-29 14:00:00,S,-12579.491448114499,False
2022-08-31 15:00:00,2022-08-31 17:00:00,S,26610.153308651323,True
2022-09-05 12:00:00,2022-09-05 14:00:00,S,13408.44100483,True
2022-09-05 17:00:00,2022-09-06 01:00:00,S,-12716.686962441332,False
2022-09-07 09:00:00,2022-09-07 10:00:00,S,-12653.103527629124,False
2022-09-14 09:00:00,2022-09-14 12:00:00,S,17082.91559453598,True
2022-09-14 13:00:00,2022-09-14 15:00:00,S,-2741.321969171643,False
2022-09-15 12:00:00,2022-09-15 14:00:00,S,-12661.5459781178,False
2022-09-16 11:00:00,2022-09-16 15:00:00,S,-12598.238248227211,False
2022-09-16 16:00:00,2022-09-16 19:00:00,S,-12535.247056986074,False
2022-09-21 11:00:00,2022-09-21 16:00:00,S,41871.0949377816,True
2022-09-22 14:00:00,2022-09-22 16:00:00,S,6546.3657670925695,True
2022-09-26 14:00:00,2022-09-26 18:00:00,S,63573.29062612757,True
2022-09-27 14:00:00,2022-09-27 17:00:00,S,45028.26284897646,True
2022-09-28 11:00:00,2022-09-28 12:00:00,S,-13257.665892601037,False
2022-10-03 07:00:00,2022-10-03 09:00:00,L,-2968.8841960446466,False
2022-10-04 11:00:00,2022-10-04 15:00:00,L,70488.89820283989,True
2022-10-05 08:00:00,2022-10-05 09:00:00,L,-13528.977633172006,False
2022-10-05 12:00:00,2022-10-05 16:00:00,L,10807.733973539836,True
2022-10-06 09:00:00,2022-10-06 11:00:00,L,-4506.574985300327,False
2022-10-06 16:00:00,2022-10-06 18:00:00,L,19729.419747877884,True
2022-10-07 09:00:00,2022-10-07 10:00:00,L,-13591.485638686732,False
2022-10-10 19:00:00,2022-10-10 23:00:00,S,4977.649078670972,True
2022-10-11 15:00:00,2022-10-11 16:00:00,S,-13548.416455886652,False
2022-10-12 14:00:00,2022-10-12 18:00:00,S,-1017.8209346264471,False
2022-10-13 18:00:00,2022-10-13 20:00:00,S,21623.322536548516,True
2022-10-14 13:00:00,2022-10-14 15:00:00,S,50122.76119827351,True
2022-10-17 08:00:00,2022-10-17 11:00:00,S,-6212.940183776325,False
2022-10-18 12:00:00,2022-10-18 13:00:00,S,-13803.250986689316,False
2022-10-18 20:00:00,2022-10-18 23:00:00,S,-13734.234731755869,False
2022-10-19 20:00:00,2022-10-19 23:00:00,S,10991.25028968631,True
2022-10-20 07:00:00,2022-10-20 12:00:00,S,-13720.519809545523,False
2022-10-20 15:00:00,2022-10-20 17:00:00,S,68259.58605248897,True
2022-10-21 11:00:00,2022-10-21 12:00:00,S,-13993.215140760241,False
2022-10-21 13:00:00,2022-10-21 14:00:00,S,-13923.24906505644,False
2022-10-30 22:00:00,2022-10-31 00:00:00,S,3659.268382738621,True
2022-10-31 11:00:00,2022-10-31 14:00:00,S,16771.298036925265,True
2022-10-31 15:00:00,2022-10-31 19:00:00,S,38784.332745766726,True
2022-11-02 18:00:00,2022-11-03 00:00:00,S,69241.60853956483,True
2022-11-03 15:00:00,2022-11-03 18:00:00,S,8098.9011870803215,True
2022-11-04 08:00:00,2022-11-04 13:00:00,L,84517.89856569181,True
2022-11-07 07:00:00,2022-11-07 08:00:00,L,-14958.999357019999,False
2022-11-09 20:00:00,2022-11-10 02:00:00,L,14582.269023651628,True
2022-11-10 08:00:00,2022-11-10 13:00:00,L,74785.57852676578,True
2022-11-11 11:00:00,2022-11-11 16:00:00,L,26082.679435514736,True
2022-11-14 13:00:00,2022-11-14 15:00:00,L,41845.71995970232,True
2022-11-15 16:00:00,2022-11-15 17:00:00,L,-15670.68559496307,False
2022-11-16 15:00:00,2022-11-16 20:00:00,L,-4040.379694340178,False
2022-11-17 11:00:00,2022-11-17 14:00:00,L,-15572.130268516556,False
2022-11-24 09:00:00,2022-11-24 11:00:00,L,3187.0627167428347,True
2022-11-25 01:00:00,2022-11-25 07:00:00,L,-15510.204930757687,False
2022-11-25 14:00:00,2022-11-25 18:00:00,L,36999.150891479454,True
2022-11-28 12:00:00,2022-11-28 13:00:00,L,-15617.649660561297,False
2022-11-29 14:00:00,2022-11-29 16:00:00,L,23679.471589178498,True
2022-11-30 14:00:00,2022-11-30 15:00:00,L,-15657.958770204383,False
2022-12-01 09:00:00,2022-12-01 11:00:00,L,-10011.312049929846,False
2022-12-02 13:00:00,2022-12-02 16:00:00,L,-15529.612416103711,False
2022-12-05 08:00:00,2022-12-05 09:00:00,L,-15451.964354023194,False
2022-12-08 09:00:00,2022-12-08 13:00:00,L,24645.821228045825,True
2022-12-08 18:00:00,2022-12-08 23:00:00,L,17137.963455828387,True
2022-12-09 08:00:00,2022-12-09 12:00:00,L,66319.99565271793,True
2022-12-13 19:00:00,2022-12-13 21:00:00,L,653.3442796757298,True
2022-12-14 11:00:00,2022-12-14 16:00:00,L,23903.071332271404,True
2022-12-14 18:00:00,2022-12-14 19:00:00,L,-16038.005511995772,False
2022-12-19 13:00:00,2022-12-19 19:00:00,L,-15957.815484435794,False
2022-12-20 21:00:00,2022-12-21 01:00:00,L,3913.1556748733024,True
2022-12-21 10:00:00,2022-12-21 13:00:00,L,21979.30250068383,True
2022-12-21 17:00:00,2022-12-21 21:00:00,L,-16007.488697891402,False
2022-12-22 07:00:00,2022-12-22 09:00:00,L,27307.313146058827,True
2022-12-27 16:00:00,2022-12-27 19:00:00,L,-16063.987820132237,False
2022-12-28 14:00:00,2022-12-28 16:00:00,L,-15983.667881031577,False
2022-12-30 08:00:00,2022-12-30 09:00:00,L,-15903.74954162642,False
2023-01-03 16:00:00,2023-01-03 19:00:00,L,22315.387409629446,True
2023-01-04 19:00:00,2023-01-04 21:00:00,L,27059.0317094885,True
2023-01-05 07:00:00,2023-01-05 08:00:00,L,-16071.102889513877,False
2023-01-05 19:00:00,2023-01-05 20:00:00,L,-15990.747375066307,False
2023-01-06 09:00:00,2023-01-06 12:00:00,L,-3041.8745197780586,False
2023-01-09 08:00:00,2023-01-09 09:00:00,L,-15895.584265592084,False
2023-01-09 23:00:00,2023-01-10 02:00:00,L,21485.46252986047,True
2023-01-10 13:00:00,2023-01-10 15:00:00,L,50143.41297325231,True
2023-01-11 13:00:00,2023-01-11 14:00:00,L,-16174.250721779687,False
2023-01-13 12:00:00,2023-01-13 13:00:00,L,-16093.37946817079,False
2023-01-16 17:00:00,2023-01-17 01:00:00,L,31222.829170342306,True
2023-01-17 10:00:00,2023-01-17 13:00:00,L,18709.813695881156,True
2023-01-17 20:00:00,2023-01-17 23:00:00,L,2237.5705164606934,True
2023-01-18 16:00:00,2023-01-18 18:00:00,L,-16273.763637743356,False
2023-01-19 14:00:00,2023-01-19 16:00:00,L,31112.143809322977,True
2023-01-20 09:00:00,2023-01-20 11:00:00,L,8776.250457747716,True
2023-01-20 18:00:00,2023-01-22 23:00:00,L,11793.746077247315,True
2023-01-24 14:00:00,2023-01-24 15:00:00,L,-16450.80552127623,False
2023-01-26 07:00:00,2023-01-26 08:00:00,L,-16368.55149366985,False
2023-01-26 10:00:00,2023-01-26 16:00:00,L,-16286.708736201499,False
2023-02-03 15:00:00,2023-02-03 18:00:00,S,56327.20892551685,True
2023-02-06 19:00:00,2023-02-06 23:00:00,S,3412.3665010605214,True
2023-02-07 16:00:00,2023-02-07 17:00:00,S,-16503.973069653377,False
2023-02-07 18:00:00,2023-02-07 21:00:00,S,41786.91449829877,True
2023-02-08 08:00:00,2023-02-08 12:00:00,S,28660.68783751389,True
2023-02-08 20:00:00,2023-02-08 23:00:00,S,3563.1236595230584,True
2023-02-09 08:00:00,2023-02-09 10:00:00,S,-16791.506834281794,False
2023-02-09 15:00:00,2023-02-09 19:00:00,S,66375.86095839406,True
2023-02-10 10:00:00,2023-02-10 14:00:00,S,-12393.135401996722,False
2023-02-10 20:00:00,2023-02-12 23:00:00,S,-6866.530485820612,False
2023-02-13 08:00:00,2023-02-13 11:00:00,S,38512.60836910242,True
2023-02-13 12:00:00,2023-02-13 17:00:00,S,74952.46538653549,True
2023-02-14 10:00:00,2023-02-14 13:00:00,S,-17510.455644241458,False
2023-02-14 20:00:00,2023-02-15 02:00:00,S,-16067.333318689547,False
2023-02-16 19:00:00,2023-02-16 23:00:00,S,37150.808974634376,True
2023-02-17 10:00:00,2023-02-17 12:00:00,S,7865.725100093069,True
2023-02-17 19:00:00,2023-02-19 23:00:00,S,7266.892271465397,True
2023-02-20 15:00:00,2023-02-20 19:00:00,S,51622.619337010765,True
2023-02-21 14:00:00,2023-02-21 15:00:00,S,-17862.09692784282,False
2023-02-22 08:00:00,2023-02-22 11:00:00,S,50093.095966755776,True
2023-02-22 12:00:00,2023-02-22 13:00:00,S,-18023.251923037387,False
2023-02-23 14:00:00,2023-02-23 15:00:00,S,-17933.135663422203,False
2023-02-23 19:00:00,2023-02-23 21:00:00,S,-6130.006790227599,False
2023-02-27 11:00:00,2023-02-27 13:00:00,S,-17812.819951153953,False
2023-02-27 18:00:00,2023-02-27 20:00:00,S,11676.148368407832,True
2023-03-08 07:00:00,2023-03-08 10:00:00,S,2800.6271802703377,True
2023-03-08 17:00:00,2023-03-08 20:00:00,S,12334.837615713926,True
2023-03-09 10:00:00,2023-03-09 12:00:00,S,-17857.813917220145,False
2023-03-14 09:00:00,2023-03-14 12:00:00,L,-780.137536383934,False
2023-03-15 00:00:00,2023-03-15 02:00:00,L,3232.403621674039,True
2023-03-15 08:00:00,2023-03-15 09:00:00,L,-17780.786178060494,False
2023-03-15 20:00:00,2023-03-16 01:00:00,L,-11562.918237057309,False
2023-03-16 14:00:00,2023-03-16 15:00:00,L,-17634.067655984905,False
2023-03-17 09:00:00,2023-03-17 13:00:00,L,87729.4865885249,True
2023-03-20 12:00:00,2023-03-20 15:00:00,L,-17984.544750647605,False
2023-03-20 23:00:00,2023-03-21 02:00:00,L,7761.336467405813,True
2023-03-21 08:00:00,2023-03-21 09:00:00,L,-17933.428709231397,False
2023-03-21 14:00:00,2023-03-21 16:00:00,L,-17843.76156568524,False
2023-03-22 15:00:00,2023-03-22 16:00:00,L,-17754.542757856812,False
2023-03-22 18:00:00,2023-03-22 19:00:00,L,88328.85022033764,True
2023-03-23 08:00:00,2023-03-23 10:00:00,L,5658.616756135706,True
2023-03-24 17:00:00,2023-03-24 18:00:00,L,-18135.707378949897,False
2023-03-31 18:00:00,2023-03-31 20:00:00,L,23888.166806102385,True
2023-04-04 18:00:00,2023-04-04 23:00:00,L,11539.172759790723,True
2023-04-05 09:00:00,2023-04-05 14:00:00,L,-9350.527930524115,False
2023-04-06 19:00:00,2023-04-06 20:00:00,L,-18175.41290023199,False
2023-04-11 12:00:00,2023-04-11 13:00:00,L,-18084.535835730832,False
2023-04-12 08:00:00,2023-04-12 10:00:00,L,-17994.11315655218,False
2023-04-12 14:00:00,2023-04-12 17:00:00,L,57.365938055278185,True
2023-04-14 07:00:00,2023-04-14 09:00:00,L,-17904.429420459695,False
2023-04-14 13:00:00,2023-04-14 17:00:00,L,-17814.907273357396,False
2023-04-20 20:00:00,2023-04-21 00:00:00,L,15105.56076150385,True
2023-04-27 09:00:00,2023-04-27 11:00:00,L,17307.454328028434,True
2023-04-27 12:00:00,2023-04-27 13:00:00,L,-17887.897812438274,False
2023-05-03 09:00:00,2023-05-03 12:00:00,L,2125.984492686472,True
2023-05-10 17:00:00,2023-05-10 19:00:00,L,32366.780394458274,True
2023-05-11 09:00:00,2023-05-11 11:00:00,L,53534.57826827671,True
2023-05-16 13:00:00,2023-05-16 15:00:00,S,58902.039017476374,True
2023-05-17 17:00:00,2023-05-17 19:00:00,S,-698.9331720500696,False
2023-05-19 09:00:00,2023-05-19 10:00:00,S,-18529.610568380318,False
2023-05-19 18:00:00,2023-05-19 20:00:00,S,36697.62071893297,True
2023-05-22 08:00:00,2023-05-22 10:00:00,S,-18620.450619133084,False
2023-05-25 08:00:00,2023-05-25 09:00:00,S,-18527.348366037415,False
2023-05-26 19:00:00,2023-05-29 00:00:00,S,22688.861410716923,True
2023-05-29 18:00:00,2023-05-29 23:00:00,S,4746.595710612021,True
2023-05-30 10:00:00,2023-05-30 11:00:00,S,-18571.888909813875,False
2023-06-05 11:00:00,2023-06-05 13:00:00,S,-18479.029465264804,False
2023-06-05 14:00:00,2023-06-05 15:00:00,S,-18386.634317938482,False
2023-06-07 14:00:00,2023-06-07 15:00:00,S,91473.50573174394,True
2023-06-12 20:00:00,2023-06-12 23:00:00,S,-2432.293017597361,False
2023-06-14 09:00:00,2023-06-14 11:00:00,S,19316.17889431327,True
2023-06-19 14:00:00,2023-06-19 18:00:00,S,22905.323023548353,True
2023-06-20 19:00:00,2023-06-20 23:00:00,S,13675.86043315125,True
2023-06-21 16:00:00,2023-06-21 18:00:00,S,-19019.394021674583,False
2023-06-23 09:00:00,2023-06-23 11:00:00,S,392.5315950177954,True
2023-06-23 16:00:00,2023-06-23 19:00:00,S,3762.2117129156823,True
2023-06-26 08:00:00,2023-06-26 09:00:00,S,-18945.070768105878,False
2023-06-28 15:00:00,2023-06-28 17:00:00,S,-18850.345414265346,False
2023-06-29 12:00:00,2023-06-29 13:00:00,S,93780.4684359701,True
2023-06-29 15:00:00,2023-06-29 17:00:00,S,4204.72003977852,True
2023-06-30 11:00:00,2023-06-30 12:00:00,S,-19246.019629572762,False
2023-07-03 11:00:00,2023-07-03 13:00:00,S,-19149.7895314249,False
2023-07-06 07:00:00,2023-07-06 15:00:00,S,167493.35898420465,True
2023-07-06 18:00:00,2023-07-06 20:00:00,S,6238.179144400331,True
2023-07-07 12:00:00,2023-07-07 16:00:00,S,-19922.698274410795,False
2023-07-12 08:00:00,2023-07-12 10:00:00,L,8045.363668506106,True
2023-07-13 16:00:00,2023-07-13 19:00:00,L,37937.50878623403,True
2023-07-17 13:00:00,2023-07-17 15:00:00,L,43414.776494795755,True
2023-07-18 12:00:00,2023-07-18 14:00:00,L,101350.3651389321,True
2023-07-18 23:00:00,2023-07-19 02:00:00,L,-16913.13137411722,False
2023-07-19 11:00:00,2023-07-19 13:00:00,L,25541.89885716401,True
2023-07-19 16:00:00,2023-07-19 18:00:00,L,30824.22906753224,True
2023-07-20 14:00:00,2023-07-20 15:00:00,L,-20974.08983623398,False
2023-07-20 20:00:00,2023-07-21 02:00:00,L,38516.828832750565,True
2023-07-26 14:00:00,2023-07-26 16:00:00,L,57682.63732242268,True
2023-07-27 19:00:00,2023-07-27 22:00:00,S,-5413.607653699983,False
2023-07-31 20:00:00,2023-08-01 00:00:00,L,-6526.557750442904,False
2023-08-01 20:00:00,2023-08-01 23:00:00,S,-21290.515890807965,False
2023-08-03 08:00:00,2023-08-03 11:00:00,S,26186.814019762238,True
2023-08-04 15:00:00,2023-08-04 16:00:00,S,-21314.997381452737,False
2023-08-07 13:00:00,2023-08-07 15:00:00,S,40712.49842699832,True
2023-08-07 18:00:00,2023-08-07 20:00:00,S,-8679.633703333328,False
2023-08-10 11:00:00,2023-08-10 12:00:00,S,-21368.5867181638,False
2023-08-11 12:00:00,2023-08-11 14:00:00,S,31101.365146438835,True
2023-08-11 19:00:00,2023-08-13 22:00:00,S,2400.4210198457035,True
2023-08-14 10:00:00,2023-08-14 12:00:00,S,2028.4345117621765,True
2023-08-14 17:00:00,2023-08-14 20:00:00,S,42799.199359362654,True
2023-08-16 12:00:00,2023-08-16 14:00:00,S,-21653.39088476003,False
2023-08-17 09:00:00,2023-08-17 10:00:00,S,-21545.123930336227,False
2023-08-17 11:00:00,2023-08-17 12:00:00,S,-21437.398310684548,False
2023-08-21 13:00:00,2023-08-21 15:00:00,S,84946.01307484273,True
2023-08-21 17:00:00,2023-08-21 22:00:00,S,-21754.941384505335,False
2023-08-28 08:00:00,2023-08-28 11:00:00,L,11583.95896626793,True
2023-08-29 12:00:00,2023-08-29 14:00:00,L,57053.598933937195,True
2023-08-30 20:00:00,2023-08-31 00:00:00,L,17080.02478738127,True
2023-08-31 09:00:00,2023-08-31 11:00:00,L,-3110.949720794701,False
2023-08-31 17:00:00,2023-09-01 00:00:00,L,-22059.19984241677,False
2023-09-01 18:00:00,2023-09-03 22:00:00,L,-7294.603213002656,False
2023-09-04 08:00:00,2023-09-04 10:00:00,L,-21912.430827139673,False
2023-09-04 12:00:00,2023-09-04 13:00:00,L,-21802.868673003974,False
2023-09-06 15:00:00,2023-09-06 17:00:00,S,-21693.85432963895,False
2023-09-07 15:00:00,2023-09-07 16:00:00,S,-21585.385057990756,False
2023-09-08 15:00:00,2023-09-08 19:00:00,S,52004.48115935629,True
2023-09-11 15:00:00,2023-09-11 16:00:00,S,-21737.480538497588,False
2023-09-12 19:00:00,2023-09-12 22:00:00,S,16255.57216774515,True
2023-09-13 09:00:00,2023-09-13 13:00:00,S,-2162.6202127129027,False
2023-09-14 17:00:00,2023-09-14 19:00:00,S,21193.263671469947,True
2023-09-15 13:00:00,2023-09-15 15:00:00,L,109026.12106968803,True
2023-09-15 19:00:00,2023-09-17 23:00:00,L,-4462.002932565647,False
2023-09-18 09:00:00,2023-09-18 13:00:00,L,-22328.04480462322,False
2023-09-18 15:00:00,2023-09-18 17:00:00,L,58067.15918290772,True
2023-09-19 18:00:00,2023-09-19 22:00:00,L,10291.545613189179,True
2023-09-20 10:00:00,2023-09-20 15:00:00,L,225581.9810458059,True
2023-09-20 22:00:00,2023-09-21 00:00:00,L,-15887.523041059118,False
2023-09-25 12:00:00,2023-09-25 14:00:00,S,-23606.670394604324,False
2023-09-26 08:00:00,2023-09-26 10:00:00,S,12061.461559619,True
2023-09-28 23:00:00,2023-09-29 02:00:00,S,-14741.140227803002,False
2023-10-03 08:00:00,2023-10-03 09:00:00,S,-23475.238649290382,False
2023-10-03 14:00:00,2023-10-03 18:00:00,S,39479.51425752477,True
2023-10-04 10:00:00,2023-10-04 13:00:00,S,-23555.26002733156,False
2023-10-04 22:00:00,2023-10-04 23:00:00,S,-23437.4837271949,False
2023-10-05 11:00:00,2023-10-05 12:00:00,S,116601.48154279463,True
2023-10-06 19:00:00,2023-10-08 23:00:00,S,-23903.303716272898,False
2023-10-16 19:00:00,2023-10-17 00:00:00,L,4141.7628940161385,True
2023-10-17 19:00:00,2023-10-17 22:00:00,L,10886.207542330545,True
2023-10-18 15:00:00,2023-10-18 19:00:00,L,23288.461357647986,True
2023-10-19 15:00:00,2023-10-19 17:00:00,L,101295.51930359757,True
2023-10-20 12:00:00,2023-10-20 14:00:00,L,88255.1878670629,True
2023-10-20 17:00:00,2023-10-20 18:00:00,L,-24923.122892514806,False
2023-10-23 11:00:00,2023-10-23 13:00:00,L,1137.2189316825707,True
2023-10-23 17:00:00,2023-10-23 19:00:00,L,27512.294080389802,True
2023-10-23 20:00:00,2023-10-23 23:00:00,L,-2513.299663623084,False
2023-10-24 08:00:00,2023-10-24 09:00:00,L,-24929.18834479448,False
2023-10-25 09:00:00,2023-10-25 11:00:00,L,19158.15848153223,True
2023-10-26 12:00:00,2023-10-26 15:00:00,L,-24900.333195478168,False
2023-10-27 11:00:00,2023-10-27 13:00:00,L,-24775.831529500778,False
2023-10-30 20:00:00,2023-10-31 00:00:00,L,-5072.6363669284965,False
2023-10-31 14:00:00,2023-10-31 15:00:00,L,-24626.58919001863,False
2023-10-31 17:00:00,2023-10-31 18:00:00,L,-24503.456244068537,False
2023-11-13 16:00:00,2023-11-13 17:00:00,S,-24380.938962848195,False
2023-11-15 16:00:00,2023-11-15 19:00:00,L,-24259.034268033956,False
2023-11-16 11:00:00,2023-11-16 13:00:00,L,120688.69548346894,True
2023-11-17 07:00:00,2023-11-17 09:00:00,L,123705.91287055565,True
2023-11-17 13:00:00,2023-11-17 15:00:00,L,-25359.71213846391,False
2023-11-21 19:00:00,2023-11-21 21:00:00,L,3884.273646498898,True
2023-11-22 12:00:00,2023-11-22 15:00:00,L,-25252.334946004088,False
2023-11-22 17:00:00,2023-11-22 18:00:00,L,-25126.07327127407,False
2023-11-23 10:00:00,2023-11-23 14:00:00,L,-22486.681522372357,False
2023-11-23 17:00:00,2023-11-23 23:00:00,L,34399.828185935134,True
2023-11-27 14:00:00,2023-11-27 15:00:00,L,-25060.00863823552,False
2023-11-29 08:00:00,2023-11-29 09:00:00,L,-24934.70859504434,False
2023-11-30 12:00:00,2023-11-30 14:00:00,L,-24810.035052069117,False
2023-12-01 14:00:00,2023-12-01 16:00:00,L,123429.92438404386,True
2023-12-04 10:00:00,2023-12-04 14:00:00,L,-25303.13449872899,False
2023-12-08 12:00:00,2023-12-08 13:00:00,S,125883.09413117671,True
2023-12-08 20:00:00,2023-12-11 00:00:00,S,-25806.034296891223,False
2023-12-11 13:00:00,2023-12-11 15:00:00,S,79651.43314663401,True
2023-12-11 20:00:00,2023-12-11 23:00:00,S,-6830.941041976123,False
2023-12-12 14:00:00,2023-12-12 17:00:00,S,37498.60141533268,True
2023-12-14 19:00:00,2023-12-14 21:00:00,L,37415.39519366196,True
2023-12-15 14:00:00,2023-12-15 17:00:00,L,26659.226289954164,True
2023-12-18 10:00:00,2023-12-18 11:00:00,L,-26548.972700424794,False
2023-12-20 10:00:00,2023-12-20 11:00:00,L,-26416.227836922673,False
2023-12-21 08:00:00,2023-12-21 11:00:00,L,-17710.420943188456,False
2023-12-21 12:00:00,2023-12-21 13:00:00,L,-26195.594593022117,False
2023-12-22 16:00:00,2023-12-22 17:00:00,L,-26064.616620057008,False
2023-12-26 14:00:00,2023-12-26 18:00:00,L,-13738.572737361485,False
2023-12-27 21:00:00,2023-12-28 00:00:00,L,17113.829870423266,True
2023-12-28 12:00:00,2023-12-28 13:00:00,L,-25951.169822622032,False
2023-12-28 15:00:00,2023-12-28 16:00:00,L,-25821.41397350892,False
2023-12-28 17:00:00,2023-12-28 18:00:00,L,-25692.306903641373,False
2023-12-29 00:00:00,2023-12-29 03:00:00,L,18429.694905692435,True
2023-12-29 11:00:00,2023-12-29 14:00:00,L,-25655.993843651628,False
2024-01-02 12:00:00,2024-01-02 13:00:00,L,-25527.71387443337,False
2024-01-08 20:00:00,2024-01-09 00:00:00,S,-11843.303747659862,False
2024-01-09 08:00:00,2024-01-09 10:00:00,S,-25340.858786322908,False
2024-01-10 09:00:00,2024-01-10 10:00:00,S,-25214.15449239129,False
2024-01-11 12:00:00,2024-01-11 13:00:00,S,-25088.083719929335,False
2024-01-12 17:00:00,2024-01-12 18:00:00,L,-24962.64330132969,False
2024-01-15 08:00:00,2024-01-15 10:00:00,L,7045.337966432036,True
2024-01-15 12:00:00,2024-01-15 14:00:00,L,10171.82136755204,True
2024-01-15 15:00:00,2024-01-15 17:00:00,L,23907.076063041466,True
2024-01-16 16:00:00,2024-01-16 17:00:00,S,125217.25630904084,True
2024-01-17 14:00:00,2024-01-17 16:00:00,S,101289.00323738907,True
2024-01-18 08:00:00,2024-01-18 12:00:00,S,-3951.978258121674,False
2024-01-18 14:00:00,2024-01-18 15:00:00,S,-26156.22266824971,False
2024-01-18 18:00:00,2024-01-18 19:00:00,S,-26025.44155490846,False
2024-01-22 13:00:00,2024-01-22 17:00:00,S,66844.4153618175,True
2024-01-25 14:00:00,2024-01-25 15:00:00,S,-26229.536423943006,False
2024-01-29 12:00:00,2024-01-29 16:00:00,L,-26098.38874182329,False
2024-01-29 17:00:00,2024-01-29 21:00:00,L,49305.318204578194,True
2024-01-30 20:00:00,2024-01-30 23:00:00,L,13585.896091426906,True
2024-01-31 18:00:00,2024-01-31 19:00:00,L,-26282.3528695942,False
2024-02-01 08:00:00,2024-02-01 10:00:00,L,-26150.941105246227,False
2024-02-02 10:00:00,2024-02-02 14:00:00,L,-26020.186399719994,False
2024-02-05 17:00:00,2024-02-05 18:00:00,S,-25890.085467721397,False
2024-02-07 11:00:00,2024-02-07 14:00:00,L,128803.17520191395,True
2024-02-07 19:00:00,2024-02-07 21:00:00,L,-1708.302537036217,False
2024-02-12 10:00:00,2024-02-12 11:00:00,S,-26396.10940370718,False
2024-02-12 19:00:00,2024-02-12 21:00:00,S,19131.564909516776,True
2024-02-13 08:00:00,2024-02-13 09:00:00,S,-26359.78668123623,False
2024-02-13 13:00:00,2024-02-13 14:00:00,S,131139.93873915027,True
2024-02-14 11:00:00,2024-02-14 16:00:00,S,67027.28898000413,True
2024-02-14 17:00:00,2024-02-14 18:00:00,S,-27218.82388642582,False
2024-02-15 07:00:00,2024-02-15 08:00:00,S,-27082.729766993692,False
2024-02-15 20:00:00,2024-02-16 03:00:00,S,8304.671580167365,True
2024-02-21 09:00:00,2024-02-21 11:00:00,L,62404.90831215495,True
2024-02-21 19:00:00,2024-02-21 23:00:00,L,58393.719372746076,True
2024-02-26 12:00:00,2024-02-26 14:00:00,L,29301.511636295214,True
2024-02-26 15:00:00,2024-02-26 18:00:00,L,14434.667513188011,True
2024-02-27 17:00:00,2024-02-27 20:00:00,L,-27811.51351023148,False
2024-02-28 20:00:00,2024-02-28 23:00:00,L,38794.98559902628,True
2024-02-29 10:00:00,2024-02-29 12:00:00,L,-27866.430870675453,False
2024-02-29 18:00:00,2024-02-29 23:00:00,L,-20550.03074780187,False
2024-03-01 09:00:00,2024-03-01 11:00:00,L,138121.74281291533,True
2024-03-04 12:00:00,2024-03-04 13:00:00,L,141574.7863832382,True
2024-03-05 18:00:00,2024-03-05 20:00:00,L,-9218.619599097816,False
2024-03-11 09:00:00,2024-03-11 11:00:00,L,2393.146099130758,True
2024-03-12 12:00:00,2024-03-12 15:00:00,L,-28988.703841064005,False
2024-03-12 19:00:00,2024-03-12 23:00:00,L,39949.377091520844,True
2024-03-13 09:00:00,2024-03-13 12:00:00,L,74560.07592926675,True
2024-03-14 14:00:00,2024-03-14 15:00:00,L,-29416.30758696262,False
2024-03-15 12:00:00,2024-03-15 13:00:00,L,-29269.226049027806,False
2024-03-21 14:00:00,2024-03-21 15:00:00,L,-29122.87991878267,False
2024-03-25 17:00:00,2024-03-25 19:00:00,L,-28977.265519188753,False
2024-03-26 14:00:00,2024-03-26 15:00:00,L,-28832.379191592812,False
2024-04-01 08:00:00,2024-04-01 09:00:00,L,-28688.217295634844,False
2024-04-01 15:00:00,2024-04-01 20:00:00,L,51043.35253968424,True
2024-04-02 16:00:00,2024-04-02 20:00:00,L,116656.01101164582,True
2024-04-03 07:00:00,2024-04-03 08:00:00,L,-29383.273026913324,False
2024-04-04 20:00:00,2024-04-04 23:00:00,L,31695.695702785353,True
2024-04-07 22:00:00,2024-04-07 23:00:00,L,-29394.835140292686,False
2024-04-08 09:00:00,2024-04-08 11:00:00,L,20062.679803623636,True
2024-04-08 14:00:00,2024-04-08 16:00:00,L,3272.964908556622,True
2024-04-09 13:00:00,2024-04-09 15:00:00,L,20446.81995114408,True
2024-04-09 16:00:00,2024-04-09 18:00:00,L,37275.50293522376,True
2024-04-10 09:00:00,2024-04-10 10:00:00,L,-29653.15080258397,False
2024-04-10 20:00:00,2024-04-11 01:00:00,L,27959.2963311958,True
2024-04-11 11:00:00,2024-04-11 12:00:00,L,-29644.68153022703,False
2024-04-15 07:00:00,2024-04-15 08:00:00,L,-29496.458122575892,False
2024-04-16 08:00:00,2024-04-16 12:00:00,L,44848.37418188612,True
2024-04-16 14:00:00,2024-04-16 17:00:00,L,154845.9890712726,True
2024-04-17 16:00:00,2024-04-17 17:00:00,L,-30347.44764822881,False
2024-04-18 20:00:00,2024-04-19 01:00:00,L,-6536.251695448501,False
2024-04-19 12:00:00,2024-04-19 14:00:00,L,9728.314205387054,True
2024-04-19 20:00:00,2024-04-21 22:00:00,L,-30211.670722537354,False
2024-04-26 14:00:00,2024-04-26 17:00:00,L,-30060.612368924663,False
2024-04-29 07:00:00,2024-04-29 10:00:00,L,111097.43990030751,True
2024-04-29 12:00:00,2024-04-29 15:00:00,L,-30465.79650658158,False
2024-05-02 15:00:00,2024-05-02 18:00:00,S,-25977.85586403387,False
2024-05-02 19:00:00,2024-05-02 22:00:00,S,28421.551874126817,True
2024-05-03 10:00:00,2024-05-03 13:00:00,S,-30325.686004099138,False
2024-05-03 20:00:00,2024-05-05 22:00:00,S,-30174.05757407864,False
2024-05-07 15:00:00,2024-05-07 20:00:00,L,4309.477141656012,True
2024-05-09 10:00:00,2024-05-09 14:00:00,L,190054.68890888762,True
2024-05-10 12:00:00,2024-05-10 13:00:00,L,-30995.00811646097,False
2024-05-10 20:00:00,2024-05-13 01:00:00,L,5131.847030713239,True
2024-05-14 07:00:00,2024-05-14 10:00:00,L,100237.77895876936,True
2024-05-14 12:00:00,2024-05-14 15:00:00,L,96522.11964194138,True
2024-05-15 14:00:00,2024-05-15 16:00:00,L,159247.4590201789,True
2024-05-16 11:00:00,2024-05-16 12:00:00,L,-32645.729099136675,False
2024-05-16 13:00:00,2024-05-16 14:00:00,L,-32482.50045364099,False
2024-05-16 19:00:00,2024-05-17 02:00:00,L,-15199.415459945341,False
2024-05-20 12:00:00,2024-05-20 15:00:00,L,-32244.09087407306,False
2024-05-20 22:00:00,2024-05-21 01:00:00,L,15029.240834024182,True
2024-05-21 16:00:00,2024-05-21 18:00:00,L,-32158.016623872812,False
2024-05-21 19:00:00,2024-05-21 23:00:00,L,12456.334426430822,True
2024-05-23 11:00:00,2024-05-23 13:00:00,S,28311.97940069703,True
2024-05-30 07:00:00,2024-05-30 09:00:00,S,-32201.068109889085,False
2024-05-30 11:00:00,2024-05-30 12:00:00,S,-32040.062769339638,False
2024-05-30 15:00:00,2024-05-30 17:00:00,S,-31879.86245549294,False
2024-05-31 14:00:00,2024-05-31 15:00:00,S,158602.3157160774,True
2024-06-06 09:00:00,2024-06-06 10:00:00,L,-32513.474721795865,False
2024-06-06 11:00:00,2024-06-06 13:00:00,L,-32350.907348186887,False
2024-06-10 08:00:00,2024-06-10 10:00:00,S,11415.87380204452,True
2024-06-10 12:00:00,2024-06-10 15:00:00,S,21831.047111541568,True
2024-06-10 17:00:00,2024-06-10 19:00:00,S,19453.10836128681,True
2024-06-11 10:00:00,2024-06-11 12:00:00,S,-15340.657040581444,False
2024-06-11 19:00:00,2024-06-11 20:00:00,S,-32375.949672617415,False
2024-06-13 08:00:00,2024-06-13 12:00:00,S,100693.79023305055,True
2024-06-13 13:00:00,2024-06-13 15:00:00,S,163587.6943770979,True
2024-06-13 19:00:00,2024-06-13 23:00:00,S,436.5721923236675,True
2024-06-14 16:00:00,2024-06-14 18:00:00,L,74619.38612660262,True
2024-06-18 12:00:00,2024-06-18 16:00:00,S,-33910.7571388997,False
2024-06-20 11:00:00,2024-06-20 14:00:00,L,168706.01676602603,True
2024-06-24 09:00:00,2024-06-24 12:00:00,S,43778.20800507282,True
2024-06-24 15:00:00,2024-06-24 17:00:00,S,-11629.537333918934,False
2024-06-25 20:00:00,2024-06-25 23:00:00,S,-12859.919441591619,False
2024-06-26 10:00:00,2024-06-26 15:00:00,S,243441.58520776423,True
2024-06-27 10:00:00,2024-06-27 11:00:00,S,-35898.385119221966,False
2024-07-01 13:00:00,2024-07-01 14:00:00,L,-35718.89319362585,False
2024-07-03 17:00:00,2024-07-03 19:00:00,L,-2224.92266989859,False
2024-07-04 18:00:00,2024-07-04 22:00:00,L,-35529.17411430823,False
2024-07-05 10:00:00,2024-07-05 12:00:00,L,69207.04906787696,True
2024-07-08 07:00:00,2024-07-08 08:00:00,L,-35697.56348907608,False
2024-07-09 15:00:00,2024-07-09 17:00:00,L,23701.0849514718,True
2024-07-10 10:00:00,2024-07-10 12:00:00,L,125919.76825747968,True
2024-07-10 15:00:00,2024-07-10 17:00:00,L,36987.85659025196,True
2024-07-10 18:00:00,2024-07-10 20:00:00,L,-15832.652652447858,False
2024-07-11 18:00:00,2024-07-11 20:00:00,L,3933.0306440001946,True
2024-07-12 07:00:00,2024-07-12 09:00:00,L,46633.937115176006,True
2024-07-12 11:00:00,2024-07-12 12:00:00,L,-36625.790796160356,False
2024-07-12 20:00:00,2024-07-14 22:00:00,L,-36442.66184217956,False
2024-07-15 18:00:00,2024-07-15 20:00:00,L,-3987.230794301064,False
2024-07-16 13:00:00,2024-07-16 14:00:00,L,181202.5618949858,True
2024-07-17 11:00:00,2024-07-17 13:00:00,L,56122.22872094363,True
2024-07-17 15:00:00,2024-07-17 16:00:00,L,-37427.1363320768,False
2024-07-18 09:00:00,2024-07-18 10:00:00,L,-37240.00065041641,False
2024-07-18 17:00:00,2024-07-18 18:00:00,L,-37053.80064716433,False
2024-07-24 09:00:00,2024-07-24 11:00:00,L,26659.312250046307,True
2024-07-25 11:00:00,2024-07-25 13:00:00,S,80785.37372360419,True
2024-07-25 20:00:00,2024-07-25 23:00:00,S,-6240.723354647535,False
2024-07-29 10:00:00,2024-07-29 12:00:00,S,72459.65438634114,True
2024-07-29 13:00:00,2024-07-29 15:00:00,S,161343.509680797,True
2024-07-29 20:00:00,2024-07-29 23:00:00,S,-12896.395140955086,False
2024-07-31 08:00:00,2024-07-31 10:00:00,L,45767.214447990824,True
2024-08-01 08:00:00,2024-08-01 09:00:00,L,-38707.921373894394,False
2024-08-01 16:00:00,2024-08-01 17:00:00,L,-38514.38176702492,False
2024-08-02 09:00:00,2024-08-02 11:00:00,L,17816.536310328174,True
2024-08-02 12:00:00,2024-08-02 14:00:00,L,96330.60888116185,True
2024-08-02 15:00:00,2024-08-02 17:00:00,L,-5508.766075063668,False
2024-08-06 08:00:00,2024-08-06 09:00:00,S,-38865.001753771925,False
2024-08-06 18:00:00,2024-08-06 20:00:00,S,37483.289521715524,True
2024-08-07 07:00:00,2024-08-07 09:00:00,S,15548.924449019392,True
2024-08-07 10:00:00,2024-08-07 11:00:00,S,-38935.83781485674,False
2024-08-08 09:00:00,2024-08-08 11:00:00,L,148969.09771442236,True
2024-08-09 19:00:00,2024-08-11 22:00:00,L,17206.973291684768,True
2024-08-13 09:00:00,2024-08-13 11:00:00,L,23634.450010707584,True
2024-08-13 18:00:00,2024-08-13 19:00:00,L,-39690.21123086653,False
2024-08-14 18:00:00,2024-08-14 20:00:00,L,53775.80063737578,True
2024-08-15 13:00:00,2024-08-15 15:00:00,L,95889.3898558352,True
2024-08-15 20:00:00,2024-08-15 23:00:00,L,-7460.08153869014,False
2024-08-19 10:00:00,2024-08-19 11:00:00,L,-40202.785719484804,False
2024-08-20 16:00:00,2024-08-20 18:00:00,L,19190.340627511312,True
2024-08-21 08:00:00,2024-08-21 09:00:00,L,-40097.72349402493,False
2024-08-22 09:00:00,2024-08-22 11:00:00,L,22592.099794267855,True
2024-08-22 12:00:00,2024-08-22 13:00:00,L,-40010.19537552615,False
2024-08-26 14:00:00,2024-08-26 15:00:00,L,-39810.14439864852,False
2024-08-29 13:00:00,2024-08-29 15:00:00,L,144806.58405309168,True
2024-08-29 20:00:00,2024-08-29 23:00:00,L,-3184.7980217956956,False
2024-08-30 11:00:00,2024-08-30 13:00:00,L,60783.55261442771,True
2024-09-05 14:00:00,2024-09-05 15:00:00,L,-40623.120369883894,False
2024-09-06 08:00:00,2024-09-06 10:00:00,L,64039.55039890781,True
2024-09-06 12:00:00,2024-09-06 13:00:00,L,-40740.20252002901,False
2024-09-06 14:00:00,2024-09-06 15:00:00,L,-40536.50150742887,False
2024-09-10 08:00:00,2024-09-10 09:00:00,L,-40333.81899989172,False
2024-09-10 14:00:00,2024-09-10 16:00:00,L,84958.64673734477,True
2024-09-11 08:00:00,2024-09-11 10:00:00,L,30056.724735016243,True
2024-09-11 11:00:00,2024-09-11 12:00:00,L,-40707.22676225407,False
2024-09-11 13:00:00,2024-09-11 14:00:00,L,-40503.6906284428,False
2024-09-11 19:00:00,2024-09-11 22:00:00,L,3237.0175054784295,True
2024-09-12 07:00:00,2024-09-12 09:00:00,L,9725.835086886307,True
2024-09-12 11:00:00,2024-09-12 12:00:00,L,201829.93219131202,True
2024-09-13 11:00:00,2024-09-13 13:00:00,L,137044.56431464397,True
2024-09-16 07:00:00,2024-09-16 08:00:00,L,-42060.35892079219,False
2024-09-16 16:00:00,2024-09-16 18:00:00,L,37675.87286796706,True
2024-09-17 09:00:00,2024-09-17 10:00:00,L,-42038.436490528075,False
2024-09-17 16:00:00,2024-09-17 17:00:00,L,-41828.24430807543,False
2024-09-18 14:00:00,2024-09-18 15:00:00,L,-41619.103086535055,False
2024-09-18 16:00:00,2024-09-18 18:00:00,L,-26871.684063384993,False
2024-09-19 13:00:00,2024-09-19 14:00:00,L,-41276.64915078545,False
2024-09-19 19:00:00,2024-09-19 22:00:00,L,-16771.356069689187,False
2024-09-20 14:00:00,2024-09-20 16:00:00,L,169756.41636226745,True
2024-09-23 07:00:00,2024-09-23 08:00:00,L,-41835.19120649441,False
2024-09-23 17:00:00,2024-09-23 19:00:00,L,-11962.134543201491,False
2024-09-24 12:00:00,2024-09-24 14:00:00,L,116325.25122968647,True
2024-09-25 16:00:00,2024-09-25 17:00:00,L,-42147.83083389436,False
2024-09-26 14:00:00,2024-09-26 16:00:00,L,89752.27699571599,True
2024-09-27 09:00:00,2024-09-27 11:00:00,L,24954.240873173934,True
2024-09-27 15:00:00,2024-09-27 17:00:00,L,24580.187367109498,True
2024-09-27 18:00:00,2024-09-27 20:00:00,L,71457.87084208298,True
2024-09-30 08:00:00,2024-09-30 10:00:00,L,-15066.842189540012,False
2024-10-01 19:00:00,2024-10-01 22:00:00,L,22015.209516008315,True
2024-10-04 07:00:00,2024-10-04 09:00:00,L,-20044.854999069954,False
2024-10-11 07:00:00,2024-10-11 09:00:00,L,-3220.6499536351803,False
2024-10-11 20:00:00,2024-10-13 22:00:00,L,-42909.228871984116,False
2024-10-14 09:00:00,2024-10-14 10:00:00,L,-42694.6827276242,False
2024-10-14 15:00:00,2024-10-14 17:00:00,L,33629.260297411885,True
2024-10-15 12:00:00,2024-10-15 14:00:00,L,11568.127626725654,True
2024-10-16 11:00:00,2024-10-16 13:00:00,L,108587.00128507926,True
2024-10-16 14:00:00,2024-10-16 15:00:00,L,-43250.13126003217,False
2024-10-18 08:00:00,2024-10-18 10:00:00,L,137335.15866548553,True
2024-10-18 13:00:00,2024-10-18 15:00:00,L,103648.95028512715,True
2024-10-21 15:00:00,2024-10-21 16:00:00,L,-44238.80114848508,False
2024-10-21 19:00:00,2024-10-21 22:00:00,L,48687.85036819396,True
2024-10-22 10:00:00,2024-10-22 12:00:00,L,8176.111990110866,True
2024-10-23 10:00:00,2024-10-23 12:00:00,L,-13216.043089041688,False
2024-10-25 08:00:00,2024-10-25 09:00:00,L,-44235.84673908897,False
2024-10-28 09:00:00,2024-10-28 10:00:00,L,-44014.667505393525,False
2024-10-30 09:00:00,2024-10-30 11:00:00,L,-27225.57934703548,False
2024-10-31 07:00:00,2024-10-31 08:00:00,L,-43658.46627113139,False
2024-10-31 09:00:00,2024-10-31 10:00:00,L,-43440.17393977573,False
2024-11-08 10:00:00,2024-11-08 11:00:00,S,-43222.97307007684,False
2024-11-08 12:00:00,2024-11-08 13:00:00,S,-43006.85820472646,False
2024-11-11 07:00:00,2024-11-11 09:00:00,S,51624.30975164938,True
2024-11-11 19:00:00,2024-11-11 20:00:00,S,-43049.945462461066,False
2024-11-12 12:00:00,2024-11-12 13:00:00,S,-42834.69573514876,False
2024-11-13 10:00:00,2024-11-13 11:00:00,S,-42620.522256473014,False
2024-11-14 12:00:00,2024-11-14 13:00:00,S,-42407.41964519065,False
2024-11-14 16:00:00,2024-11-14 17:00:00,S,-42195.3825469647,False
2024-11-14 20:00:00,2024-11-14 23:00:00,S,101565.91580481864,True
2024-11-15 08:00:00,2024-11-15 09:00:00,S,-42492.23521325397,False
2024-11-15 11:00:00,2024-11-15 13:00:00,S,-16469.963892644795,False
2024-11-15 15:00:00,2024-11-15 17:00:00,S,105744.86581441325,True
2024-11-21 13:00:00,2024-11-21 15:00:00,L,22220.626524849828,True
2024-11-22 14:00:00,2024-11-22 16:00:00,L,97721.71490562122,True
2024-11-26 10:00:00,2024-11-26 11:00:00,S,-43325.86025394891,False
2024-11-26 20:00:00,2024-11-26 21:00:00,S,-43109.230952679165,False
2024-11-27 14:00:00,2024-11-27 15:00:00,S,214468.42398957885,True
2024-12-02 10:00:00,2024-12-02 11:00:00,S,-43966.026917863666,False
2024-12-02 14:00:00,2024-12-02 16:00:00,S,48596.07895097289,True
2024-12-03 14:00:00,2024-12-03 15:00:00,S,219945.88589014605,True
2024-12-03 18:00:00,2024-12-03 20:00:00,S,73968.24171619325,True
2024-12-06 09:00:00,2024-12-06 11:00:00,S,128840.62943578843,True
2024-12-06 17:00:00,2024-12-06 19:00:00,S,37335.09207719987,True
2024-12-09 18:00:00,2024-12-09 19:00:00,L,-46289.62642362585,False
2024-12-10 08:00:00,2024-12-10 09:00:00,L,-46058.17829150773,False
2024-12-10 20:00:00,2024-12-10 23:00:00,L,38185.9696807769,True
2024-12-12 10:00:00,2024-12-12 11:00:00,L,-46018.81724845408,False
2024-12-12 20:00:00,2024-12-12 23:00:00,L,-29692.122389356373,False
2024-12-13 13:00:00,2024-12-13 15:00:00,S,142983.42879752076,True
2024-12-13 17:00:00,2024-12-13 19:00:00,S,98422.35617301316,True
2024-12-16 07:00:00,2024-12-16 08:00:00,S,-46847.291475117694,False
2024-12-16 12:00:00,2024-12-16 14:00:00,S,29239.920388959676,True
2024-12-16 19:00:00,2024-12-16 21:00:00,S,44776.15556425714,True
2024-12-17 13:00:00,2024-12-17 15:00:00,S,83133.91780269072,True
2024-12-17 18:00:00,2024-12-17 20:00:00,S,7610.1728194541065,True
2024-12-18 09:00:00,2024-12-18 11:00:00,S,-9798.719751036739,False
2024-12-19 07:00:00,2024-12-19 08:00:00,S,-47387.862251863735,False
2024-12-19 09:00:00,2024-12-19 10:00:00,S,-47150.92294060442,False
2024-12-19 19:00:00,2024-12-19 21:00:00,S,35538.477817249244,True
2024-12-24 17:00:00,2024-12-25 23:00:00,S,-47092.86071498764,False
2024-12-27 17:00:00,2024-12-27 19:00:00,S,-11233.714218629271,False
2024-12-30 12:00:00,2024-12-30 13:00:00,S,-46801.22784031956,False
2024-12-30 19:00:00,2024-12-30 21:00:00,S,-20761.261530271095,False
2024-12-31 07:00:00,2024-12-31 08:00:00,S,-46463.4153934666,False
2025-01-02 20:00:00,2025-01-02 23:00:00,L,37680.708051387606,True
2025-01-03 08:00:00,2025-01-03 10:00:00,L,-10251.390249643811,False
2025-01-03 15:00:00,2025-01-03 16:00:00,L,-46368.24490550799,False
2025-01-03 20:00:00,2025-01-03 21:00:00,L,-46136.40368098046,False
2025-01-06 17:00:00,2025-01-06 19:00:00,S,56015.91787494323,True
2025-01-07 16:00:00,2025-01-07 18:00:00,L,55748.843803253716,True
2025-01-07 19:00:00,2025-01-07 21:00:00,L,16413.258901152756,True
2025-01-08 19:00:00,2025-01-08 21:00:00,L,121772.05322911483,True
2025-01-09 16:00:00,2025-01-09 17:00:00,L,-47155.47203161787,False
2025-01-10 19:00:00,2025-01-10 21:00:00,L,40747.31735680758,True
2025-01-13 08:00:00,2025-01-13 10:00:00,L,-6266.568496092036,False
2025-01-14 10:00:00,2025-01-14 11:00:00,L,-47092.09841576337,False
2025-01-14 14:00:00,2025-01-14 16:00:00,L,131110.99011412714,True
2025-01-15 13:00:00,2025-01-15 14:00:00,L,-47512.19287425518,False
2025-01-15 15:00:00,2025-01-15 16:00:00,L,-47274.63190988391,False
2025-01-16 19:00:00,2025-01-16 21:00:00,L,8751.702786396912,True
2025-01-17 08:00:00,2025-01-17 09:00:00,L,-47082.01726426647,False
2025-01-17 10:00:00,2025-01-17 12:00:00,L,63011.25873798977,True
2025-01-17 14:00:00,2025-01-17 16:00:00,L,157112.4447517674,True
2025-01-17 19:00:00,2025-01-17 20:00:00,L,-47947.225695393936,False
2025-01-20 08:00:00,2025-01-20 10:00:00,L,40089.58361331914,True
2025-01-20 14:00:00,2025-01-20 16:00:00,L,27005.373459056285,True
2025-01-21 07:00:00,2025-01-21 09:00:00,L,-12851.62478062978,False
2025-01-22 07:00:00,2025-01-22 09:00:00,L,96063.94083042745,True
2025-01-22 20:00:00,2025-01-22 23:00:00,L,14895.860477798256,True
2025-01-23 13:00:00,2025-01-23 14:00:00,L,-48533.50523491682,False
2025-01-23 20:00:00,2025-01-23 23:00:00,L,6371.875799985035,True
2025-01-24 08:00:00,2025-01-24 10:00:00,L,3417.967889041066,True
2025-01-24 16:00:00,2025-01-24 17:00:00,L,-48339.78692718736,False
2025-01-29 11:00:00,2025-01-29 12:00:00,L,-48098.087992551424,False
2025-01-29 17:00:00,2025-01-29 18:00:00,L,-47857.59755258867,False
2025-01-31 07:00:00,2025-01-31 09:00:00,L,10483.276336053688,True
2025-01-31 17:00:00,2025-01-31 18:00:00,L,-47670.72594650599,False
2025-01-31 19:00:00,2025-01-31 20:00:00,L,-47432.37231677346,False
2025-02-03 17:00:00,2025-02-03 19:00:00,L,63790.059878685206,True
2025-02-05 14:00:00,2025-02-05 15:00:00,L,237570.80377291507,True
2025-02-05 19:00:00,2025-02-05 20:00:00,L,-48702.01477344759,False
2025-02-06 07:00:00,2025-02-06 08:00:00,L,-48458.50469958036,False
2025-02-06 14:00:00,2025-02-06 15:00:00,L,-48216.21217608245,False
2025-02-07 13:00:00,2025-02-07 14:00:00,L,-47975.131115202035,False
2025-02-07 17:00:00,2025-02-07 19:00:00,L,3368.922103937171,True
2025-02-10 14:00:00,2025-02-10 16:00:00,L,92545.79975277859,True
2025-02-10 17:00:00,2025-02-10 19:00:00,L,46103.5700157684,True
2025-02-11 07:00:00,2025-02-11 08:00:00,L,-48445.34691898845,False
2025-02-11 20:00:00,2025-02-11 23:00:00,L,-29577.446910001738,False
2025-02-12 20:00:00,2025-02-12 23:00:00,L,73335.35050715237,True
2025-02-13 08:00:00,2025-02-13 09:00:00,L,-48421.909702379264,False
2025-02-13 14:00:00,2025-02-13 16:00:00,L,148649.85202367444,True
2025-02-14 12:00:00,2025-02-14 13:00:00,L,-48923.04941398574,False
2025-02-19 12:00:00,2025-02-19 14:00:00,L,18692.848092404252,True
2025-02-19 16:00:00,2025-02-19 17:00:00,L,-48771.898407377834,False
2025-02-20 12:00:00,2025-02-20 13:00:00,L,-48528.03891534095,False
2025-02-20 14:00:00,2025-02-20 16:00:00,L,50945.45297091651,True
2025-02-21 13:00:00,2025-02-21 15:00:00,L,42864.16760347588,True
2025-02-21 20:00:00,2025-02-23 23:00:00,L,28841.18227937235,True
2025-02-24 11:00:00,2025-02-24 13:00:00,L,96905.1226579593,True
2025-02-24 15:00:00,2025-02-24 17:00:00,L,47899.14055602533,True
2025-02-25 12:00:00,2025-02-25 13:00:00,L,-49622.674051102986,False
2025-02-28 10:00:00,2025-02-28 12:00:00,S,3180.6842314633714,True
2025-02-28 17:00:00,2025-02-28 19:00:00,S,33361.63156139143,True
2025-02-28 20:00:00,2025-02-28 21:00:00,S,-49557.272259811754,False
2025-03-04 07:00:00,2025-03-04 08:00:00,L,246547.4294925635,True
2025-03-04 15:00:00,2025-03-04 17:00:00,L,111482.33927391411,True
2025-03-05 14:00:00,2025-03-05 16:00:00,L,160037.81304175645,True
2025-03-06 08:00:00,2025-03-06 09:00:00,L,-51899.82380755386,False
2025-03-06 20:00:00,2025-03-06 21:00:00,L,-51640.32468851609,False
2025-03-07 14:00:00,2025-03-07 16:00:00,L,21677.188522616383,True
2025-03-12 07:00:00,2025-03-12 09:00:00,L,186998.09221712546,True
2025-03-12 11:00:00,2025-03-12 13:00:00,L,53125.536509144215,True
2025-03-12 20:00:00,2025-03-12 23:00:00,L,113782.87922985243,True
2025-03-13 13:00:00,2025-03-13 14:00:00,L,266300.20773733605,True
2025-03-14 14:00:00,2025-03-14 15:00:00,L,-54591.54258615389,False
2025-03-14 19:00:00,2025-03-16 22:00:00,L,26983.355164280998,True
2025-03-17 13:00:00,2025-03-17 15:00:00,L,192504.0641313493,True
2025-03-18 15:00:00,2025-03-18 17:00:00,L,113665.90878169633,True
2025-03-19 08:00:00,2025-03-19 09:00:00,L,-55984.35151360975,False
2025-03-19 15:00:00,2025-03-19 17:00:00,L,83906.49407694305,True
2025-03-20 08:00:00,2025-03-20 10:00:00,L,-12222.984790334713,False
2025-03-20 14:00:00,2025-03-20 16:00:00,L,104957.16711562099,True
2025-03-24 10:00:00,2025-03-24 12:00:00,L,15464.675993124512,True
2025-03-25 12:00:00,2025-03-25 14:00:00,L,143263.90400704488,True
2025-03-25 16:00:00,2025-03-25 18:00:00,L,18237.733895341287,True
2025-03-25 19:00:00,2025-03-25 22:00:00,L,19339.945642011066,True
2025-03-26 09:00:00,2025-03-26 10:00:00,L,-57569.16443574046,False
2025-03-28 15:00:00,2025-03-28 17:00:00,L,143331.48558065444,True
2025-03-31 10:00:00,2025-03-31 12:00:00,L,51338.630051606255,True
2025-04-01 08:00:00,2025-04-01 10:00:00,L,55559.47277494678,True
2025-04-01 12:00:00,2025-04-01 14:00:00,L,49362.30804768744,True
2025-04-01 16:00:00,2025-04-01 17:00:00,L,-58779.27809583623,False
2025-04-02 11:00:00,2025-04-02 13:00:00,L,88902.0219978167,True
2025-04-02 18:00:00,2025-04-02 20:00:00,L,8781.44363044276,True
2025-04-07 09:00:00,2025-04-07 11:00:00,S,394.1200012488102,True
2025-04-07 20:00:00,2025-04-07 22:00:00,S,-58975.76963350459,False
2025-04-08 11:00:00,2025-04-08 12:00:00,S,-58680.89078533706,False
2025-04-09 18:00:00,2025-04-09 20:00:00,L,169114.345981162,True
2025-04-10 08:00:00,2025-04-10 10:00:00,L,55906.590833477334,True
2025-04-10 14:00:00,2025-04-10 15:00:00,L,297562.9550774179,True
2025-04-11 11:00:00,2025-04-11 13:00:00,L,142001.35774429297,True
2025-04-11 17:00:00,2025-04-11 19:00:00,L,83393.76080307658,True
2025-04-14 13:00:00,2025-04-14 14:00:00,L,-62127.38138360752,False
2025-04-14 16:00:00,2025-04-14 18:00:00,L,129999.22681294242,True
2025-04-15 11:00:00,2025-04-15 12:00:00,L,-62466.74061075419,False
2025-04-15 14:00:00,2025-04-15 16:00:00,L,101066.64224922171,True
2025-04-17 14:00:00,2025-04-17 15:00:00,L,-62659.74011894653,False
2025-04-22 07:00:00,2025-04-22 08:00:00,L,-62346.441418351795,False
2025-04-22 13:00:00,2025-04-22 14:00:00,L,-62034.70921126004,False
2025-04-22 16:00:00,2025-04-22 17:00:00,L,-61724.53566520374,False
2025-04-24 11:00:00,2025-04-24 13:00:00,L,44900.38123942248,True
2025-05-05 15:00:00,2025-05-05 16:00:00,L,-61640.41489307483,False
2025-05-07 09:00:00,2025-05-07 10:00:00,L,-61332.212818609456,False
2025-05-07 20:00:00,2025-05-07 22:00:00,L,-61025.55175451641,False
2025-05-08 10:00:00,2025-05-08 12:00:00,L,85068.09614931642,True
2025-05-12 12:00:00,2025-05-12 13:00:00,S,-61145.76447649041,False
2025-05-12 20:00:00,2025-05-12 23:00:00,S,14823.928238543185,True
2025-05-13 15:00:00,2025-05-13 16:00:00,S,-60914.15529530067,False
2025-05-14 08:00:00,2025-05-14 10:00:00,S,60232.054031486885,True
2025-05-14 17:00:00,2025-05-14 19:00:00,S,140864.62945575273,True
2025-05-15 07:00:00,2025-05-15 08:00:00,S,-61615.06793626037,False
2025-05-15 09:00:00,2025-05-15 10:00:00,S,-61306.99259657907,False
2025-05-15 20:00:00,2025-05-15 22:00:00,S,-61000.45763359617,False
2025-05-16 14:00:00,2025-05-16 16:00:00,S,-16199.276493497111,False
2025-05-16 20:00:00,2025-05-18 22:00:00,S,-60614.4589629607,False
2025-05-21 09:00:00,2025-05-21 11:00:00,L,36717.55248108046,True
2025-05-22 07:00:00,2025-05-22 08:00:00,L,-60494.97443055131,False
2025-05-22 14:00:00,2025-05-22 16:00:00,L,46345.24672493305,True
2025-05-22 19:00:00,2025-05-22 22:00:00,L,11068.911453200166,True
2025-05-26 07:00:00,2025-05-26 08:00:00,L,-60479.57034928922,False
2025-05-28 19:00:00,2025-05-28 20:00:00,S,300885.86248771386,True
2025-05-29 19:00:00,2025-05-29 20:00:00,L,-61681.601809981345,False
2025-06-03 11:00:00,2025-06-03 12:00:00,L,-61373.19380093143,False
2025-06-03 14:00:00,2025-06-03 16:00:00,L,48005.71440095474,True
2025-06-04 11:00:00,2025-06-04 12:00:00,L,-61306.356403931546,False
2025-06-04 20:00:00,2025-06-04 23:00:00,L,2752.6701870289753,True
2025-06-06 07:00:00,2025-06-06 09:00:00,L,55508.62385074155,True
2025-06-06 10:00:00,2025-06-06 12:00:00,L,20955.243554598674,True
2025-06-11 17:00:00,2025-06-11 18:00:00,L,-61395.907309873735,False
2025-06-12 08:00:00,2025-06-12 10:00:00,L,172817.76593533464,True
2025-06-13 11:00:00,2025-06-13 13:00:00,L,196051.06629622882,True
2025-06-13 15:00:00,2025-06-13 16:00:00,L,-62933.271934482196,False
2025-06-16 10:00:00,2025-06-16 12:00:00,L,35804.892084102234,True
2025-06-16 14:00:00,2025-06-16 16:00:00,L,157833.32102958902,True
2025-06-23 08:00:00,2025-06-23 09:00:00,S,-63586.79664037825,False
2025-06-24 16:00:00,2025-06-24 17:00:00,S,-63268.86265717636,False
2025-06-24 20:00:00,2025-06-24 23:00:00,S,26133.88239614663,True
2025-06-25 16:00:00,2025-06-25 17:00:00,S,-63083.187755871215,False
2025-06-25 20:00:00,2025-06-25 23:00:00,S,8700.72096000749,True
2025-06-26 07:00:00,2025-06-26 08:00:00,S,-62811.27542189189,False
2025-06-26 16:00:00,2025-06-26 17:00:00,S,-62497.21904478244,False
2025-06-27 16:00:00,2025-06-27 17:00:00,S,-62184.73294955853,False
2025-06-30 14:00:00,2025-06-30 15:00:00,S,-61873.80928481073,False
2025-06-30 19:00:00,2025-06-30 20:00:00,S,-61564.44023838668,False
2025-07-01 15:00:00,2025-07-01 16:00:00,L,-61256.61803719475,False
2025-07-02 07:00:00,2025-07-02 09:00:00,L,1520.1413567199245,True
2025-07-02 14:00:00,2025-07-02 16:00:00,L,49144.405501549925,True
2025-07-03 17:00:00,2025-07-03 19:00:00,S,52449.636065227896,True
2025-07-04 10:00:00,2025-07-04 12:00:00,L,4802.901775996114,True
2025-07-08 13:00:00,2025-07-08 14:00:00,S,307449.60185253125,True
2025-07-08 18:00:00,2025-07-08 20:00:00,S,47009.75428716871,True
2025-07-09 11:00:00,2025-07-09 13:00:00,S,-10482.17269505604,False
2025-07-09 20:00:00,2025-07-09 22:00:00,S,-63209.806287729465,False
2025-07-11 07:00:00,2025-07-11 09:00:00,L,11263.125319732564,True
2025-07-11 17:00:00,2025-07-11 19:00:00,L,33938.76837172818,True
2025-07-14 12:00:00,2025-07-14 13:00:00,L,-63119.76672474811,False
2025-07-14 15:00:00,2025-07-14 17:00:00,L,58509.03265629262,True
2025-07-14 20:00:00,2025-07-14 23:00:00,L,24464.558556139018,True
2025-07-15 19:00:00,2025-07-15 22:00:00,S,55968.30802026171,True
2025-07-16 14:00:00,2025-07-16 15:00:00,L,317494.3869364392,True
2025-07-16 20:00:00,2025-07-16 23:00:00,L,31442.951184902442,True
2025-07-18 16:00:00,2025-07-18 18:00:00,L,-29606.84746267016,False
2025-07-21 18:00:00,2025-07-21 20:00:00,L,103546.10888574632,True
2025-07-23 11:00:00,2025-07-23 13:00:00,L,-45358.124295408976,False
2025-07-23 16:00:00,2025-07-23 17:00:00,L,-65386.46976353288,False
2025-07-25 18:00:00,2025-07-25 19:00:00,S,-65059.53741471522,False
2025-07-28 19:00:00,2025-07-28 20:00:00,S,-64734.239727641645,False
2025-07-29 09:00:00,2025-07-29 11:00:00,S,69941.46468655585,True
2025-07-29 13:00:00,2025-07-29 14:00:00,S,-64760.27585243621,False
2025-07-29 15:00:00,2025-07-29 17:00:00,S,74017.78509629764,True
2025-07-30 09:00:00,2025-07-30 11:00:00,S,74738.90286987818,True
2025-07-30 18:00:00,2025-07-30 19:00:00,S,325901.28956502455,True
2025-07-31 09:00:00,2025-07-31 11:00:00,S,209710.38519414287,True
2025-07-31 13:00:00,2025-07-31 15:00:00,S,163532.5394228169,True
2025-08-04 17:00:00,2025-08-04 19:00:00,L,77908.72694654152,True
2025-08-05 07:00:00,2025-08-05 09:00:00,L,-3069.1875748817333,False
2025-08-05 18:00:00,2025-08-05 20:00:00,L,-18958.294100471947,False
2025-08-06 09:00:00,2025-08-06 10:00:00,L,-68955.38521027078,False
2025-08-06 19:00:00,2025-08-06 20:00:00,L,-68610.60828421942,False
2025-08-07 09:00:00,2025-08-07 10:00:00,L,-68267.55524279832,False
2025-08-08 11:00:00,2025-08-08 13:00:00,L,89314.50940415951,True
2025-08-08 18:00:00,2025-08-08 20:00:00,L,126630.23629624571,True
2025-08-11 14:00:00,2025-08-11 16:00:00,S,104899.41572023653,True
2025-08-11 18:00:00,2025-08-11 20:00:00,S,76182.61116677738,True
2025-08-12 08:00:00,2025-08-12 10:00:00,S,150668.7966832176,True
2025-08-12 12:00:00,2025-08-12 13:00:00,S,-70664.69531293752,False
2025-08-14 07:00:00,2025-08-14 09:00:00,S,260829.0768121538,True
2025-08-14 11:00:00,2025-08-14 13:00:00,S,77590.85315963381,True
2025-08-15 08:00:00,2025-08-15 10:00:00,S,82153.63285501883,True
2025-08-15 13:00:00,2025-08-15 15:00:00,S,17000.685460193592,True
2025-08-15 16:00:00,2025-08-15 18:00:00,S,124102.04774181692,True
2025-08-15 20:00:00,2025-08-17 23:00:00,S,117249.79495645207,True
2025-08-18 20:00:00,2025-08-18 23:00:00,S,-30752.08626743954,False
2025-08-19 08:00:00,2025-08-19 10:00:00,S,39588.280934103364,True
2025-08-19 11:00:00,2025-08-19 13:00:00,S,252481.51351368646,True
2025-08-20 08:00:00,2025-08-20 09:00:00,S,-75012.59083220092,False
2025-08-20 10:00:00,2025-08-20 11:00:00,S,-74637.52787803991,False
2025-08-22 13:00:00,2025-08-22 14:00:00,L,371321.7011932485,True
2025-08-25 09:00:00,2025-08-25 11:00:00,L,60037.21188534405,True
2025-08-25 13:00:00,2025-08-25 15:00:00,L,257338.05433903905,True
2025-08-25 18:00:00,2025-08-25 19:00:00,L,-77707.82507573787,False
2025-08-26 18:00:00,2025-08-26 20:00:00,L,168282.90313259233,True
2025-08-27 11:00:00,2025-08-27 13:00:00,L,154987.952791466,True
2025-08-28 13:00:00,2025-08-28 15:00:00,L,297740.85147722927,True
2025-08-29 10:00:00,2025-08-29 11:00:00,L,-80424.34448736561,False
2025-08-29 19:00:00,2025-08-31 22:00:00,L,72358.68618438713,True
2025-09-01 10:00:00,2025-09-01 12:00:00,L,9174.004254579746,True
2025-09-02 07:00:00,2025-09-02 08:00:00,L,-80429.88621712363,False
2025-09-03 20:00:00,2025-09-03 23:00:00,L,-27997.857712008787,False
2025-09-04 18:00:00,2025-09-04 20:00:00,L,101382.70586410117,True
2025-09-05 08:00:00,2025-09-05 10:00:00,L,88471.34118707049,True
2025-09-08 18:00:00,2025-09-08 20:00:00,L,51368.92951251959,True
2025-09-09 12:00:00,2025-09-09 14:00:00,L,303035.13297200855,True
2025-09-09 15:00:00,2025-09-09 17:00:00,L,230.5505984426003,True
2025-09-09 19:00:00,2025-09-09 20:00:00,L,-82610.19079814869,False
2025-09-10 13:00:00,2025-09-10 15:00:00,L,60934.862865451454,True
2025-09-10 17:00:00,2025-09-10 19:00:00,L,49708.25831141071,True
2025-09-11 09:00:00,2025-09-11 10:00:00,L,-82750.35545004226,False
2025-09-11 12:00:00,2025-09-11 14:00:00,L,196553.65851866925,True
2025-09-11 19:00:00,2025-09-11 22:00:00,L,24573.319679382173,True
2025-09-12 07:00:00,2025-09-12 08:00:00,L,-83442.2385637823,False
2025-09-12 16:00:00,2025-09-12 18:00:00,L,95708.66245003192,True
2025-09-12 20:00:00,2025-09-14 22:00:00,L,-83503.57068321356,False
2025-09-15 07:00:00,2025-09-15 09:00:00,L,209871.73389576198,True
2025-09-15 19:00:00,2025-09-15 22:00:00,L,65779.26589381119,True
2025-09-16 13:00:00,2025-09-16 15:00:00,L,-50970.142089431814,False
2025-09-17 07:00:00,2025-09-17 08:00:00,L,-84209.4571182982,False
2025-09-17 11:00:00,2025-09-17 13:00:00,L,364798.2048547446,True
2025-09-17 19:00:00,2025-09-17 22:00:00,L,100289.0259065664,True
2025-09-23 19:00:00,2025-09-23 22:00:00,L,106910.64262321492,True
2025-09-24 09:00:00,2025-09-24 10:00:00,L,-86648.39919962935,False
2025-09-24 11:00:00,2025-09-24 13:00:00,L,104602.39528745551,True
2025-09-24 14:00:00,2025-09-24 15:00:00,L,-86738.16918006846,False
2025-09-25 13:00:00,2025-09-25 14:00:00,L,-86304.47833416812,False
2025-09-25 15:00:00,2025-09-25 17:00:00,L,25458.823884067726,True
2025-09-26 07:00:00,2025-09-26 09:00:00,L,157608.96325085062,True
2025-09-26 11:00:00,2025-09-26 13:00:00,L,132016.30362142556,True
2025-09-26 20:00:00,2025-09-28 22:00:00,L,-87448.37639627898,False
2025-09-29 08:00:00,2025-09-29 10:00:00,L,15698.090451717952,True
2025-09-29 13:00:00,2025-09-29 15:00:00,L,171630.86988691534,True
2025-09-29 19:00:00,2025-09-29 22:00:00,L,145631.11304848554,True
2025-09-30 07:00:00,2025-09-30 08:00:00,L,-88675.93488123319,False
2025-10-01 13:00:00,2025-10-01 14:00:00,L,-88232.55520682702,False
2025-10-01 18:00:00,2025-10-01 20:00:00,L,88566.5700691998,True
2025-10-02 07:00:00,2025-10-02 09:00:00,L,180317.40643603815,True
2025-10-07 16:00:00,2025-10-07 18:00:00,L,167479.82356194974,True
2025-10-09 07:00:00,2025-10-09 09:00:00,L,143645.72174645754,True
2025-10-09 14:00:00,2025-10-09 15:00:00,L,-90691.44003986112,False
2025-10-09 16:00:00,2025-10-09 17:00:00,L,-90237.9828396618,False
2025-10-10 12:00:00,2025-10-10 13:00:00,L,-89786.7929254635,False
2025-10-10 17:00:00,2025-10-10 19:00:00,L,137636.93793162907,True
2025-10-13 12:00:00,2025-10-13 14:00:00,L,241475.07556505455,True
2025-10-13 19:00:00,2025-10-13 22:00:00,L,114136.982205365,True
2025-10-14 13:00:00,2025-10-14 15:00:00,L,169550.05812389698,True
2025-10-17 11:00:00,2025-10-17 12:00:00,L,-92651.85422996592,False
2025-10-17 14:00:00,2025-10-17 15:00:00,L,-92188.5949588161,False
2025-10-17 16:00:00,2025-10-17 17:00:00,L,-91727.65198402201,False
2025-10-21 08:00:00,2025-10-21 09:00:00,L,-91269.01372410191,False
2025-10-27 13:00:00,2025-10-27 14:00:00,S,454063.343277407,True
2025-10-27 18:00:00,2025-10-27 20:00:00,S,135228.29727712824,True
2025-10-28 11:00:00,2025-10-28 13:00:00,S,99675.56066925121,True
2025-10-28 14:00:00,2025-10-28 15:00:00,S,-94257.50466160031,False
2025-10-29 07:00:00,2025-10-29 08:00:00,S,-93786.21713829231,False
2025-10-29 13:00:00,2025-10-29 15:00:00,S,166811.7725767496,True
2025-10-31 20:00:00,2025-11-03 00:00:00,S,217920.495092752,True
2025-11-03 13:00:00,2025-11-03 14:00:00,S,-95240.94739094835,False
2025-11-04 08:00:00,2025-11-04 10:00:00,S,38171.715964394796,True
2025-11-04 17:00:00,2025-11-04 19:00:00,S,298738.10044853773,True
2025-11-05 09:00:00,2025-11-05 11:00:00,S,196676.72418407683,True
2025-11-05 13:00:00,2025-11-05 14:00:00,S,-97432.67535697867,False
2025-11-05 17:00:00,2025-11-05 19:00:00,S,58013.85010270055,True
2025-11-05 20:00:00,2025-11-05 23:00:00,S,176788.95573686835,True
2025-11-06 18:00:00,2025-11-06 19:00:00,S,-98119.5260093916,False
2025-11-10 15:00:00,2025-11-10 17:00:00,L,160242.65314685326,True
2025-11-11 13:00:00,2025-11-11 14:00:00,L,-98430.1416450789,False
2025-11-11 15:00:00,2025-11-11 16:00:00,L,-97937.99093685352,False
2025-11-12 14:00:00,2025-11-12 15:00:00,L,487241.50491084624,True
2025-11-13 15:00:00,2025-11-13 17:00:00,L,110192.02637857618,True
2025-11-13 19:00:00,2025-11-13 21:00:00,L,49992.74642178899,True
2025-11-17 08:00:00,2025-11-17 10:00:00,S,58044.70985375089,True
2025-11-17 18:00:00,2025-11-17 19:00:00,S,504878.2795999702,True
2025-11-19 09:00:00,2025-11-19 11:00:00,L,307685.1090406326,True
2025-11-19 16:00:00,2025-11-19 17:00:00,L,-105038.47286319706,False
2025-11-25 07:00:00,2025-11-25 08:00:00,L,-104513.28049888108,False
2025-11-25 20:00:00,2025-11-25 23:00:00,L,-19615.2237894067,False
2025-11-26 07:00:00,2025-11-26 09:00:00,L,171872.7426753607,True
2025-11-26 13:00:00,2025-11-26 14:00:00,L,-104752.00169081645,False
2025-11-27 13:00:00,2025-11-27 15:00:00,L,-12824.02484583628,False
2025-11-28 08:00:00,2025-11-28 09:00:00,L,-104164.12155813319,False
2025-12-01 13:00:00,2025-12-01 14:00:00,L,-103643.30095034253,False
2025-12-01 16:00:00,2025-12-01 17:00:00,L,-103125.08444559082,False
2025-12-02 10:00:00,2025-12-02 12:00:00,L,187032.36434562362,True
2025-12-03 15:00:00,2025-12-03 16:00:00,L,-103544.62084509099,False
2025-12-03 17:00:00,2025-12-03 19:00:00,L,-41222.991148467976,False
2025-12-04 13:00:00,2025-12-04 15:00:00,L,182732.23069855434,True
2025-12-04 19:00:00,2025-12-04 21:00:00,L,30899.54670184308,True
2025-12-05 09:00:00,2025-12-05 11:00:00,L,56891.20398572408,True
2025-12-05 17:00:00,2025-12-05 19:00:00,L,-66616.23035892985,False
2025-12-08 08:00:00,2025-12-08 10:00:00,L,19500.519464936115,True
2025-12-08 11:00:00,2025-12-08 13:00:00,L,187802.8923098176,True
2025-12-10 08:00:00,2025-12-10 09:00:00,L,-104876.83359913295,False
2025-12-10 19:00:00,2025-12-10 20:00:00,L,521762.2471556865,True
2025-12-11 12:00:00,2025-12-11 13:00:00,L,-106961.26066691572,False
2025-12-12 16:00:00,2025-12-12 17:00:00,L,-106426.45436358114,False
2025-12-15 11:00:00,2025-12-15 13:00:00,L,109419.57941951329,True
2025-12-15 14:00:00,2025-12-15 15:00:00,L,-106441.41998886081,False
2025-12-16 11:00:00,2025-12-16 13:00:00,L,317396.52606749034,True
2025-12-16 17:00:00,2025-12-16 19:00:00,L,136181.39134578028,True
2025-12-17 08:00:00,2025-12-17 10:00:00,L,-15325.401989260215,False
2025-12-18 08:00:00,2025-12-18 09:00:00,L,-108100.47546603657,False
2025-12-18 18:00:00,2025-12-18 19:00:00,L,-107559.97308870639,False
2025-12-19 20:00:00,2025-12-19 21:00:00,L,-107022.17322326286,False
2025-12-22 11:00:00,2025-12-22 13:00:00,L,143274.7260318938,True
2025-12-23 10:00:00,2025-12-23 12:00:00,L,244050.2609348233,True
2025-12-23 14:00:00,2025-12-23 15:00:00,L,-108423.68729198011,False
2025-12-24 08:00:00,2025-12-24 10:00:00,L,135346.76138397073,True
2025-12-24 15:00:00,2025-12-24 17:00:00,L,139132.30911078927,True
2025-12-26 13:00:00,2025-12-26 15:00:00,L,185753.94498850763,True
2025-12-26 18:00:00,2025-12-26 20:00:00,L,58203.193417606606,True
2025-12-31 08:00:00,2025-12-31 10:00:00,S,40938.73296835118,True
2025-12-31 14:00:00,2025-12-31 16:00:00,S,71480.41212433517,True
2026-01-05 12:00:00,2026-01-05 13:00:00,L,-111035.84562548801,False
2026-01-06 10:00:00,2026-01-06 12:00:00,L,227448.30494270113,True
2026-01-06 20:00:00,2026-01-06 23:00:00,L,201350.03794427146,True
2026-01-07 12:00:00,2026-01-07 13:00:00,L,-112624.65811179545,False
2026-01-08 19:00:00,2026-01-08 21:00:00,L,394390.1229813599,True
2026-01-09 13:00:00,2026-01-09 15:00:00,L,445195.784515232,True
2026-01-09 18:00:00,2026-01-09 20:00:00,L,183971.73647427716,True
2026-01-12 12:00:00,2026-01-12 14:00:00,L,457751.23091246723,True
2026-01-13 07:00:00,2026-01-13 09:00:00,L,172785.645404313,True
2026-01-13 18:00:00,2026-01-13 20:00:00,L,79831.71466291846,True
2026-01-15 14:00:00,2026-01-15 16:00:00,L,353171.2697614739,True
2026-01-16 07:00:00,2026-01-16 09:00:00,L,87306.26812940466,True
2026-01-16 10:00:00,2026-01-16 12:00:00,L,229000.70874166765,True
2026-01-19 08:00:00,2026-01-19 10:00:00,L,43906.15340948938,True
2026-01-19 11:00:00,2026-01-19 13:00:00,L,131420.04665102108,True
2026-01-19 23:00:00,2026-01-20 00:00:00,L,-124955.18822945455,False
2026-01-21 07:00:00,2026-01-21 09:00:00,L,68885.15851230228,True
2026-01-21 20:00:00,2026-01-21 23:00:00,L,326710.2694559378,True
2026-01-22 13:00:00,2026-01-22 15:00:00,L,189090.46520415464,True
2026-01-23 08:00:00,2026-01-23 09:00:00,L,-127253.84175416926,False
2026-01-23 19:00:00,2026-01-23 21:00:00,L,150054.30552105844,True
2026-01-26 13:00:00,2026-01-26 14:00:00,L,-127367.84407300373,False
2026-01-26 19:00:00,2026-01-26 20:00:00,L,-126731.0048526387,False
2026-01-27 09:00:00,2026-01-27 11:00:00,L,63725.632153904095,True
2026-01-27 15:00:00,2026-01-27 17:00:00,L,300006.1658453065,True
2026-01-28 11:00:00,2026-01-28 12:00:00,L,-127916.00881837156,False
2026-01-28 19:00:00,2026-01-28 20:00:00,L,636382.1438713984,True
2026-01-29 09:00:00,2026-01-29 10:00:00,L,-130458.33949363668,False
2026-01-29 11:00:00,2026-01-29 13:00:00,L,247725.7122197231,True
2026-01-29 15:00:00,2026-01-29 16:00:00,L,-131044.6763572671,False
2026-02-02 09:00:00,2026-02-02 10:00:00,S,-130389.45297548079,False
2026-02-02 20:00:00,2026-02-02 23:00:00,S,36908.64745652282,True
2026-02-04 11:00:00,2026-02-04 13:00:00,L,-50811.60043063156,False
2026-02-05 17:00:00,2026-02-05 19:00:00,S,134468.76354559662,True
2026-02-09 08:00:00,2026-02-09 10:00:00,L,10897.660603814993,True
2026-02-10 16:00:00,2026-02-10 18:00:00,L,51576.35343895399,True
2026-02-10 19:00:00,2026-02-10 21:00:00,L,158721.17648631675,True
2026-02-12 13:00:00,2026-02-12 14:00:00,L,-131446.31071610624,False
2026-02-12 15:00:00,2026-02-12 16:00:00,L,-130789.07916252571,False
2026-02-17 09:00:00,2026-02-17 10:00:00,S,-130135.13376671307,False
2026-02-17 19:00:00,2026-02-17 21:00:00,S,168569.602921214,True
2026-02-18 19:00:00,2026-02-18 20:00:00,L,-130327.30611248557,False
2026-02-19 10:00:00,2026-02-19 11:00:00,L,-129675.66958192314,False
2026-02-19 18:00:00,2026-02-19 20:00:00,L,36773.748630822636,True
2026-02-20 08:00:00,2026-02-20 10:00:00,L,286294.26492733095,True
2026-02-20 12:00:00,2026-02-20 14:00:00,L,357535.4432909424,True
2026-02-23 14:00:00,2026-02-23 16:00:00,L,508757.90965992515,True
2026-02-24 13:00:00,2026-02-24 14:00:00,L,-134974.09806655862,False
2026-02-25 08:00:00,2026-02-25 10:00:00,L,111445.96085350096,True
2026-02-25 11:00:00,2026-02-25 13:00:00,L,95254.581624173,True
2026-02-26 07:00:00,2026-02-26 08:00:00,L,-135332.7302886142,False
2026-02-26 11:00:00,2026-02-26 12:00:00,L,-134656.06663717114,False
2026-02-26 14:00:00,2026-02-26 15:00:00,L,-133982.78630398528,False
2026-02-27 07:00:00,2026-02-27 08:00:00,L,-133312.87237246535,False
2026-03-02 10:00:00,2026-03-02 11:00:00,L,-132646.308010603,False
2026-03-02 15:00:00,2026-03-02 16:00:00,L,-131983.07647055,False
2026-03-11 12:00:00,2026-03-11 13:00:00,L,-131323.16108819726,False
2026-03-13 10:00:00,2026-03-13 11:00:00,S,-130666.54528275625,False
2026-03-16 11:00:00,2026-03-16 12:00:00,S,-130013.21255634249,False
2026-03-16 13:00:00,2026-03-16 14:00:00,S,-129363.14649356077,False
2026-03-16 19:00:00,2026-03-16 22:00:00,S,54751.105201507715,True
2026-03-17 09:00:00,2026-03-17 11:00:00,S,349650.1790667994,True
2026-03-18 17:00:00,2026-03-18 19:00:00,S,314862.25855296844,True
2026-03-19 19:00:00,2026-03-19 20:00:00,S,-132312.64847519936,False
2026-03-20 08:00:00,2026-03-20 10:00:00,S,254205.8525211431,True
2026-03-20 13:00:00,2026-03-20 14:00:00,S,664610.5724771454,True
2026-03-23 09:00:00,2026-03-23 11:00:00,S,-58604.149911011795,False
2026-03-23 13:00:00,2026-03-23 15:00:00,S,45815.67694256377,True
2026-03-23 19:00:00,2026-03-23 22:00:00,S,120217.61505707038,True
2026-03-24 07:00:00,2026-03-24 09:00:00,S,-46908.84122588671,False
2026-03-24 15:00:00,2026-03-24 17:00:00,S,-32106.404848693874,False
2026-03-25 15:00:00,2026-03-25 17:00:00,S,88602.16119244328,True
2026-03-26 14:00:00,2026-03-26 16:00:00,S,108143.76481941716,True
2026-04-01 13:00:00,2026-04-01 15:00:00,L,332748.6264577457,True
2026-04-01 19:00:00,2026-04-01 22:00:00,L,68435.6194882144,True
2026-04-07 11:00:00,2026-04-07 13:00:00,L,-5256.57265412118,False
2026-04-07 19:00:00,2026-04-07 22:00:00,L,482199.1389104306,True
2026-04-09 19:00:00,2026-04-09 22:00:00,L,-53478.26942490903,False
2026-04-15 07:00:00,2026-04-15 09:00:00,L,106751.9840655061,True
2026-04-15 18:00:00,2026-04-15 20:00:00,L,53285.691405363315,True
2026-04-16 08:00:00,2026-04-16 09:00:00,L,-142294.39755918548,False
2026-04-16 14:00:00,2026-04-16 16:00:00,L,190883.2412787152,True
2026-04-16 18:00:00,2026-04-16 20:00:00,L,63969.62146557852,True
2026-04-17 19:00:00,2026-04-17 20:00:00,L,-142857.18988511103,False
2026-04-20 16:00:00,2026-04-20 18:00:00,L,97151.79239647729,True
2026-04-21 11:00:00,2026-04-21 13:00:00,S,204725.8398086215,True
2026-04-22 11:00:00,2026-04-22 13:00:00,S,283603.0105908633,True
2026-04-22 18:00:00,2026-04-22 20:00:00,S,-54160.76709740553,False
2026-04-23 12:00:00,2026-04-23 13:00:00,S,-144799.50331417826,False
2026-04-24 08:00:00,2026-04-24 10:00:00,S,186563.4131039157,True
2026-04-24 12:00:00,2026-04-24 13:00:00,S,-145008.32286312693,False
2026-04-24 14:00:00,2026-04-24 15:00:00,S,-144283.2812488113,False
2026-04-27 18:00:00,2026-04-27 20:00:00,S,28605.826024539583,True
2026-04-28 16:00:00,2026-04-28 17:00:00,S,-143704.89397268996,False
2026-04-29 16:00:00,2026-04-29 18:00:00,S,5131.475619526541,True
2026-04-29 20:00:00,2026-04-29 23:00:00,S,-71673.27595446199,False
2026-04-30 19:00:00,2026-04-30 22:00:00,S,-67123.08565700984,False
2026-05-01 12:00:00,2026-05-01 13:00:00,S,-142318.04507286675,False
2026-05-04 13:00:00,2026-05-04 14:00:00,S,-141606.4548475024,False
2026-05-05 09:00:00,2026-05-05 11:00:00,S,277175.54400638863,True
2026-05-05 12:00:00,2026-05-05 13:00:00,S,-142284.30029329684,False
2026-05-06 12:00:00,2026-05-06 13:00:00,L,-141572.87879183036,False
2026-05-06 17:00:00,2026-05-06 19:00:00,L,40838.8769302468,True
