entry_time,exit_time,direction,pnl_abs,win
2016-01-18 09:30:00,2016-01-19 01:00:00,L,-500.0,False
2016-01-21 11:30:00,2016-01-21 13:30:00,L,-497.5,False
2016-01-21 18:30:00,2016-01-22 13:30:00,L,-495.0125,False
2016-01-22 14:30:00,2016-01-25 08:00:00,L,1477.6123125,True
2016-01-27 12:00:00,2016-01-27 15:00:00,L,-499.9254990625,False
2016-01-27 15:30:00,2016-01-27 19:00:00,L,1492.2776147015625,True
2016-01-28 10:00:00,2016-01-28 18:00:00,L,-504.88725964069533,False
2016-01-29 17:30:00,2016-02-01 11:30:00,L,1198.2387387768051,True
2016-02-02 12:30:00,2016-02-02 14:30:00,L,1525.0620511091277,True
2016-02-02 18:00:00,2016-02-03 15:00:00,L,1547.9379818757648,True
2016-02-05 15:30:00,2016-02-05 20:00:00,L,1571.157051603901,True
2016-02-09 06:30:00,2016-02-09 08:00:00,L,-531.5748024593198,False
2016-02-09 09:30:00,2016-02-09 13:30:00,L,1586.7507853410698,True
2016-02-10 13:30:00,2016-02-10 15:30:00,L,-536.8506823737285,False
2016-02-12 15:00:00,2016-02-12 16:00:00,L,-534.16642896186,False
2016-02-12 17:00:00,2016-02-14 23:00:00,L,-531.4955968170506,False
2016-02-19 11:30:00,2016-02-22 04:00:00,L,-528.8381188329654,False
2016-02-25 13:00:00,2016-02-25 14:00:00,L,-526.1939282388005,False
2016-02-26 09:30:00,2016-02-26 15:00:00,L,-523.5629585976064,False
2016-03-01 09:00:00,2016-03-01 15:00:00,L,-520.9451438046184,False
2016-03-01 16:00:00,2016-03-01 16:30:00,L,-518.3404180855953,False
2016-03-01 19:30:00,2016-03-02 02:00:00,L,-515.7487159951673,False
2016-03-04 14:00:00,2016-03-04 19:30:00,L,-513.1699724151914,False
2016-03-07 18:30:00,2016-03-08 07:30:00,L,1531.8123676593464,True
2016-03-16 18:30:00,2016-03-17 10:30:00,L,1347.1188146622826,True
2016-03-18 18:30:00,2016-03-18 19:00:00,L,-524.9987784647236,False
2016-03-18 19:30:00,2016-03-21 01:00:00,L,-522.3737845724,False
2016-03-24 14:00:00,2016-03-24 14:30:00,S,-519.7619156495381,False
2016-03-24 18:00:00,2016-03-27 22:00:00,S,1551.4893182138712,True
2016-03-28 15:00:00,2016-03-29 00:00:00,S,-524.9205526623598,False
2016-03-31 19:30:00,2016-04-01 02:00:00,L,-522.295949899048,False
2016-04-04 14:30:00,2016-04-05 02:00:00,S,-519.6844701495527,False
2016-04-06 16:30:00,2016-04-07 03:30:00,S,-517.086047798805,False
2016-04-08 10:30:00,2016-04-08 15:00:00,L,1543.501852679433,True
2016-04-12 06:30:00,2016-04-12 09:00:00,L,1566.6543804696244,True
2016-04-12 14:30:00,2016-04-13 05:00:00,L,-530.0513987255562,False
2016-04-15 09:00:00,2016-04-15 13:00:00,S,-527.4011417319284,False
2016-04-15 19:00:00,2016-04-15 19:30:00,S,-524.7641360232689,False
2016-04-18 18:00:00,2016-04-19 07:00:00,S,-522.1403153431525,False
2016-04-20 06:30:00,2016-04-20 19:00:00,L,-519.5296137664368,False
2016-04-26 14:00:00,2016-04-27 08:00:00,L,732.9259056904351,True
2016-04-27 16:30:00,2016-04-27 18:00:00,L,-520.5965952260567,False
2016-05-02 17:00:00,2016-05-02 18:00:00,L,-517.9936122499264,False
2016-05-03 17:30:00,2016-05-03 18:00:00,L,-515.4036441886768,False
2016-05-04 12:00:00,2016-05-04 17:00:00,L,-512.8266259677335,False
2016-05-05 09:00:00,2016-05-05 12:30:00,L,1530.7874785136846,True
2016-05-16 20:00:00,2016-05-17 08:30:00,L,-517.9164302304632,False
2016-05-20 12:00:00,2016-05-20 13:00:00,S,-515.3268480793109,False
2016-05-20 13:30:00,2016-05-20 15:00:00,S,1538.2506415167431,True
2016-05-27 09:30:00,2016-05-27 15:00:00,S,1561.3244011394945,True
2016-05-30 13:00:00,2016-05-30 23:00:00,S,-528.2480890521956,False
2016-05-31 07:30:00,2016-05-31 14:00:00,S,-525.6068486069347,False
2016-05-31 15:00:00,2016-05-31 16:00:00,S,-522.9788143638999,False
2016-05-31 20:00:00,2016-05-31 23:30:00,S,-520.3639202920805,False
2016-06-01 13:30:00,2016-06-01 16:00:00,S,1553.28630207186,True
2016-06-02 06:30:00,2016-06-02 07:00:00,S,-525.5285322009794,False
2016-06-02 07:30:00,2016-06-02 13:00:00,S,1568.7026686199235,True
2016-06-06 11:30:00,2016-06-07 07:30:00,L,204.14046339778812,True
2016-06-07 08:00:00,2016-06-07 08:30:00,L,-531.7651052000631,False
2016-06-07 11:00:00,2016-06-07 11:30:00,L,-529.1062796740629,False
2016-06-07 14:00:00,2016-06-08 04:30:00,L,1579.3822448270778,True
2016-06-09 10:00:00,2016-06-09 14:00:00,L,1603.0729784994837,True
2016-06-14 07:00:00,2016-06-14 13:00:00,L,1627.119073176976,True
2016-06-15 12:00:00,2016-06-15 15:30:00,L,1651.5258592746306,True
2016-06-20 12:30:00,2016-06-20 13:00:00,L,-558.7662490545833,False
2016-06-20 14:00:00,2016-06-21 00:00:00,L,1667.9172534279312,True
2016-06-22 18:30:00,2016-06-23 06:00:00,S,-564.3120040764501,False
2016-06-23 08:00:00,2016-06-23 12:30:00,S,1684.4713321682036,True
2016-06-24 17:00:00,2016-06-27 10:00:00,L,601.1900549319051,True
2016-06-27 18:00:00,2016-06-28 01:00:00,L,-572.9187509915685,False
2016-06-28 11:30:00,2016-06-29 02:00:00,L,1710.162471709832,True
2016-06-29 13:30:00,2016-06-29 23:00:00,L,-578.6049695951598,False
2016-06-30 07:30:00,2016-06-30 13:30:00,L,1727.135834241552,True
2016-06-30 17:30:00,2016-07-01 01:00:00,L,1753.0428717551752,True
2016-07-05 10:00:00,2016-07-05 13:30:00,L,1779.3385148315024,True
2016-07-05 15:30:00,2016-07-06 01:00:00,L,1806.0285925539752,True
2016-07-06 17:30:00,2016-07-06 18:30:00,L,-611.039673814095,False
2016-07-06 19:00:00,2016-07-07 16:00:00,L,-607.9844754450245,False
2016-07-07 17:00:00,2016-07-07 17:30:00,L,-604.9445530677993,False
2016-07-07 19:00:00,2016-07-08 01:00:00,L,-601.9198303024602,False
2016-07-08 08:30:00,2016-07-08 13:00:00,L,-598.910231150948,False
2016-07-11 13:30:00,2016-07-12 09:00:00,L,-595.9156799951933,False
2016-07-25 18:30:00,2016-07-26 07:30:00,S,-592.9361015952172,False
2016-07-26 08:00:00,2016-07-27 06:00:00,S,614.2950894507012,True
2016-07-29 09:30:00,2016-07-29 12:30:00,L,1779.128689603484,True
2016-08-01 07:00:00,2016-08-01 16:00:00,L,1805.8156199475363,True
2016-08-03 15:00:00,2016-08-04 01:00:00,L,-610.9676180822497,False
2016-08-04 08:30:00,2016-08-04 14:00:00,L,1823.7383399755156,True
2016-08-10 15:30:00,2016-08-11 01:30:00,L,-617.0314716917162,False
2016-08-16 14:30:00,2016-08-17 05:00:00,L,-613.9463143332575,False
2016-08-18 09:30:00,2016-08-19 00:30:00,L,-610.8765827615913,False
2016-08-19 06:30:00,2016-08-19 08:30:00,L,-607.8221998477834,False
2016-08-22 13:30:00,2016-08-22 15:00:00,S,-604.7830888485445,False
2016-08-23 09:00:00,2016-08-23 11:00:00,S,-601.7591734043017,False
2016-08-23 13:30:00,2016-08-24 00:00:00,S,1796.2511326118406,True
2016-08-25 08:00:00,2016-08-25 12:00:00,S,1823.1948996010183,True
2016-08-26 08:00:00,2016-08-26 08:30:00,S,-616.8476076983444,False
2016-08-26 14:30:00,2016-08-26 15:30:00,S,1841.2901089795582,True
2016-08-29 22:00:00,2016-08-30 00:00:00,S,-622.9698202047505,False
2016-08-31 07:30:00,2016-08-31 08:00:00,S,-619.8549711037268,False
2016-09-01 15:30:00,2016-09-02 00:00:00,S,-616.7556962482081,False
2016-09-07 11:30:00,2016-09-07 14:00:00,L,-613.6719177669671,False
2016-09-07 15:30:00,2016-09-08 10:30:00,L,1128.2698408020212,True
2016-09-12 19:30:00,2016-09-13 03:00:00,S,-616.2449073821424,False
2016-09-14 08:00:00,2016-09-14 08:30:00,S,-613.1636828452316,False
2016-09-14 12:00:00,2016-09-14 13:30:00,S,-610.0978644310054,False
2016-09-14 15:00:00,2016-09-14 15:30:00,S,-607.0473751088504,False
2016-09-19 11:00:00,2016-09-19 13:00:00,S,-604.0121382333061,False
2016-09-20 06:30:00,2016-09-20 08:00:00,S,-600.9920775421396,False
2016-09-20 08:30:00,2016-09-21 02:30:00,S,-597.9871171544289,False
2016-09-28 12:30:00,2016-09-28 14:30:00,S,1784.9915447059707,True
2016-09-29 18:30:00,2016-09-30 01:30:00,S,-603.9221392921867,False
2016-09-30 07:00:00,2016-09-30 07:30:00,S,-600.9025285957258,False
2016-09-30 15:30:00,2016-09-30 17:00:00,S,1793.6940478582412,True
2016-10-06 11:30:00,2016-10-06 12:30:00,S,1820.599458576115,True
2016-10-07 06:30:00,2016-10-07 07:00:00,S,-615.9694834849189,False
2016-10-07 09:30:00,2016-10-07 11:00:00,S,-612.8896360674943,False
2016-10-07 12:00:00,2016-10-07 12:30:00,S,-609.8251878871569,False
2016-10-10 07:30:00,2016-10-11 09:30:00,S,1601.5626703862195,True
2016-10-12 14:30:00,2016-10-13 04:00:00,S,-614.7838752996521,False
2016-10-13 09:30:00,2016-10-13 10:00:00,S,-611.7099559231539,False
2016-10-13 11:30:00,2016-10-13 14:00:00,S,-608.6514061435381,False
2016-10-14 18:00:00,2016-10-17 17:00:00,S,-605.6081491128205,False
2016-10-17 18:30:00,2016-10-18 01:00:00,S,-602.5801083672563,False
2016-10-18 13:30:00,2016-10-18 17:00:00,S,-599.56720782542,False
2016-10-24 14:00:00,2016-10-25 07:30:00,S,-596.569371786293,False
2016-10-27 13:30:00,2016-10-28 03:30:00,S,-593.5865249273616,False
2016-10-28 07:30:00,2016-10-28 12:30:00,S,1771.8557769081744,True
2016-10-28 15:30:00,2016-10-28 17:00:00,S,-599.4778711872656,False
2016-11-03 13:30:00,2016-11-04 12:30:00,L,1429.797920743267,True
2016-11-08 09:30:00,2016-11-08 11:30:00,S,-603.6294714350456,False
2016-11-10 07:30:00,2016-11-10 08:00:00,S,-600.6113240778703,False
2016-11-10 09:00:00,2016-11-10 11:00:00,S,1792.8248023724432,True
2016-11-15 09:00:00,2016-11-15 23:00:00,S,-606.5723914693432,False
2016-11-16 07:00:00,2016-11-17 00:00:00,S,572.4605532904566,True
2016-11-17 09:30:00,2016-11-17 10:30:00,S,-606.4018322784488,False
2016-11-17 13:30:00,2016-11-17 18:00:00,S,1810.1094693511695,True
2016-11-18 13:00:00,2016-11-18 13:30:00,S,-612.4203704638123,False
2016-11-18 19:00:00,2016-11-21 01:30:00,S,-609.3582686114934,False
2016-11-21 10:30:00,2016-11-21 12:00:00,S,-606.3114772684359,False
2016-11-23 10:30:00,2016-11-23 15:00:00,S,1809.8397596462812,True
2016-11-24 13:30:00,2016-11-25 03:00:00,S,1836.9873560409753,True
2016-11-25 08:00:00,2016-11-25 08:30:00,S,-621.5140554605299,False
2016-11-25 10:30:00,2016-11-28 00:30:00,S,-618.4064851832272,False
2016-11-29 19:00:00,2016-11-30 01:30:00,S,-615.3144527573112,False
2016-12-01 10:00:00,2016-12-01 13:30:00,S,-612.2378804935246,False
2016-12-02 10:00:00,2016-12-02 14:00:00,S,1827.5300732731707,True
2016-12-02 18:00:00,2016-12-04 23:00:00,S,-618.3143414574228,False
2016-12-05 19:00:00,2016-12-06 16:30:00,S,112.1554928042199,True
2016-12-08 15:00:00,2016-12-09 12:00:00,S,1847.3506416424702,True
2016-12-09 12:30:00,2016-12-09 13:00:00,S,-625.020300422369,False
2016-12-12 19:30:00,2016-12-13 00:00:00,S,-621.8951989202571,False
2016-12-14 10:30:00,2016-12-14 11:30:00,S,-618.7857229256559,False
2016-12-14 13:30:00,2016-12-14 14:00:00,S,-615.6917943110276,False
2016-12-14 15:00:00,2016-12-14 19:00:00,S,1837.8400060184172,True
2016-12-16 09:00:00,2016-12-16 09:30:00,S,-621.8025353695646,False
2016-12-16 12:00:00,2016-12-16 15:30:00,S,1856.08056807815,True
2016-12-19 12:00:00,2016-12-19 13:00:00,S,-627.9739255331074,False
2016-12-19 15:00:00,2016-12-19 15:30:00,S,-624.8340559054419,False
2016-12-19 17:00:00,2016-12-20 06:00:00,S,1865.1296568777439,True
2016-12-21 08:30:00,2016-12-21 14:00:00,S,-631.0355339103033,False
2016-12-23 10:30:00,2016-12-23 14:30:00,S,-627.8803562407519,False
2016-12-23 16:30:00,2016-12-27 02:00:00,S,-624.7409544595481,False
2017-01-06 17:00:00,2017-01-06 18:30:00,L,-621.6172496872504,False
2017-01-11 21:00:00,2017-01-12 08:00:00,L,1855.5274903164427,True
2017-01-13 15:30:00,2017-01-15 23:30:00,L,1883.360402671189,True
2017-01-18 06:30:00,2017-01-18 20:00:00,L,-637.2036029037523,False
2017-01-23 12:00:00,2017-01-23 14:30:00,L,-634.0175848892335,False
2017-01-24 07:30:00,2017-01-24 08:00:00,L,-630.8474969647873,False
2017-01-24 11:00:00,2017-01-24 15:00:00,L,1883.07977843989,True
2017-02-01 07:30:00,2017-02-01 13:00:00,L,-637.1086583721627,False
2017-02-01 15:00:00,2017-02-01 15:30:00,L,-633.923115080302,False
2017-02-01 16:00:00,2017-02-02 00:30:00,L,1892.2604985147013,True
2017-02-03 12:30:00,2017-02-03 13:30:00,L,-640.214801997474,False
2017-02-03 14:00:00,2017-02-06 00:30:00,L,1911.0411839624599,True
2017-02-07 14:00:00,2017-02-08 07:00:00,L,102.97557263075443,True
2017-02-08 07:30:00,2017-02-08 09:00:00,L,1941.2514353113581,True
2017-02-09 09:00:00,2017-02-09 12:00:00,L,-656.7900689470094,False
2017-02-09 13:30:00,2017-02-09 15:00:00,L,-653.5061186022743,False
2017-02-09 16:00:00,2017-02-09 16:30:00,L,-650.238588009263,False
2017-02-13 06:30:00,2017-02-13 13:00:00,L,-646.9873950692166,False
2017-02-17 08:30:00,2017-02-17 11:00:00,L,1931.2573742816116,True
2017-02-20 07:00:00,2017-02-20 14:00:00,L,1960.2262348958361,True
2017-02-23 07:00:00,2017-02-23 12:00:00,L,1989.6296284192736,True
2017-02-28 11:00:00,2017-02-28 14:00:00,L,2019.4740728455627,True
2017-03-08 07:00:00,2017-03-08 07:30:00,S,2049.766183938246,True
2017-03-09 14:30:00,2017-03-09 23:30:00,S,2080.51267669732,True
2017-03-10 14:30:00,2017-03-12 23:00:00,S,-703.9067889492597,False
2017-03-13 08:30:00,2017-03-13 13:00:00,S,2101.1617650135404,True
2017-03-14 16:00:00,2017-03-14 20:00:00,S,2132.6791914887435,True
2017-03-15 07:30:00,2017-03-15 12:30:00,S,2164.6693793610743,True
2017-03-17 18:30:00,2017-03-20 03:00:00,L,2197.1394200514906,True
2017-03-21 08:30:00,2017-03-21 13:00:00,L,2230.0965113522625,True
2017-03-22 12:30:00,2017-03-23 09:30:00,L,-262.3982526277914,False
2017-03-23 18:30:00,2017-03-24 02:30:00,L,-753.2039950777098,False
2017-03-24 09:00:00,2017-03-24 14:00:00,L,2248.313925306964,True
2017-03-27 16:00:00,2017-03-28 07:00:00,L,-760.6795447288562,False
2017-04-04 16:30:00,2017-04-05 01:00:00,L,-756.8761470052118,False
2017-04-05 11:30:00,2017-04-05 12:00:00,L,-753.0917662701858,False
2017-04-05 17:30:00,2017-04-05 19:00:00,L,2247.9789223165044,True
2017-04-12 11:00:00,2017-04-12 13:00:00,L,-760.5662020504174,False
2017-04-12 18:30:00,2017-04-12 20:00:00,L,2270.290113120496,True
2017-04-17 13:30:00,2017-04-17 20:00:00,L,-768.1148216057677,False
2017-04-18 07:30:00,2017-04-18 13:30:00,L,-764.2742474977389,False
2017-04-18 15:30:00,2017-04-19 06:00:00,L,-760.4528762602503,False
2017-04-19 13:00:00,2017-04-19 13:30:00,L,-756.650611878949,False
2017-04-20 17:30:00,2017-04-21 07:00:00,L,-752.8673588195542,False
2017-05-01 14:30:00,2017-05-01 15:30:00,S,2247.309066076369,True
2017-05-05 11:30:00,2017-05-05 14:00:00,S,2281.018702067515,True
2017-05-08 11:00:00,2017-05-08 16:00:00,S,2315.2339825985277,True
2017-05-10 10:00:00,2017-05-10 10:30:00,S,-783.3208307791684,False
2017-05-11 09:00:00,2017-05-11 10:00:00,S,-779.4042266252726,False
2017-05-11 13:30:00,2017-05-11 16:00:00,S,-775.5072054921462,False
2017-05-11 22:00:00,2017-05-12 03:00:00,S,-771.6296694646854,False
2017-05-18 16:00:00,2017-05-18 17:30:00,L,-767.771521117362,False
2017-05-23 08:30:00,2017-05-23 15:30:00,L,-763.9326635117752,False
2017-05-25 12:00:00,2017-05-25 12:30:00,L,-760.1130001942163,False
2017-05-25 15:00:00,2017-05-25 23:30:00,L,-756.3124351932452,False
2017-05-30 08:30:00,2017-05-30 10:00:00,L,-752.530873017279,False
2017-05-30 13:00:00,2017-05-31 02:30:00,L,-748.7682186521926,False
2017-06-01 09:30:00,2017-06-01 10:00:00,L,-745.0243775589316,False
2017-06-01 12:00:00,2017-06-01 12:30:00,L,-741.299255671137,False
2017-06-05 16:30:00,2017-06-06 02:00:00,L,2212.778278178344,True
2017-06-07 12:30:00,2017-06-07 13:00:00,L,-748.656650783673,False
2017-06-07 19:30:00,2017-06-08 11:30:00,L,-744.9133675297546,False
2017-06-14 06:30:00,2017-06-14 11:00:00,S,2223.566402076318,True
2017-06-16 09:00:00,2017-06-16 09:30:00,S,-752.3066327024874,False
2017-06-16 12:30:00,2017-06-19 07:30:00,S,2245.635298616925,True
2017-06-20 10:30:00,2017-06-20 12:00:00,S,-759.7732760320595,False
2017-06-21 08:00:00,2017-06-21 09:00:00,S,-755.9744096518992,False
2017-06-21 11:30:00,2017-06-21 19:00:00,S,-752.1945376036397,False
2017-06-21 22:00:00,2017-06-21 22:30:00,S,-748.4335649156214,False
2017-06-26 16:00:00,2017-06-27 06:00:00,S,-744.6913970910433,False
2017-07-04 09:30:00,2017-07-05 10:00:00,S,2222.9038203167643,True
2017-07-05 17:30:00,2017-07-05 18:00:00,S,-752.082459207172,False
2017-07-05 18:30:00,2017-07-05 19:00:00,S,-748.3220469111361,False
2017-07-11 15:00:00,2017-07-11 15:30:00,S,-744.5804366765805,False
2017-07-12 09:00:00,2017-07-12 12:30:00,S,-740.8575344931976,False
2017-07-19 09:00:00,2017-07-19 12:30:00,L,2211.459740462195,True
2017-07-20 09:00:00,2017-07-20 11:00:00,L,-748.2105455230426,False
2017-07-20 14:00:00,2017-07-20 14:30:00,L,2233.4084783862822,True
2017-07-25 09:00:00,2017-07-25 10:00:00,L,-755.6365351873588,False
2017-07-25 10:30:00,2017-07-25 23:00:00,L,-751.858352511422,False
2017-07-27 13:30:00,2017-07-27 14:00:00,L,-748.0990607488649,False
2017-07-27 15:30:00,2017-07-27 16:00:00,L,-744.3585654451205,False
2017-07-27 16:30:00,2017-07-28 09:30:00,L,1180.4647917995076,True
2017-07-31 10:30:00,2017-08-01 05:30:00,L,1572.5493282935122,True
2017-08-01 11:00:00,2017-08-01 12:00:00,L,-754.40184321836,False
2017-08-02 10:30:00,2017-08-02 12:30:00,L,-750.6298340022682,False
2017-08-03 08:30:00,2017-08-03 11:30:00,L,2240.6300544967708,True
2017-08-14 06:30:00,2017-08-14 07:30:00,L,-758.0798351047408,False
2017-08-14 13:00:00,2017-08-15 01:00:00,L,-754.2894359292171,False
2017-08-18 18:00:00,2017-08-18 19:30:00,L,-750.5179887495711,False
2017-08-22 09:00:00,2017-08-22 14:00:00,L,-746.7653988058232,False
2017-08-24 09:00:00,2017-08-24 13:30:00,L,2229.0947154353826,True
2017-08-30 08:30:00,2017-08-30 13:00:00,L,-754.177045388971,False
2017-08-30 14:30:00,2017-08-30 18:30:00,L,-750.4061601620263,False
2017-08-30 19:00:00,2017-08-31 01:30:00,L,-746.6541293612161,False
2017-09-01 13:00:00,2017-09-01 13:30:00,L,-742.92085871441,False
2017-09-05 10:30:00,2017-09-05 13:00:00,L,-739.2062544208379,False
2017-09-05 13:30:00,2017-09-05 17:00:00,L,2206.5306694462015,True
2017-09-06 06:30:00,2017-09-06 13:30:00,L,-746.5428764959647,False
2017-09-06 20:00:00,2017-09-07 12:30:00,L,2228.430486340455,True
2017-09-08 13:30:00,2017-09-08 14:00:00,L,-753.9523145451873,False
2017-09-08 14:30:00,2017-09-08 15:00:00,L,-750.1825529724613,False
2017-09-08 15:30:00,2017-09-10 22:00:00,L,-746.431640207599,False
2017-09-19 14:30:00,2017-09-19 20:00:00,S,-742.699482006561,False
2017-09-20 09:00:00,2017-09-20 09:30:00,S,-738.9859845965282,False
2017-09-20 11:30:00,2017-09-20 19:00:00,S,2205.873164020636,True
2017-09-22 06:30:00,2017-09-24 23:00:00,S,2238.9612614809457,True
2017-09-28 13:00:00,2017-09-28 13:30:00,S,-757.5152268010534,False
2017-09-29 08:00:00,2017-09-29 11:00:00,S,-753.7276506670481,False
2017-10-02 15:30:00,2017-10-03 08:30:00,S,1287.377742087438,True
2017-10-03 16:30:00,2017-10-04 00:30:00,S,-756.3959011241501,False
2017-10-04 07:00:00,2017-10-04 08:00:00,S,-752.6139216185294,False
2017-10-04 13:30:00,2017-10-05 08:30:00,S,-748.8508520104368,False
2017-10-05 13:00:00,2017-10-05 17:00:00,S,2235.319793251154,True
2017-10-06 11:00:00,2017-10-06 12:30:00,S,-756.2831967166404,False
2017-10-11 06:30:00,2017-10-11 07:00:00,L,-752.5017807330572,False
2017-10-11 17:00:00,2017-10-11 19:00:00,L,2246.217815488176,True
2017-10-12 15:30:00,2017-10-13 10:30:00,L,599.6738954189899,True
2017-10-13 13:00:00,2017-10-16 08:00:00,L,1317.168751767774,True
2017-10-19 08:30:00,2017-10-19 10:00:00,S,-769.5545741427667,False
2017-10-19 13:00:00,2017-10-19 13:30:00,S,-765.7068012720529,False
2017-10-19 16:00:00,2017-10-19 22:00:00,S,-761.8782672656926,False
2017-10-24 07:30:00,2017-10-24 15:00:00,S,2274.206627788092,True
2017-10-24 19:30:00,2017-10-25 14:30:00,S,719.0922053334306,True
2017-10-25 17:30:00,2017-10-26 01:00:00,S,-773.0353700949718,False
2017-10-27 09:00:00,2017-10-27 14:00:00,S,-769.1701932444969,False
2017-11-06 09:30:00,2017-11-06 10:00:00,S,-765.3243422782745,False
2017-11-06 12:30:00,2017-11-06 14:00:00,S,-761.4977205668831,False
2017-11-13 08:00:00,2017-11-13 09:00:00,S,-757.6902319640487,False
2017-11-13 12:00:00,2017-11-14 07:00:00,S,1586.641273139413,True
2017-11-14 12:30:00,2017-11-14 13:30:00,L,-761.8349871699256,False
2017-11-14 14:30:00,2017-11-14 15:00:00,L,2274.077436702228,True
2017-11-21 09:00:00,2017-11-21 16:00:00,S,-769.3961994175872,False
2017-11-21 18:00:00,2017-11-22 07:30:00,S,-765.5492184204993,False
2017-11-23 06:30:00,2017-11-23 09:30:00,L,-761.7214723283968,False
2017-11-24 10:00:00,2017-11-24 11:00:00,L,-757.9128649667549,False
2017-11-24 13:00:00,2017-11-27 01:00:00,L,-754.1233006419211,False
2017-11-28 08:30:00,2017-11-28 14:30:00,L,-750.3526841387115,False
2017-12-01 07:30:00,2017-12-01 08:00:00,S,-746.6009207180178,False
2017-12-01 11:00:00,2017-12-01 13:30:00,S,2228.6037483432833,True
2017-12-01 17:00:00,2017-12-04 08:00:00,S,2262.0328045684328,True
2017-12-04 16:00:00,2017-12-05 13:00:00,S,507.3489685245561,True
2017-12-05 13:30:00,2017-12-05 14:00:00,S,2303.5735311648273,True
2017-12-06 08:00:00,2017-12-06 14:00:00,S,2338.1271341322995,True
2017-12-08 08:30:00,2017-12-08 13:30:00,S,-791.0663470480946,False
2017-12-11 08:00:00,2017-12-11 10:30:00,S,-787.1110153128542,False
2017-12-11 12:30:00,2017-12-11 17:00:00,S,2349.5263807088695,True
2017-12-12 08:30:00,2017-12-12 14:00:00,S,2384.7692764195026,True
2017-12-13 06:30:00,2017-12-13 13:00:00,S,2420.540815565795,True
2017-12-13 18:30:00,2017-12-13 20:00:00,S,-818.9496425997608,False
2017-12-27 06:30:00,2017-12-27 09:00:00,L,2444.5646831602858,True
2018-01-03 21:00:00,2018-01-03 21:30:00,L,-827.0777178025633,False
2018-01-05 07:30:00,2018-01-05 09:00:00,L,-822.9423292135505,False
2018-01-05 12:30:00,2018-01-05 13:30:00,L,2456.482852702448,True
2018-01-05 21:00:00,2018-01-08 05:30:00,L,-831.1100318309949,False
2018-01-08 07:30:00,2018-01-08 09:00:00,L,-826.9544816718399,False
2018-01-08 10:00:00,2018-01-09 01:00:00,L,-822.8197092634808,False
2018-01-09 10:00:00,2018-01-09 13:00:00,L,-818.7056107171634,False
2018-01-12 15:30:00,2018-01-12 19:00:00,L,2443.8362479907328,True
2018-01-16 12:00:00,2018-01-16 13:30:00,L,-826.8312639035312,False
2018-01-16 14:30:00,2018-01-17 00:00:00,L,2468.0913227520405,True
2018-01-17 09:30:00,2018-01-17 17:00:00,L,-835.0375641977738,False
2018-01-19 19:00:00,2018-01-19 20:00:00,L,-830.8623763767848,False
2018-01-25 12:00:00,2018-01-25 14:00:00,L,-826.7080644949009,False
2018-01-25 15:30:00,2018-01-25 20:00:00,L,-822.5745241724264,False
2018-01-26 16:00:00,2018-01-26 19:00:00,L,-818.4616515515643,False
2018-02-02 07:30:00,2018-02-02 09:30:00,L,-814.3693432938064,False
2018-02-02 12:00:00,2018-02-02 14:00:00,L,-810.2974965773375,False
2018-02-07 08:30:00,2018-02-07 13:00:00,S,2418.7380272833525,True
2018-02-08 15:30:00,2018-02-08 16:00:00,S,-818.3396992308674,False
2018-02-08 21:00:00,2018-02-09 06:30:00,S,-814.2480007347132,False
2018-02-12 19:00:00,2018-02-13 04:30:00,S,-810.1767607310395,False
2018-02-14 16:00:00,2018-02-15 09:00:00,L,1763.2185137516174,True
2018-02-15 19:00:00,2018-02-16 05:00:00,L,2444.825908488427,True
2018-02-16 18:00:00,2018-02-16 18:30:00,L,-827.1660990385845,False
2018-02-19 08:00:00,2018-02-19 12:30:00,L,-823.0302685433916,False
2018-02-19 14:30:00,2018-02-19 23:30:00,L,-818.9151172006746,False
2018-02-20 16:00:00,2018-02-21 08:00:00,S,2444.461624844014,True
2018-02-21 15:00:00,2018-02-21 19:00:00,S,-827.0428497388913,False
2018-02-22 17:00:00,2018-02-22 17:30:00,S,-822.9076354901969,False
2018-02-23 18:30:00,2018-02-26 02:00:00,S,-818.7930973127459,False
2018-02-28 08:30:00,2018-02-28 09:00:00,S,-814.6991318261821,False
2018-02-28 11:30:00,2018-02-28 14:30:00,S,-810.6256361670513,False
2018-03-02 10:00:00,2018-03-02 10:30:00,S,-806.5725079862161,False
2018-03-02 13:00:00,2018-03-02 13:30:00,S,-802.539645446285,False
2018-03-02 15:00:00,2018-03-05 01:00:00,S,-798.5269472190536,False
2018-03-08 08:30:00,2018-03-08 12:30:00,S,2383.6029374488753,True
2018-03-09 19:30:00,2018-03-12 12:00:00,S,2419.3569815106084,True
2018-03-16 12:30:00,2018-03-16 14:00:00,S,2455.6473362332677,True
2018-03-19 11:00:00,2018-03-19 13:00:00,S,-830.8273487589222,False
2018-03-22 11:00:00,2018-03-22 13:30:00,L,-826.6732120151275,False
2018-03-26 09:30:00,2018-03-26 17:00:00,L,2467.6195378651555,True
2018-03-27 16:30:00,2018-03-28 06:00:00,L,-834.8779436443776,False
2018-04-03 08:30:00,2018-04-03 13:00:00,L,-830.7035539261558,False
2018-04-06 14:00:00,2018-04-09 05:00:00,L,245.92196477324188,True
2018-04-10 08:30:00,2018-04-10 13:30:00,L,2483.3389379411738,True
2018-04-11 19:30:00,2018-04-12 08:30:00,L,-840.1963406700971,False
2018-04-12 11:30:00,2018-04-12 12:00:00,L,-835.9953589667466,False
2018-04-16 12:30:00,2018-04-16 14:00:00,L,2495.4461465157383,True
2018-04-17 12:30:00,2018-04-17 13:00:00,L,-844.2926129044915,False
2018-04-17 15:00:00,2018-04-18 13:00:00,L,2520.2134495199075,True
2018-04-24 09:00:00,2018-04-24 15:00:00,S,-852.6722170875687,False
2018-04-26 06:30:00,2018-04-26 07:00:00,S,-848.408856002131,False
2018-04-26 07:30:00,2018-04-26 14:00:00,S,2532.500435166361,True
2018-04-30 00:00:00,2018-04-30 10:30:00,S,2570.4879416938566,True
2018-04-30 20:00:00,2018-05-01 11:00:00,S,2609.0452608192645,True
2018-05-02 08:00:00,2018-05-02 14:00:00,S,2648.180939731553,True
2018-05-03 08:00:00,2018-05-03 08:30:00,S,-895.9678846091756,False
2018-05-16 06:30:00,2018-05-16 07:00:00,S,-891.4880451861296,False
2018-05-16 09:30:00,2018-05-17 02:00:00,S,-887.030604960199,False
2018-05-18 19:00:00,2018-05-21 04:00:00,S,2647.786355806194,True
2018-05-22 13:00:00,2018-05-23 10:00:00,S,-895.834383714429,False
2018-05-23 12:30:00,2018-05-24 06:30:00,S,-891.3552117958569,False
2018-06-04 14:00:00,2018-06-05 13:00:00,S,962.1993774556713,True
2018-06-05 14:00:00,2018-06-05 16:00:00,S,-891.7094326241559,False
2018-06-06 09:30:00,2018-06-06 12:00:00,S,-887.2508854610351,False
2018-06-06 17:30:00,2018-06-07 07:00:00,S,-882.8146310337298,False
2018-06-18 12:00:00,2018-06-18 13:00:00,S,-878.4005578785612,False
2018-06-22 07:00:00,2018-06-24 22:30:00,S,-874.0085550891683,False
2018-06-28 11:30:00,2018-06-28 12:30:00,S,-869.6385123137225,False
2018-06-29 08:00:00,2018-06-29 09:00:00,S,-865.2903197521539,False
2018-06-29 16:30:00,2018-06-29 17:00:00,S,-860.9638681533932,False
2018-06-29 17:30:00,2018-07-02 06:00:00,S,2569.977146437878,True
2018-07-12 17:30:00,2018-07-13 07:30:00,S,2608.526803634447,True
2018-07-16 06:30:00,2018-07-16 14:00:00,S,2647.6547056889635,True
2018-07-17 11:30:00,2018-07-17 13:00:00,S,2687.369526274298,True
2018-07-24 08:30:00,2018-07-24 10:00:00,S,-909.2266897228042,False
2018-07-24 13:00:00,2018-07-24 13:30:00,S,-904.6805562741902,False
2018-07-24 15:30:00,2018-07-25 08:30:00,S,-900.1571534928192,False
2018-07-27 08:00:00,2018-07-27 08:30:00,S,2686.9691031760653,True
2018-07-27 17:30:00,2018-07-30 11:30:00,S,198.82143568856074,True
2018-07-30 15:00:00,2018-07-31 04:00:00,S,2730.2559612590344,True
2018-08-03 17:30:00,2018-08-06 01:30:00,S,-923.7366002259733,False
2018-08-07 07:30:00,2018-08-07 08:30:00,S,-919.1179172248436,False
2018-08-07 12:30:00,2018-08-07 18:00:00,S,2743.566982916158,True
2018-08-08 08:30:00,2018-08-09 01:00:00,S,-928.2401625533,False
2018-08-10 17:30:00,2018-08-13 10:00:00,S,2770.796885221601,True
2018-08-14 07:00:00,2018-08-14 12:00:00,S,-937.4529461666416,False
2018-08-14 17:30:00,2018-08-15 06:00:00,S,2798.297044307425,True
2018-08-16 13:30:00,2018-08-16 14:30:00,S,-946.7571666573456,False
2018-08-16 15:00:00,2018-08-17 09:00:00,S,619.0412238071293,True
2018-08-17 17:00:00,2018-08-17 18:00:00,S,-945.1185869430944,False
2018-08-20 08:30:00,2018-08-20 16:00:00,S,-940.3929940083789,False
2018-08-27 11:00:00,2018-08-27 15:00:00,L,2807.073087115011,True
2018-08-31 13:30:00,2018-09-03 08:30:00,S,-949.7263944739121,False
2018-09-03 10:00:00,2018-09-04 06:30:00,S,2834.9332875046275,True
2018-09-05 17:30:00,2018-09-05 23:30:00,S,-959.1524289390655,False
2018-09-07 13:00:00,2018-09-07 13:30:00,S,-954.3566667943703,False
2018-09-10 10:00:00,2018-09-10 14:00:00,S,-949.5848834603985,False
2018-09-10 15:00:00,2018-09-11 11:00:00,S,1551.7491174990582,True
2018-09-17 07:30:00,2018-09-17 09:00:00,S,-952.5957046305919,False
2018-09-17 11:30:00,2018-09-17 12:00:00,S,-947.8327261074388,False
2018-09-20 10:30:00,2018-09-20 13:00:00,L,2829.280687430705,True
2018-09-24 17:30:00,2018-09-25 12:00:00,S,-957.2399659140551,False
2018-09-25 16:00:00,2018-09-26 05:00:00,S,-952.4537660844849,False
2018-10-02 12:30:00,2018-10-02 13:00:00,L,2843.0744917621873,True
2018-10-04 06:30:00,2018-10-04 11:30:00,L,2885.72060913862,True
2018-10-09 06:30:00,2018-10-09 11:00:00,S,2929.0064182756996,True
2018-10-09 19:00:00,2018-10-10 01:00:00,S,-990.980504849945,False
2018-10-12 09:00:00,2018-10-15 05:00:00,L,2018.7559371031398,True
2018-10-15 18:30:00,2018-10-16 13:30:00,L,1745.4305156228322,True
2018-10-18 09:00:00,2018-10-18 13:00:00,L,-1004.8465345893252,False
2018-10-19 18:30:00,2018-10-22 08:00:00,L,-999.8223019163785,False
2018-10-24 08:00:00,2018-10-24 08:30:00,L,-994.8231904067967,False
2018-10-24 14:30:00,2018-10-24 16:00:00,L,-989.8490744547627,False
2018-10-24 18:30:00,2018-10-25 02:00:00,L,2954.699487247466,True
2018-10-25 18:00:00,2018-10-26 07:00:00,L,2999.0199795561784,True
2018-11-02 15:30:00,2018-11-02 17:30:00,L,-1014.668426416507,False
2018-11-02 18:00:00,2018-11-05 12:30:00,L,-1009.5950842844245,False
2018-11-05 17:00:00,2018-11-06 10:30:00,L,3013.641326589007,True
2018-11-13 07:30:00,2018-11-13 10:00:00,S,3058.8459464878424,True
2018-11-19 07:30:00,2018-11-19 18:00:00,L,3104.7286356851605,True
2018-11-23 08:00:00,2018-11-23 08:30:00,L,-1050.4331884068126,False
2018-12-05 07:00:00,2018-12-05 07:30:00,L,-1045.1810224647786,False
2018-12-05 09:30:00,2018-12-06 00:30:00,L,3119.865352057364,True
2018-12-06 09:00:00,2018-12-06 14:00:00,L,3166.663332338224,True
2018-12-10 11:30:00,2018-12-10 13:00:00,L,-1071.3877607744323,False
2018-12-10 15:00:00,2018-12-10 18:00:00,L,-1066.0308219705603,False
2018-12-10 19:30:00,2018-12-11 08:30:00,L,3182.102003582122,True
2018-12-11 15:00:00,2018-12-11 16:00:00,L,-1076.611177878618,False
2018-12-11 17:00:00,2018-12-11 18:00:00,L,-1071.228121989225,False
2018-12-11 19:00:00,2018-12-11 19:30:00,L,-1065.8719813792788,False
2018-12-12 08:30:00,2018-12-12 18:00:00,L,3181.627864417147,True
2018-12-18 07:30:00,2018-12-18 11:00:00,L,3229.3522823834046,True
2018-12-21 07:30:00,2018-12-21 08:30:00,L,-1092.597522206385,False
2018-12-21 13:00:00,2018-12-21 14:30:00,L,-1087.1345345953532,False
2018-12-21 16:30:00,2018-12-21 17:00:00,L,-1081.6988619223764,False
2018-12-26 14:00:00,2018-12-26 18:00:00,L,-1076.2903676127646,False
2018-12-31 19:00:00,2019-01-02 06:00:00,L,3212.7267473241022,True
2019-01-02 19:30:00,2019-01-02 23:00:00,L,3260.9176485339635,True
2019-01-04 15:30:00,2019-01-07 07:30:00,L,2452.6749755043224,True
2019-01-09 15:00:00,2019-01-10 05:00:00,L,3346.621537894538,True
2019-01-10 11:00:00,2019-01-10 13:30:00,L,-1132.2736203209854,False
2019-01-11 15:30:00,2019-01-11 18:00:00,L,-1126.6122522193805,False
2019-01-14 16:30:00,2019-01-15 08:00:00,L,-1120.9791909582837,False
2019-01-15 10:00:00,2019-01-15 14:00:00,L,3346.1228850104762,True
2019-01-15 19:30:00,2019-01-16 12:00:00,L,-1132.1049094285445,False
2019-01-16 13:30:00,2019-01-16 16:30:00,L,3379.333154644206,True
2019-01-28 16:00:00,2019-01-29 07:30:00,L,3430.0231519638687,True
2019-01-30 14:30:00,2019-01-30 18:30:00,L,-1160.4911664144422,False
2019-02-01 08:30:00,2019-02-01 13:00:00,L,3464.0661317471104,True
2019-02-01 18:00:00,2019-02-04 00:30:00,L,-1172.0090412411057,False
2019-02-05 11:30:00,2019-02-06 08:30:00,L,1038.412981855339,True
2019-02-11 06:30:00,2019-02-11 08:00:00,L,-1171.3410609441767,False
2019-02-13 14:30:00,2019-02-13 15:00:00,L,3496.4530669183678,True
2019-02-19 07:30:00,2019-02-19 08:00:00,L,3548.8998629221433,True
2019-02-21 00:00:00,2019-02-21 02:00:00,L,-1200.7111202886585,False
2019-02-21 09:00:00,2019-02-21 09:30:00,L,-1194.7075646872152,False
2019-02-21 11:00:00,2019-02-21 11:30:00,L,-1188.7340268637793,False
2019-02-28 13:30:00,2019-02-28 15:00:00,S,3548.3710701883806,True
2019-03-06 09:00:00,2019-03-07 07:00:00,S,2031.9630307399964,True
2019-03-07 10:00:00,2019-03-07 12:30:00,S,-1210.6920272341022,False
2019-03-07 13:30:00,2019-03-08 03:00:00,S,-1204.6385670979316,False
2019-03-20 10:30:00,2019-03-20 16:00:00,L,-1198.6153742624422,False
2019-03-20 18:30:00,2019-03-21 14:00:00,L,-1192.62229739113,False
2019-03-21 15:30:00,2019-03-21 18:00:00,L,-1186.6591859041744,False
2019-03-26 06:30:00,2019-03-26 07:00:00,L,-1180.7258899746535,False
2019-03-26 12:30:00,2019-03-27 10:30:00,L,2329.9557055058585,True
2019-03-29 10:00:00,2019-03-29 14:00:00,S,-1186.4720390523094,False
2019-04-02 12:00:00,2019-04-02 14:00:00,S,-1180.5396788570479,False
2019-04-02 16:00:00,2019-04-02 18:00:00,S,-1174.6369804627627,False
2019-04-03 06:30:00,2019-04-03 11:00:00,S,-1168.763795560449,False
2019-04-04 07:30:00,2019-04-04 11:00:00,S,3488.7599297479396,True
2019-04-05 17:30:00,2019-04-08 01:00:00,S,-1180.3637762313863,False
2019-04-12 07:30:00,2019-04-12 12:00:00,S,-1174.4619573502293,False
2019-04-12 13:00:00,2019-04-15 01:30:00,S,3505.7689426904344,True
2019-04-15 17:30:00,2019-04-16 09:00:00,S,3558.355476830791,True
2019-04-17 09:30:00,2019-04-17 12:00:00,S,-1203.9102696610842,False
2019-04-18 11:00:00,2019-04-18 11:30:00,S,-1197.8907183127787,False
2019-04-22 08:00:00,2019-04-22 13:30:00,S,3575.7037941636445,True
2019-04-24 12:30:00,2019-04-24 14:00:00,S,-1209.779783692033,False
2019-04-24 17:00:00,2019-04-25 08:00:00,S,-1203.7308847735728,False
2019-05-01 23:00:00,2019-05-02 22:00:00,S,2352.119595198826,True
2019-05-08 14:30:00,2019-05-09 08:30:00,S,-517.1009090589545,False
2019-05-13 12:30:00,2019-05-13 14:00:00,L,3620.661971341213,True
2019-05-14 12:00:00,2019-05-14 14:00:00,L,-1224.9906336371105,False
2019-05-14 17:30:00,2019-05-15 06:00:00,L,-1218.865680468925,False
2019-05-15 07:30:00,2019-05-16 04:30:00,L,824.5307817241709,True
2019-05-17 07:30:00,2019-05-17 12:30:00,S,3650.682017925603,True
2019-05-20 15:30:00,2019-05-21 11:00:00,S,3705.442248194487,True
2019-05-22 13:00:00,2019-05-23 06:00:00,S,1175.3132179339946,True
2019-05-23 06:30:00,2019-05-23 11:00:00,S,-1259.5511933954713,False
2019-05-24 06:30:00,2019-05-24 08:00:00,L,-1253.253437428494,False
2019-05-24 12:30:00,2019-05-27 04:00:00,L,3740.9615107240543,True
2019-05-30 12:30:00,2019-05-30 15:00:00,L,3797.0759333849155,True
2019-06-04 13:00:00,2019-06-04 15:00:00,L,-1284.6773574618962,False
2019-06-04 16:00:00,2019-06-05 06:00:00,L,3834.761912023761,True
2019-06-07 07:30:00,2019-06-07 12:30:00,L,3892.283340704117,True
2019-06-10 12:30:00,2019-06-10 17:00:00,L,-1316.8891969382262,False
2019-06-10 18:00:00,2019-06-11 06:30:00,L,-1310.3047509535352,False
2019-06-17 13:30:00,2019-06-17 14:00:00,L,-1303.7532271987675,False
2019-06-19 08:00:00,2019-06-19 11:30:00,L,-1297.2344610627736,False
2019-06-19 12:30:00,2019-06-19 18:00:00,L,3872.24486627238,True
2019-06-21 10:30:00,2019-06-23 22:30:00,L,3930.3285392664657,True
2019-06-26 12:00:00,2019-06-27 06:00:00,L,1024.3266195620263,True
2019-06-27 10:00:00,2019-06-27 12:30:00,L,-1334.8827888829642,False
2019-06-28 14:00:00,2019-06-30 22:00:00,L,-1328.2083749385495,False
2019-07-03 17:00:00,2019-07-04 15:00:00,L,4.657071048247914,True
2019-07-18 09:30:00,2019-07-18 10:30:00,L,-1321.5906184190978,False
2019-07-18 17:30:00,2019-07-18 18:30:00,L,3944.947995981007,True
2019-07-19 12:00:00,2019-07-19 12:30:00,L,-1334.7074053069073,False
2019-07-19 19:30:00,2019-07-22 16:30:00,L,-118.79635678823954,False
2019-07-24 16:30:00,2019-07-24 17:00:00,L,-1327.4398864964314,False
2019-07-24 17:30:00,2019-07-25 11:30:00,L,3962.408061191848,True
2019-08-02 08:30:00,2019-08-02 13:00:00,L,-1340.6147273699087,False
2019-08-06 08:00:00,2019-08-06 15:00:00,L,4001.7349611991767,True
2019-08-08 11:30:00,2019-08-08 12:30:00,L,-1353.920328539055,False
2019-08-08 13:30:00,2019-08-08 18:00:00,L,4041.452180689079,True
2019-08-09 13:00:00,2019-08-09 13:30:00,L,-1367.3579877998052,False
2019-08-11 23:00:00,2019-08-12 07:00:00,L,-1360.521197860806,False
2019-08-12 09:30:00,2019-08-13 01:00:00,L,4061.1557756145057,True
2019-08-15 07:00:00,2019-08-16 05:00:00,L,2280.303721577932,True
2019-08-16 10:30:00,2019-08-16 14:30:00,L,-1385.425889357464,False
2019-08-16 15:30:00,2019-08-19 08:00:00,L,-1378.4987599106769,False
2019-08-26 10:00:00,2019-08-26 12:30:00,L,-1371.6062661111232,False
2019-08-26 18:30:00,2019-08-27 01:00:00,L,-1364.7482347805676,False
2019-08-29 13:30:00,2019-08-29 14:30:00,L,-1357.9244936066648,False
2019-08-29 16:00:00,2019-08-29 16:30:00,L,-1351.1348711386315,False
2019-09-04 11:00:00,2019-09-04 14:00:00,L,4033.137590348815,True
2019-09-05 07:00:00,2019-09-05 07:30:00,L,-1364.5448847346827,False
2019-09-05 14:00:00,2019-09-05 14:30:00,L,-1357.7221603110092,False
2019-09-09 06:30:00,2019-09-09 10:00:00,S,-1350.9335495094542,False
2019-09-10 09:00:00,2019-09-10 12:30:00,S,-1344.178881761907,False
2019-09-10 16:00:00,2019-09-11 16:00:00,S,-20.287710810602242,False
2019-09-11 20:00:00,2019-09-11 22:00:00,S,-1337.3565487990445,False
2019-09-12 06:30:00,2019-09-12 09:00:00,S,-1330.6697660550492,False
2019-09-13 13:30:00,2019-09-13 15:00:00,S,3972.0492516743216,True
2019-09-19 10:30:00,2019-09-19 14:00:00,S,-1343.8766634831456,False
2019-09-19 15:00:00,2019-09-20 05:00:00,S,-1337.1572801657298,False
2019-09-24 11:00:00,2019-09-24 13:00:00,L,-1330.4714937649012,False
2019-09-27 17:30:00,2019-09-30 12:00:00,S,3971.45740888823,True
2019-10-01 12:00:00,2019-10-01 16:00:00,S,-1343.6764233405179,False
2019-10-02 08:00:00,2019-10-02 09:00:00,S,-1336.9580412238154,False
2019-10-03 06:30:00,2019-10-03 07:00:00,L,-1330.273251017696,False
2019-10-03 07:30:00,2019-10-03 15:00:00,L,3970.8656542878234,True
2019-10-08 18:00:00,2019-10-09 14:00:00,L,2697.334740275856,True
2019-10-11 09:30:00,2019-10-11 11:30:00,S,4070.8886602062785,True
2019-10-14 08:00:00,2019-10-14 09:00:00,S,-1377.3173300364576,False
2019-10-14 13:00:00,2019-10-15 02:00:00,S,-1370.4307433862755,False
2019-10-15 14:30:00,2019-10-16 08:30:00,S,234.05492386136115,True
2019-10-17 07:30:00,2019-10-17 12:30:00,S,-1364.7488642886508,False
2019-10-22 08:00:00,2019-10-22 23:30:00,S,-1357.9251199672074,False
2019-10-24 09:00:00,2019-10-24 12:30:00,L,4053.406483102114,True
2019-10-25 18:00:00,2019-10-28 12:30:00,L,-1371.402526782882,False
2019-10-29 09:30:00,2019-10-29 11:00:00,S,4093.636542446903,True
2019-10-30 19:00:00,2019-10-31 11:00:00,L,4155.041090583606,True
2019-11-01 07:00:00,2019-11-01 08:00:00,L,4217.366706942361,True
2019-11-01 11:00:00,2019-11-01 11:30:00,L,-1426.8757358488322,False
2019-11-01 15:30:00,2019-11-01 17:00:00,L,-1419.741357169588,False
2019-11-01 19:30:00,2019-11-04 08:00:00,L,-1412.64265038374,False
2019-11-04 17:00:00,2019-11-05 03:30:00,L,-1405.5794371318211,False
2019-11-06 07:30:00,2019-11-06 09:00:00,S,-1398.5515399461622,False
2019-11-06 11:30:00,2019-11-06 13:30:00,S,-1391.5587822464313,False
2019-11-06 14:30:00,2019-11-06 16:30:00,S,-1384.6009883351992,False
2019-11-08 07:30:00,2019-11-08 12:00:00,S,4133.033950180569,True
2019-11-11 12:00:00,2019-11-11 13:30:00,S,4195.029459433278,True
2019-11-13 09:00:00,2019-11-13 09:30:00,S,-1419.3183004415923,False
2019-11-13 13:00:00,2019-11-14 08:00:00,S,-1116.4397330240245,False
2019-11-15 19:30:00,2019-11-18 01:00:00,S,-1406.639510274264,False
2019-11-26 12:30:00,2019-11-26 15:30:00,S,-1399.6063127228927,False
2019-11-26 17:00:00,2019-11-26 18:00:00,S,-1392.6082811592782,False
2019-11-26 19:30:00,2019-11-27 13:30:00,S,4156.935719260446,True
2019-11-28 10:00:00,2019-11-29 03:00:00,S,-1406.429918349784,False
2019-12-03 07:00:00,2019-12-03 09:00:00,L,4198.193306274105,True
2019-12-04 11:00:00,2019-12-04 14:30:00,L,-1420.3887352894058,False
2019-12-04 17:30:00,2019-12-05 18:30:00,L,2111.073327521612,True
2019-12-06 14:00:00,2019-12-09 07:00:00,S,2654.747717183833,True
2019-12-09 13:30:00,2019-12-09 14:00:00,S,-1437.1158968364862,False
2019-12-09 14:30:00,2019-12-10 10:30:00,S,-1429.9303173523035,False
2019-12-10 16:30:00,2019-12-10 17:00:00,S,-1422.7806657655422,False
2019-12-12 13:00:00,2019-12-12 13:30:00,S,-1415.6667624367144,False
2019-12-12 15:30:00,2019-12-12 17:00:00,S,-1408.5884286245307,False
2019-12-13 15:30:00,2019-12-16 14:30:00,L,3162.6864372579903,True
2019-12-16 18:30:00,2019-12-17 01:30:00,L,-1417.358918667698,False
2019-12-20 09:30:00,2019-12-20 10:30:00,L,-1410.2721240743592,False
2019-12-20 12:30:00,2019-12-20 17:00:00,L,-1403.2207634539877,False
2019-12-20 19:30:00,2019-12-23 03:00:00,L,4188.613978910153,True
2019-12-27 11:30:00,2019-12-30 06:30:00,L,3479.5789585354205,True
2019-12-30 15:00:00,2019-12-30 15:30:00,L,-1434.5456243239455,False
2019-12-31 13:30:00,2019-12-31 14:30:00,L,-1427.3728962023256,False
2020-01-06 17:00:00,2020-01-07 01:30:00,L,-1420.236031721314,False
2020-01-16 09:30:00,2020-01-16 13:30:00,L,-1413.1348515627076,False
2020-01-17 14:30:00,2020-01-20 08:30:00,L,2711.309936994003,True
2020-01-20 15:30:00,2020-01-21 01:00:00,L,4258.877180969592,True
2020-01-21 12:30:00,2020-01-21 15:00:00,L,-1440.9201128947118,False
2020-01-22 08:30:00,2020-01-22 23:30:00,L,4301.146536990715,True
2020-01-23 08:00:00,2020-01-23 15:00:00,L,4365.663735045575,True
2020-01-24 08:30:00,2020-01-24 12:30:00,L,-1477.0495636904195,False
2020-01-24 13:30:00,2020-01-24 15:00:00,L,4408.992947615902,True
2020-01-28 08:30:00,2020-01-28 12:00:00,L,-1491.709280610047,False
2020-01-28 14:00:00,2020-01-28 16:00:00,L,-1484.2507342069969,False
2020-01-30 15:00:00,2020-01-30 23:00:00,L,-1476.829480535962,False
2020-02-03 08:30:00,2020-02-03 09:00:00,L,-1469.4453331332822,False
2020-02-03 09:30:00,2020-02-03 15:00:00,L,-1462.098106467616,False
2020-02-11 12:30:00,2020-02-11 17:00:00,L,-1454.7876159352777,False
2020-02-17 09:30:00,2020-02-18 01:00:00,L,4342.541033566804,True
2020-02-19 15:30:00,2020-02-20 07:00:00,L,-1469.2263830234356,False
2020-02-20 08:00:00,2020-02-20 12:00:00,L,4385.640753324955,True
2020-02-24 17:30:00,2020-02-24 19:00:00,L,-1483.8084548749432,False
2020-02-25 08:30:00,2020-02-25 21:00:00,L,-1476.3894126005684,False
2020-02-26 15:00:00,2020-02-27 07:00:00,L,2869.9737736805278,True
2020-02-27 19:00:00,2020-02-27 20:00:00,L,-1483.3573344059682,False
2020-03-02 12:30:00,2020-03-03 04:30:00,S,79.72482528723633,True
2020-03-04 10:00:00,2020-03-04 18:30:00,L,-1476.3391718603746,False
2020-03-06 16:00:00,2020-03-09 00:30:00,L,4406.872428003218,True
2020-03-09 06:30:00,2020-03-09 22:30:00,L,1114.3481734839102,True
2020-03-10 07:30:00,2020-03-10 13:30:00,L,-1496.5635790085087,False
2020-03-13 08:30:00,2020-03-13 12:30:00,S,-1489.080761113466,False
2020-03-13 13:30:00,2020-03-13 15:30:00,S,4444.906071923697,True
2020-03-20 09:00:00,2020-03-23 02:00:00,S,2036.1478099993142,True
2020-03-25 09:30:00,2020-03-26 02:00:00,L,-1514.0406267175138,False
2020-03-26 07:00:00,2020-03-26 11:00:00,L,4519.411270751779,True
2020-03-27 08:00:00,2020-03-27 08:30:00,L,-1529.0674799376852,False
2020-03-27 09:30:00,2020-03-30 05:00:00,L,-1521.4221425379967,False
2020-04-03 07:00:00,2020-04-03 12:30:00,L,4541.44509547592,True
2020-04-07 19:30:00,2020-04-08 01:00:00,L,-1536.5222573026863,False
2020-04-08 07:30:00,2020-04-08 11:00:00,L,-1528.8396460161728,False
2020-04-14 07:30:00,2020-04-14 13:00:00,L,4563.586343358275,True
2020-04-15 10:00:00,2020-04-15 16:00:00,L,-1544.0133795028833,False
2020-04-15 19:00:00,2020-04-16 12:00:00,L,4608.879937816107,True
2020-04-21 07:30:00,2020-04-21 09:00:00,L,-1559.3377122944494,False
2020-04-24 06:30:00,2020-04-24 15:00:00,L,-1551.5410237329775,False
2020-04-24 16:30:00,2020-04-27 11:30:00,L,473.55274183538927,True
2020-04-29 17:30:00,2020-04-29 19:30:00,L,4638.453246970469,True
2020-05-11 07:00:00,2020-05-11 09:30:00,L,-1569.343348558342,False
2020-05-18 14:30:00,2020-05-18 15:00:00,L,-1561.4966318155502,False
2020-06-01 12:00:00,2020-06-01 13:00:00,L,-1553.6891486564725,False
2020-06-02 08:30:00,2020-06-02 15:00:00,L,-1545.9207029131899,False
2020-06-04 06:30:00,2020-06-04 09:00:00,S,-1538.191099398624,False
2020-06-04 15:00:00,2020-06-04 15:30:00,S,-1530.5001439016307,False
2020-06-08 12:00:00,2020-06-08 16:30:00,S,-1522.8476431821225,False
2020-06-10 16:00:00,2020-06-10 16:30:00,L,-1515.2334049662118,False
2020-06-10 18:30:00,2020-06-11 16:30:00,L,861.2854712214489,True
2020-06-11 17:30:00,2020-06-11 19:00:00,L,-1511.963665297488,False
2020-06-11 22:00:00,2020-06-12 18:00:00,L,1169.849156643754,True
2020-06-12 19:00:00,2020-06-14 22:00:00,L,-1510.2530927542193,False
2020-06-16 07:00:00,2020-06-16 12:30:00,L,-1502.7018272904481,False
2020-06-22 08:30:00,2020-06-22 15:00:00,L,4485.564954461987,True
2020-06-24 15:30:00,2020-06-24 22:00:00,L,-1517.6161429263059,False
2020-06-25 14:00:00,2020-06-26 08:00:00,L,383.67670733266607,True
2020-06-26 14:30:00,2020-06-26 15:30:00,L,4535.839337245013,True
2020-06-29 08:30:00,2020-06-29 09:00:00,L,-1534.6256424345627,False
2020-06-29 10:00:00,2020-06-29 12:30:00,L,-1526.9525142223897,False
2020-06-29 13:00:00,2020-06-30 02:00:00,L,869.5196888494104,True
2020-06-30 13:30:00,2020-06-30 14:30:00,L,4570.996050286574,True
2020-07-01 11:30:00,2020-07-01 12:00:00,L,-1546.5203303469575,False
2020-07-02 13:30:00,2020-07-03 02:30:00,L,2377.714882354875,True
2020-07-07 09:00:00,2020-07-07 09:30:00,L,-1550.6763031069972,False
2020-07-07 11:00:00,2020-07-07 13:30:00,L,4628.768764774387,True
2020-07-09 13:00:00,2020-07-09 15:00:00,L,-1566.0667654153342,False
2020-07-09 17:00:00,2020-07-10 13:00:00,L,2585.2666123884446,True
2020-07-10 17:30:00,2020-07-13 09:00:00,L,4713.488293950599,True
2020-07-14 07:30:00,2020-07-14 10:00:00,L,-1594.7302061199528,False
2020-07-15 08:30:00,2020-07-15 10:00:00,L,-1586.756555089353,False
2020-07-15 12:30:00,2020-07-15 13:00:00,L,-1578.8227723139062,False
2020-07-15 14:30:00,2020-07-16 08:00:00,L,-1570.9286584523368,False
2020-07-16 10:00:00,2020-07-16 16:30:00,L,-1563.0740151600749,False
2020-07-28 09:30:00,2020-07-29 00:30:00,L,4224.540068538963,True
2020-07-30 06:30:00,2020-07-30 07:00:00,L,-1576.3813454269693,False
2020-07-30 08:00:00,2020-07-30 09:00:00,L,-1568.4994386998346,False
2020-07-30 16:00:00,2020-07-31 03:30:00,L,4681.970824519006,True
2020-08-03 08:00:00,2020-08-03 11:00:00,L,-1584.0667956289303,False
2020-08-03 11:30:00,2020-08-03 13:00:00,L,-1576.1464616507856,False
2020-08-03 14:30:00,2020-08-04 12:30:00,L,1959.4712431963158,True
2020-08-05 17:30:00,2020-08-06 11:30:00,L,3206.804143458702,True
2020-08-07 14:00:00,2020-08-07 14:30:00,L,-1594.0971062758072,False
2020-08-07 17:00:00,2020-08-10 10:00:00,L,626.1895401347122,True
2020-08-12 09:00:00,2020-08-12 16:30:00,S,-1589.2575684451015,False
2020-08-12 17:30:00,2020-08-13 09:30:00,S,825.3216931273287,True
2020-08-18 16:00:00,2020-08-19 02:00:00,L,-1585.4378890685127,False
2020-08-19 07:30:00,2020-08-19 14:30:00,L,-1577.51069962317,False
2020-08-24 09:00:00,2020-08-24 13:00:00,S,-1569.6231461250543,False
2020-08-24 13:30:00,2020-08-24 14:30:00,S,4685.325091183287,True
2020-08-27 15:00:00,2020-08-27 18:30:00,S,-1585.2016558503456,False
2020-08-31 07:00:00,2020-08-31 07:30:00,L,-1577.275647571094,False
2020-08-31 08:00:00,2020-09-01 13:00:00,L,4708.1678079997155,True
2020-09-01 22:00:00,2020-09-02 05:00:00,L,-1592.930108373237,False
2020-09-03 15:30:00,2020-09-03 16:30:00,S,-1584.965457831371,False
2020-09-04 10:30:00,2020-09-04 12:30:00,S,-1577.0406305422139,False
2020-09-04 13:00:00,2020-09-04 18:30:00,S,-1569.1554273895028,False
2020-09-08 19:00:00,2020-09-09 12:00:00,S,1364.4699649452873,True
2020-09-10 08:30:00,2020-09-10 13:00:00,L,4704.396000231845,True
2020-09-11 16:30:00,2020-09-14 08:30:00,S,1326.695183675409,True
2020-09-14 12:30:00,2020-09-14 15:00:00,L,4794.862367990454,True
2020-09-15 17:30:00,2020-09-15 19:30:00,L,-1622.26176783677,False
2020-09-16 15:00:00,2020-09-16 19:00:00,L,-1614.1504589975864,False
2020-09-16 20:00:00,2020-09-17 01:30:00,L,-1606.0797067025985,False
2020-09-18 14:30:00,2020-09-20 22:00:00,L,-1598.0493081690854,False
2020-09-22 17:00:00,2020-09-23 07:30:00,S,4770.17718488472,True
2020-09-24 14:30:00,2020-09-24 17:00:00,S,-1613.9099475526637,False
2020-09-24 18:30:00,2020-09-25 05:00:00,S,-1605.8403978149001,False
2020-09-25 09:30:00,2020-09-25 10:30:00,S,4793.433587477477,True
2020-09-28 13:00:00,2020-09-28 13:30:00,S,-1621.778363763213,False
2020-09-28 15:00:00,2020-09-28 15:30:00,S,-1613.6694719443967,False
2020-10-07 10:00:00,2020-10-08 06:30:00,S,-1605.6011245846748,False
2020-10-08 07:30:00,2020-10-08 12:00:00,S,-1597.5731189617516,False
2020-10-08 14:30:00,2020-10-08 16:00:00,S,-1589.5852533669427,False
2020-10-12 10:00:00,2020-10-13 01:00:00,L,-1581.6373271001078,False
2020-10-14 07:30:00,2020-10-14 08:30:00,S,-1573.7291404646073,False
2020-10-14 09:30:00,2020-10-14 14:00:00,S,-1565.8604947622844,False
2020-10-14 16:00:00,2020-10-15 11:00:00,S,2033.8165160487176,True
2020-10-23 13:00:00,2020-10-23 15:00:00,S,4704.600824606149,True
2020-10-26 13:00:00,2020-10-26 13:30:00,S,-1591.723278991747,False
2020-10-26 14:30:00,2020-10-27 01:30:00,S,-1583.7646625967882,False
2020-10-27 08:30:00,2020-10-27 12:30:00,S,-1575.8458392838043,False
2020-10-28 07:30:00,2020-10-28 09:30:00,S,4703.899830262156,True
2020-10-29 09:00:00,2020-10-29 09:30:00,S,-1591.4861092386964,False
2020-10-30 14:30:00,2020-11-02 12:00:00,S,-1583.5286786925028,False
2020-11-03 07:00:00,2020-11-03 07:30:00,L,-1575.6110352990402,False
2020-11-03 08:00:00,2020-11-03 14:00:00,L,4703.198940367635,True
2020-11-04 11:30:00,2020-11-05 05:30:00,L,3628.5831477970855,True
2020-11-06 07:00:00,2020-11-06 11:00:00,L,4828.175671690105,True
2020-11-10 10:30:00,2020-11-10 11:30:00,S,-1633.532768921819,False
2020-11-10 18:30:00,2020-11-11 03:00:00,S,-1625.3651050772098,False
2020-11-11 07:30:00,2020-11-11 08:30:00,S,-1617.2382795518238,False
2020-11-12 12:00:00,2020-11-12 13:30:00,S,-1609.1520881540646,False
2020-11-12 18:30:00,2020-11-13 01:00:00,S,-1601.1063277132944,False
2020-11-16 18:00:00,2020-11-17 14:00:00,S,-690.2502340914667,False
2020-11-18 09:30:00,2020-11-18 10:30:00,S,4768.948634712811,True
2020-11-18 17:30:00,2020-11-19 05:30:00,S,4840.482864233504,True
2020-11-20 06:30:00,2020-11-20 14:00:00,S,-1637.696702399002,False
2020-11-25 09:00:00,2020-11-25 09:30:00,S,-1629.5082188870072,False
2020-11-25 10:30:00,2020-11-25 12:00:00,S,-1621.360677792572,False
2020-11-25 14:30:00,2020-11-26 07:30:00,S,-1613.2538744036092,False
2020-11-26 08:00:00,2020-11-26 14:30:00,S,4815.562815094773,True
2020-11-30 15:30:00,2020-11-30 16:00:00,S,-1629.265419107065,False
2020-12-07 14:00:00,2020-12-07 14:30:00,L,4863.35727603459,True
2020-12-08 13:00:00,2020-12-09 03:00:00,L,-1645.4358783917028,False
2020-12-10 07:30:00,2020-12-10 13:30:00,S,-1637.2086989997442,False
2020-12-10 14:30:00,2020-12-10 15:00:00,S,-1629.0226555047454,False
2020-12-10 15:30:00,2020-12-11 13:30:00,S,1202.4536054902824,True
2020-12-11 17:30:00,2020-12-14 08:00:00,S,4880.669430764019,True
2020-12-16 14:30:00,2020-12-17 07:00:00,L,4953.87947222548,True
2020-12-18 09:00:00,2020-12-18 14:30:00,L,-1676.0625547696209,False
2020-12-24 11:30:00,2020-12-24 14:00:00,L,-1667.6822419957728,False
2020-12-24 15:00:00,2020-12-28 01:00:00,L,4978.0314923573815,True
2020-12-28 13:30:00,2020-12-28 17:00:00,L,-1684.2339882475808,False
2020-12-30 11:30:00,2020-12-30 12:00:00,L,-1675.812818306343,False
2020-12-30 12:30:00,2020-12-30 13:00:00,L,-1667.4337542148112,False
2020-12-31 19:00:00,2021-01-03 23:00:00,L,4977.289756331212,True
2021-01-07 06:30:00,2021-01-07 08:00:00,L,-1683.9830342253933,False
2021-01-11 10:00:00,2021-01-12 05:00:00,S,-530.5635500815098,False
2021-01-12 13:30:00,2021-01-12 19:30:00,S,-1672.9103013038587,False
2021-01-13 07:00:00,2021-01-14 00:00:00,S,4993.637249392018,True
2021-01-14 17:30:00,2021-01-14 19:00:00,S,-1689.5139360442993,False
2021-01-14 19:30:00,2021-01-15 02:30:00,S,-1681.0663663640778,False
2021-01-15 10:30:00,2021-01-15 14:00:00,S,5017.983103596773,True
2021-01-18 08:30:00,2021-01-18 16:00:00,S,-1697.7509500502415,False
2021-01-19 10:00:00,2021-01-19 13:00:00,S,5067.78658589997,True
2021-01-21 10:30:00,2021-01-21 14:00:00,L,-1714.6011282294899,False
2021-01-21 14:30:00,2021-01-21 17:00:00,L,-1706.0281225883425,False
2021-01-25 19:00:00,2021-01-26 04:00:00,S,-1697.4979819754008,False
2021-01-27 08:30:00,2021-01-27 12:00:00,S,5067.031476196572,True
2021-01-28 11:30:00,2021-01-28 14:00:00,S,-1714.345649446507,False
2021-01-29 07:30:00,2021-01-29 11:00:00,S,-1705.7739211992741,False
2021-02-05 09:30:00,2021-02-05 10:30:00,S,-1697.2450515932778,False
2021-02-05 20:00:00,2021-02-05 21:30:00,S,-1688.7588263353116,False
2021-02-08 14:00:00,2021-02-08 14:30:00,S,-1680.315032203635,False
2021-02-12 17:30:00,2021-02-15 11:30:00,S,1260.6734797862603,True
2021-02-15 13:00:00,2021-02-16 01:30:00,S,-1678.2168244415482,False
2021-02-16 08:30:00,2021-02-16 12:30:00,S,5009.477220958021,True
2021-02-18 09:30:00,2021-02-18 13:00:00,S,-1694.8731264241305,False
2021-02-19 14:30:00,2021-02-19 15:00:00,S,-1686.3987607920099,False
2021-02-19 15:30:00,2021-02-22 01:00:00,S,-1677.9667669880498,False
2021-03-01 09:00:00,2021-03-01 13:00:00,S,5008.730799459328,True
2021-03-02 12:00:00,2021-03-02 12:30:00,S,-1694.6205871504062,False
2021-03-02 13:30:00,2021-03-02 16:30:00,S,-1686.1474842146542,False
2021-03-02 19:30:00,2021-03-03 13:00:00,S,5033.1502403807435,True
2021-03-04 08:00:00,2021-03-04 13:00:00,S,-1702.8824979954848,False
2021-03-04 13:30:00,2021-03-04 15:30:00,S,-1694.3680855055072,False
2021-03-05 14:30:00,2021-03-07 23:00:00,S,-1685.8962450779798,False
2021-03-23 12:30:00,2021-03-23 13:30:00,S,5032.40029155777,True
2021-03-24 06:30:00,2021-03-24 07:00:00,S,-1702.6287653103789,False
2021-03-24 17:00:00,2021-03-25 14:00:00,S,-1694.1156214838268,False
2021-03-26 08:00:00,2021-03-26 09:30:00,S,-1685.6450433764078,False
2021-03-31 07:00:00,2021-03-31 13:30:00,S,-1677.2168181595257,False
2021-03-31 19:00:00,2021-04-01 04:00:00,S,-1668.8307340687281,False
2021-04-07 07:30:00,2021-04-07 10:00:00,L,-1660.4865803983846,False
2021-04-07 12:00:00,2021-04-08 06:00:00,L,4956.552442489177,True
2021-04-09 08:00:00,2021-04-09 08:30:00,L,-1676.9669097088386,False
2021-04-09 09:30:00,2021-04-09 10:00:00,L,-1668.5820751602942,False
2021-04-09 12:00:00,2021-04-09 12:30:00,L,-1660.2391647844927,False
2021-04-19 14:00:00,2021-04-20 01:00:00,L,-1651.9379689605703,False
2021-04-20 09:00:00,2021-04-20 09:30:00,L,-1643.6782791157675,False
2021-04-20 10:00:00,2021-04-20 12:30:00,L,-1635.4598877201888,False
2021-04-21 10:00:00,2021-04-21 12:30:00,L,4881.847764844763,True
2021-04-22 11:30:00,2021-04-22 12:00:00,L,-1651.6918271058116,False
2021-04-22 14:00:00,2021-04-22 15:00:00,L,-1643.4333679702827,False
2021-04-22 16:30:00,2021-04-23 11:30:00,L,3168.644134437397,True
2021-05-04 07:00:00,2021-05-04 10:00:00,L,-1651.059421802618,False
2021-05-04 11:00:00,2021-05-04 11:30:00,L,-1642.8041246936048,False
2021-05-04 13:00:00,2021-05-04 16:00:00,L,-1634.5901040701367,False
2021-05-07 15:00:00,2021-05-10 10:00:00,L,1225.10494931091,True
2021-05-11 08:00:00,2021-05-11 12:30:00,L,-1632.5426782963405,False
2021-05-11 14:00:00,2021-05-12 10:00:00,L,1580.1903509680212,True
2021-05-17 13:30:00,2021-05-17 15:00:00,L,4896.842749979097,True
2021-05-18 12:00:00,2021-05-18 13:00:00,L,-1656.7651304095946,False
2021-05-18 15:00:00,2021-05-19 08:30:00,L,-1648.4813047575465,False
2021-05-19 12:30:00,2021-05-19 14:00:00,L,4920.7166947012765,True
2021-05-20 13:00:00,2021-05-20 16:30:00,L,4994.527445121796,True
2021-05-21 08:00:00,2021-05-21 12:00:00,L,5069.445356798622,True
2021-05-21 17:30:00,2021-05-24 10:30:00,L,2344.323288208063,True
2021-05-25 07:30:00,2021-05-25 08:00:00,L,-1726.8839621579077,False
2021-05-27 13:00:00,2021-05-27 13:30:00,L,-1718.2495423471182,False
2021-05-27 15:30:00,2021-05-28 12:00:00,L,-1709.6582946353828,False
2021-05-31 11:00:00,2021-06-01 02:00:00,L,5103.330009486618,True
2021-06-01 11:30:00,2021-06-01 13:30:00,L,-1726.6266532096392,False
2021-06-01 14:30:00,2021-06-01 15:00:00,L,-1717.993519943591,False
2021-06-01 15:30:00,2021-06-02 07:30:00,L,59.61711937272084,True
2021-06-02 14:30:00,2021-06-03 07:00:00,L,-1709.7016379407366,False
2021-06-08 06:30:00,2021-06-08 09:00:00,L,-1701.153129751033,False
2021-06-10 12:30:00,2021-06-10 16:00:00,L,5077.942092306834,True
2021-06-14 15:30:00,2021-06-15 16:30:00,S,2780.875728935603,True
2021-06-16 10:30:00,2021-06-16 16:00:00,S,-1731.94145320849,False
2021-06-16 19:30:00,2021-06-16 22:00:00,S,5169.845237827342,True
2021-06-18 10:30:00,2021-06-18 12:00:00,S,5247.392916394752,True
2021-06-21 07:30:00,2021-06-21 09:00:00,S,-1775.3679367135578,False
2021-06-21 13:30:00,2021-06-21 14:30:00,S,-1766.49109702999,False
2021-06-21 17:00:00,2021-06-21 22:00:00,S,-1757.65864154484,False
2021-06-23 07:30:00,2021-06-23 09:00:00,S,-1748.8703483371157,False
2021-06-23 18:30:00,2021-06-24 12:00:00,S,-1740.1259965954303,False
2021-06-24 12:30:00,2021-06-24 19:30:00,S,5194.27609983736,True
2021-06-25 06:30:00,2021-06-25 10:00:00,S,-1757.39674711164,False
2021-06-25 16:00:00,2021-06-27 23:00:00,S,-1748.609763376082,False
2021-06-28 08:30:00,2021-06-28 13:00:00,S,-1739.8667145592015,False
2021-06-30 15:30:00,2021-06-30 17:00:00,S,-1731.1673809864055,False
2021-07-09 07:30:00,2021-07-09 12:30:00,L,-1722.5115440814736,False
2021-07-12 07:30:00,2021-07-12 12:00:00,L,-1713.8989863610661,False
2021-07-12 15:30:00,2021-07-13 07:30:00,L,1663.7019974706184,True
2021-07-15 13:30:00,2021-07-15 15:00:00,L,-1713.648001416614,False
2021-07-16 06:30:00,2021-07-16 07:00:00,L,-1705.079761409531,False
2021-07-16 11:00:00,2021-07-16 11:30:00,L,-1696.5543626024833,False
2021-07-20 12:30:00,2021-07-20 14:00:00,S,-1688.071590789471,False
2021-07-20 14:30:00,2021-07-21 08:00:00,S,5038.893698506571,True
2021-07-22 10:00:00,2021-07-22 14:00:00,S,-1704.8257013280565,False
2021-07-22 19:00:00,2021-07-23 07:30:00,S,-1696.3015728214161,False
2021-07-23 08:30:00,2021-07-23 11:00:00,S,5063.460194871928,True
2021-07-26 13:30:00,2021-07-27 12:30:00,S,-928.146347622748,False
2021-07-27 13:00:00,2021-07-28 03:00:00,S,-1708.4966341935553,False
2021-08-02 14:30:00,2021-08-03 01:30:00,L,-1699.9541510225874,False
2021-08-09 09:30:00,2021-08-10 10:30:00,S,3444.903775305044,True
2021-08-11 12:30:00,2021-08-11 14:00:00,S,-1708.6788991439994,False
2021-08-11 14:30:00,2021-08-11 16:00:00,S,-1700.1355046482795,False
2021-08-12 09:00:00,2021-08-12 12:00:00,S,5074.904481375114,True
2021-08-16 07:30:00,2021-08-16 12:00:00,L,-1717.0093495319138,False
2021-08-17 20:00:00,2021-08-18 06:30:00,L,5125.272908352763,True
2021-08-18 13:30:00,2021-08-18 14:00:00,L,-1734.0506673260181,False
2021-08-18 17:30:00,2021-08-19 04:00:00,L,-1725.380413989388,False
2021-08-25 06:30:00,2021-08-25 07:00:00,L,-1716.7535119194413,False
2021-08-25 10:30:00,2021-08-25 12:30:00,L,-1708.169744359844,False
2021-08-27 11:30:00,2021-08-27 13:00:00,L,-1699.6288956380447,False
2021-08-27 14:00:00,2021-08-27 16:00:00,L,5073.392253479564,True
2021-08-30 09:30:00,2021-08-30 13:00:00,L,-1716.4977124272523,False
2021-08-30 15:00:00,2021-08-30 15:30:00,L,-1707.915223865116,False
2021-08-30 19:30:00,2021-08-31 05:30:00,L,5098.126943237372,True
2021-08-31 13:30:00,2021-08-31 14:30:00,L,-1724.8662824619773,False
2021-09-01 09:30:00,2021-09-01 12:30:00,L,5148.725853149002,True
2021-09-06 12:00:00,2021-09-06 13:00:00,L,-1741.9855803154128,False
2021-09-06 13:30:00,2021-09-06 15:00:00,L,-1733.2756524138356,False
2021-09-09 14:00:00,2021-09-09 16:00:00,S,-1724.6092741517664,False
2021-09-09 18:00:00,2021-09-10 05:30:00,S,-1715.9862277810075,False
2021-09-10 09:30:00,2021-09-10 13:00:00,S,5122.218889926307,True
2021-09-13 07:30:00,2021-09-13 13:30:00,S,-1733.0173910917342,False
2021-09-13 15:30:00,2021-09-14 09:30:00,S,3648.812741556836,True
2021-09-14 14:00:00,2021-09-15 06:00:00,L,2884.554856250626,True
2021-09-15 13:00:00,2021-09-16 02:00:00,S,448.38358429014,True
2021-09-17 08:00:00,2021-09-17 08:30:00,S,-1759.2610600467638,False
2021-09-17 10:30:00,2021-09-17 12:30:00,S,5251.39426423959,True
2021-09-20 07:30:00,2021-09-20 08:00:00,S,-1776.7217260677278,False
2021-09-20 11:00:00,2021-09-20 13:00:00,S,-1767.8381174373892,False
2021-09-20 14:30:00,2021-09-21 10:00:00,S,-1758.9989268502022,False
2021-09-21 11:00:00,2021-09-21 12:00:00,S,-1750.2039322159512,False
2021-09-24 07:00:00,2021-09-24 08:00:00,S,-1741.4529125548715,False
2021-09-24 11:30:00,2021-09-27 01:00:00,S,-1732.7456479920975,False
2021-09-27 06:30:00,2021-09-27 07:00:00,S,-1724.0819197521369,False
2021-09-27 08:00:00,2021-09-28 07:00:00,S,5146.384530460128,True
2021-09-29 13:30:00,2021-09-29 14:00:00,S,5223.5802984170305,True
2021-10-11 17:00:00,2021-10-12 05:00:00,S,-1767.3113342977617,False
2021-10-12 07:30:00,2021-10-12 10:30:00,S,-1758.474777626273,False
2021-10-13 13:30:00,2021-10-13 14:30:00,L,5249.047211214425,True
2021-10-18 16:30:00,2021-10-19 01:30:00,S,-1775.9276397942137,False
2021-10-21 13:30:00,2021-10-21 17:00:00,L,-1767.0480015952428,False
2021-10-21 18:30:00,2021-10-22 06:30:00,L,5274.6382847618,True
2021-10-22 16:30:00,2021-10-25 13:30:00,L,2622.5032999574387,True
2021-10-26 09:30:00,2021-10-26 12:00:00,L,-1797.6984695108629,False
2021-10-27 06:30:00,2021-10-27 10:00:00,L,-1788.7099771633084,False
2021-10-27 11:00:00,2021-10-27 13:30:00,L,5339.299281832476,True
2021-11-03 14:00:00,2021-11-03 18:30:00,S,-1806.4629236866542,False
2021-11-05 13:00:00,2021-11-05 14:30:00,L,5392.291827204663,True
2021-11-08 09:30:00,2021-11-08 14:00:00,L,5473.176204612732,True
2021-11-09 08:30:00,2021-11-09 17:30:00,L,5555.273847681923,True
2021-11-10 07:00:00,2021-11-10 07:30:00,L,-1879.5343184657174,False
2021-11-10 09:30:00,2021-11-10 13:30:00,L,-1870.1366468733886,False
2021-11-12 13:30:00,2021-11-15 06:30:00,L,-185.9294330967328,False
2021-11-15 08:00:00,2021-11-15 13:00:00,L,5579.568949420614,True
2021-11-18 11:30:00,2021-11-18 13:00:00,L,-1887.7541612206412,False
2021-11-18 14:00:00,2021-11-18 16:00:00,L,-1878.3153904145381,False
2021-11-19 09:30:00,2021-11-19 14:00:00,L,-1868.9238134624652,False
2021-11-24 06:30:00,2021-11-24 17:30:00,S,5578.737583185459,True
2021-11-25 10:00:00,2021-11-26 02:30:00,S,-1887.47288231108,False
2021-11-26 14:00:00,2021-11-26 16:30:00,S,5634.106553698573,True
2021-11-29 10:30:00,2021-11-29 16:00:00,S,5718.618152004053,True
2021-11-30 09:00:00,2021-11-30 09:30:00,S,-1934.7991414280375,False
2021-11-30 11:30:00,2021-11-30 13:30:00,S,-1925.1251457208975,False
2021-11-30 15:30:00,2021-11-30 16:00:00,S,5746.498559976879,True
2021-12-01 06:30:00,2021-12-01 15:00:00,S,-1944.2320127921773,False
2021-12-02 15:30:00,2021-12-03 03:00:00,S,-1934.5108527282164,False
2021-12-03 06:30:00,2021-12-03 13:30:00,S,-1924.8382984645752,False
2021-12-07 13:30:00,2021-12-07 17:00:00,S,-1915.2141069722522,False
2021-12-21 15:30:00,2021-12-22 11:30:00,S,546.464309669751,True
2021-12-23 13:00:00,2021-12-23 14:30:00,L,-1908.3703579857395,False
2021-12-27 11:00:00,2021-12-27 13:00:00,L,-1898.8285061958109,False
2021-12-27 14:00:00,2021-12-28 11:00:00,L,5668.003090994496,True
2021-12-28 17:30:00,2021-12-28 18:30:00,L,-1917.6743791198044,False
2022-01-05 08:30:00,2022-01-05 16:00:00,L,5724.258021672616,True
2022-01-07 13:00:00,2022-01-07 13:30:00,S,-1936.7072973325683,False
2022-01-10 12:30:00,2022-01-10 23:30:00,S,-1927.0237608459054,False
2022-01-11 14:30:00,2022-01-11 18:00:00,L,5752.165926125028,True
2022-01-12 12:30:00,2022-01-12 13:30:00,L,5838.448415016903,True
2022-01-13 11:30:00,2022-01-13 13:00:00,L,-1975.3417137473857,False
2022-01-13 14:00:00,2022-01-13 14:30:00,L,-1965.4650051786489,False
2022-01-13 16:30:00,2022-01-14 03:00:00,L,5866.913040458267,True
2022-01-14 13:00:00,2022-01-14 16:00:00,L,-1984.972245355047,False
2022-01-14 20:00:00,2022-01-17 01:00:00,L,-1975.047384128272,False
2022-01-18 14:00:00,2022-01-18 14:30:00,L,-1965.1721472076306,False
2022-01-19 08:30:00,2022-01-19 14:00:00,L,5866.038859414778,True
2022-01-20 07:00:00,2022-01-20 08:00:00,L,-1984.6764807686664,False
2022-01-21 10:00:00,2022-01-21 18:30:00,L,-1974.7530983648232,False
2022-01-24 14:00:00,2022-01-24 15:00:00,L,-1964.8793328729992,False
2022-01-24 18:00:00,2022-01-25 13:00:00,L,636.4946676042755,True
2022-01-26 09:30:00,2022-01-26 11:30:00,L,-1958.2374095466555,False
2022-01-28 06:30:00,2022-01-28 10:00:00,S,5845.338667496767,True
2022-01-31 12:30:00,2022-01-31 15:00:00,S,-1977.672915836406,False
2022-01-31 16:30:00,2022-01-31 17:00:00,S,-1967.784551257224,False
2022-01-31 17:30:00,2022-01-31 19:00:00,S,-1957.945628500938,False
2022-02-01 13:30:00,2022-02-01 16:00:00,S,-1948.1559003584332,False
2022-02-01 17:00:00,2022-02-02 13:00:00,S,-261.3493271644487,False
2022-02-02 13:30:00,2022-02-02 16:00:00,S,-1937.1083742208186,False
2022-02-08 09:00:00,2022-02-08 16:00:00,L,5782.268497049143,True
2022-02-10 10:00:00,2022-02-10 12:00:00,L,-1956.33417483496,False
2022-02-10 13:00:00,2022-02-10 13:30:00,L,-1946.5525039607855,False
2022-02-10 14:00:00,2022-02-10 14:30:00,L,-1936.8197414409815,False
2022-02-11 09:30:00,2022-02-11 15:00:00,L,5781.40692820133,True
2022-02-15 14:30:00,2022-02-15 15:30:00,L,-1956.0426773747831,False
2022-02-15 17:00:00,2022-02-16 09:00:00,L,1733.72968742922,True
2022-02-18 06:30:00,2022-02-18 10:30:00,L,-1954.9311124250553,False
2022-02-18 11:00:00,2022-02-18 21:30:00,L,5835.469370588789,True
2022-02-21 08:00:00,2022-02-21 18:30:00,L,5923.001411147622,True
2022-02-22 13:00:00,2022-02-22 15:30:00,L,-2003.948810771612,False
2022-02-22 16:00:00,2022-02-23 06:00:00,L,-649.4468519661372,False
2022-02-23 08:30:00,2022-02-23 09:00:00,L,-1990.6818324579233,False
2022-02-23 11:00:00,2022-02-23 13:00:00,L,5942.185269886901,True
2022-02-28 10:30:00,2022-02-28 17:00:00,L,-2010.439349645068,False
2022-02-28 18:00:00,2022-03-01 12:00:00,L,6001.161458690528,True
2022-03-02 06:30:00,2022-03-02 10:00:00,L,-2030.3929601902955,False
2022-03-02 18:30:00,2022-03-03 14:30:00,L,2198.0837939751545,True
2022-03-03 16:30:00,2022-03-04 00:00:00,L,6093.69424307766,True
2022-03-09 12:30:00,2022-03-09 13:00:00,L,-2061.6998855746083,False
2022-03-09 16:30:00,2022-03-09 17:00:00,L,-2051.391386146735,False
2022-03-09 23:00:00,2022-03-10 01:00:00,L,-2041.1344292160013,False
2022-03-16 10:30:00,2022-03-16 12:00:00,S,-2030.9287570699214,False
2022-03-22 06:30:00,2022-03-22 10:00:00,S,6062.322339853716,True
2022-03-24 07:30:00,2022-03-24 09:00:00,L,-2051.0857249838405,False
2022-03-24 12:00:00,2022-03-24 12:30:00,L,-2040.8302963589215,False
2022-03-25 08:30:00,2022-03-25 09:00:00,L,-2030.6261448771268,False
2022-03-25 15:00:00,2022-03-28 01:30:00,L,-2020.4730141527414,False
2022-04-05 07:30:00,2022-04-05 08:30:00,S,-2010.3706490819777,False
2022-04-05 15:30:00,2022-04-06 08:30:00,S,947.547653842822,True
2022-04-06 11:00:00,2022-04-06 12:30:00,S,-2005.0565341057818,False
2022-04-06 16:30:00,2022-04-07 12:00:00,S,-1995.031251435253,False
2022-04-08 07:30:00,2022-04-08 13:30:00,L,5955.16828553423,True
2022-04-11 20:00:00,2022-04-12 12:30:00,L,6044.495809817244,True
2022-04-14 12:30:00,2022-04-14 13:30:00,L,-2045.054415654834,False
2022-04-14 15:30:00,2022-04-18 00:00:00,L,6104.4874307296795,True
2022-04-18 15:30:00,2022-04-18 18:00:00,L,-2065.3515807302083,False
2022-04-18 19:30:00,2022-04-18 23:30:00,L,-2055.024822826557,False
2022-04-19 07:30:00,2022-04-19 09:00:00,L,-2044.749698712424,False
2022-04-22 06:30:00,2022-04-22 08:30:00,S,6103.577850656587,True
2022-04-26 06:30:00,2022-04-26 11:00:00,S,-2065.043839472145,False
2022-04-27 13:00:00,2022-04-28 03:00:00,S,6164.155860824352,True
2022-04-28 12:00:00,2022-04-28 12:30:00,S,-2085.539399578906,False
2022-05-03 12:30:00,2022-05-03 14:00:00,S,-2075.1117025810113,False
2022-05-03 16:00:00,2022-05-04 11:00:00,S,1668.611201471001,True
2022-05-05 14:30:00,2022-05-06 01:00:00,S,6219.2376002263845,True
2022-05-06 10:00:00,2022-05-06 12:30:00,S,-2104.1753880765928,False
2022-05-10 06:30:00,2022-05-10 14:30:00,S,6280.963533408631,True
2022-05-11 13:00:00,2022-05-11 13:30:00,S,-2125.0593288032533,False
2022-05-13 06:30:00,2022-05-13 07:00:00,S,-2114.434032159237,False
2022-05-13 08:00:00,2022-05-13 12:00:00,S,6311.585585995323,True
2022-05-16 13:30:00,2022-05-16 16:00:00,S,-2135.4197899284177,False
2022-05-17 12:30:00,2022-05-17 14:30:00,S,6374.2280729363265,True
2022-05-18 14:00:00,2022-05-18 14:30:00,S,-2156.613831343457,False
2022-05-18 16:30:00,2022-05-19 09:00:00,S,-2145.83076218674,False
2022-05-26 15:00:00,2022-05-26 18:30:00,S,-2135.101608375806,False
2022-05-31 10:00:00,2022-05-31 14:00:00,S,6373.278301001781,True
2022-06-02 07:30:00,2022-06-02 13:00:00,L,6468.877475516807,True
2022-06-07 12:00:00,2022-06-07 13:30:00,S,-2188.63687921652,False
2022-06-10 13:00:00,2022-06-10 13:30:00,L,-2177.6936948204375,False
2022-06-14 09:30:00,2022-06-14 15:30:00,S,6500.415679039005,True
2022-06-15 08:00:00,2022-06-15 09:30:00,S,-2199.30730474153,False
2022-06-15 13:30:00,2022-06-15 19:00:00,S,-2188.3107682178224,False
2022-06-15 22:00:00,2022-06-16 14:00:00,S,1665.0604244451495,True
2022-06-23 16:30:00,2022-06-24 06:30:00,S,6557.083549496876,True
2022-06-24 10:30:00,2022-06-24 15:00:00,S,-2218.4799342464435,False
2022-06-24 17:00:00,2022-06-26 22:00:00,S,-2207.3875345752112,False
2022-06-28 07:00:00,2022-06-28 15:00:00,S,6589.051790707006,True
2022-06-29 14:00:00,2022-06-30 02:30:00,S,-2229.2958558558703,False
2022-07-01 16:30:00,2022-07-01 18:30:00,S,-2218.149376576591,False
2022-07-04 08:00:00,2022-07-05 02:30:00,S,-1010.3338855943989,False
2022-07-07 07:00:00,2022-07-07 13:30:00,S,-2202.006960265736,False
2022-07-07 17:30:00,2022-07-08 00:30:00,S,-2190.9969254644075,False
2022-07-08 18:00:00,2022-07-11 11:00:00,S,3260.6980135718445,True
2022-07-12 12:00:00,2022-07-13 09:00:00,S,3903.8919228781283,True
2022-07-13 10:00:00,2022-07-13 12:30:00,S,6647.594671558005,True
2022-07-13 13:00:00,2022-07-13 13:30:00,S,-2249.102863877125,False
2022-07-13 16:00:00,2022-07-14 07:00:00,S,6713.572048673218,True
2022-07-15 06:30:00,2022-07-15 12:30:00,S,-2271.425209801105,False
2022-07-18 12:00:00,2022-07-18 13:30:00,S,-2260.0680837521,False
2022-07-19 12:00:00,2022-07-20 12:00:00,S,4254.947859374862,True
2022-07-20 14:00:00,2022-07-20 20:00:00,S,6810.127447890642,True
2022-07-27 13:00:00,2022-07-27 16:00:00,S,-2304.0931198696667,False
2022-07-29 14:30:00,2022-08-01 10:00:00,L,6877.717962810956,True
2022-08-02 09:00:00,2022-08-02 15:30:00,L,6980.88373225312,True
2022-08-03 17:30:00,2022-08-04 05:00:00,L,7085.596988236917,True
2022-08-05 09:00:00,2022-08-05 11:00:00,L,-2397.2936476868235,False
2022-08-05 11:30:00,2022-08-05 12:30:00,L,-2385.3071794483894,False
2022-08-05 16:30:00,2022-08-08 09:30:00,L,1538.1187952139599,True
2022-08-10 08:30:00,2022-08-10 14:00:00,L,7143.213712581652,True
2022-08-11 06:30:00,2022-08-11 14:00:00,L,7250.361918270377,True
2022-08-11 19:30:00,2022-08-12 12:00:00,L,-2453.0391156814776,False
2022-08-17 06:30:00,2022-08-17 08:00:00,S,7322.32176030921,True
2022-08-18 13:30:00,2022-08-18 17:00:00,S,7432.156586713848,True
2022-08-19 15:00:00,2022-08-22 07:30:00,S,7543.638935514557,True
2022-08-23 09:00:00,2022-08-23 12:30:00,S,7656.793519547275,True
2022-08-23 16:30:00,2022-08-24 15:00:00,S,-2590.5484741134946,False
2022-08-26 07:00:00,2022-08-26 10:00:00,S,7732.787195228781,True
2022-08-29 16:00:00,2022-08-30 09:00:00,S,3521.937277129562,True
2022-09-02 18:00:00,2022-09-02 18:30:00,S,-2633.8693541047187,False
2022-09-02 20:00:00,2022-09-02 20:30:00,S,-2620.700007334195,False
2022-09-05 10:00:00,2022-09-06 01:00:00,S,-2607.596507297524,False
2022-09-07 12:00:00,2022-09-07 14:00:00,S,-2594.5585247610366,False
2022-09-13 13:00:00,2022-09-14 05:00:00,S,-56.72432816278643,False
2022-09-14 09:30:00,2022-09-14 12:30:00,S,-2581.3021104964173,False
2022-09-14 13:30:00,2022-09-14 19:30:00,S,7705.186799831805,True
2022-09-16 11:30:00,2022-09-16 15:00:00,S,-2606.921533943094,False
2022-09-16 16:30:00,2022-09-18 22:00:00,S,-2593.8869262733783,False
2022-09-19 16:00:00,2022-09-19 20:00:00,S,-2580.917491642012,False
2022-09-21 07:00:00,2022-09-21 10:00:00,S,-2568.0129041838018,False
2022-09-21 14:30:00,2022-09-21 19:00:00,S,-2555.172839662883,False
2022-09-22 15:00:00,2022-09-23 06:00:00,S,-483.0042906865693,False
2022-09-26 11:00:00,2022-09-26 13:00:00,S,-2539.9819540111353,False
2022-09-27 07:00:00,2022-09-27 07:30:00,S,-2527.28204424108,False
2022-09-27 08:00:00,2022-09-27 17:00:00,S,7543.936902059622,True
2022-09-28 11:30:00,2022-09-28 12:00:00,S,-2552.3653185301728,False
2022-10-03 08:00:00,2022-10-03 09:30:00,L,-2539.6034919375215,False
2022-10-03 10:00:00,2022-10-03 14:00:00,L,7580.716423433502,True
2022-10-05 06:30:00,2022-10-05 07:00:00,L,-2564.8090565950015,False
2022-10-05 09:00:00,2022-10-05 09:30:00,L,-2551.9850113120265,False
2022-10-05 11:00:00,2022-10-05 11:30:00,L,-2539.2250862554665,False
2022-10-06 09:30:00,2022-10-06 11:00:00,L,-2526.528960824189,False
2022-10-06 13:00:00,2022-10-06 13:30:00,L,-2513.8963160200683,False
2022-10-06 15:00:00,2022-10-06 16:00:00,L,-2501.326834439968,False
2022-10-07 09:30:00,2022-10-07 10:00:00,L,-2488.820200267768,False
2022-10-07 11:00:00,2022-10-07 12:30:00,L,-2476.3760992664293,False
2022-10-11 17:30:00,2022-10-11 18:30:00,S,7391.982656310292,True
2022-10-12 07:00:00,2022-10-12 18:00:00,S,-2500.954132051649,False
2022-10-12 20:00:00,2022-10-13 11:30:00,S,-2488.4493613913905,False
2022-10-14 07:30:00,2022-10-14 12:00:00,S,7428.0213437533,True
2022-10-17 06:30:00,2022-10-17 07:00:00,S,-2513.1472213032002,False
2022-10-17 08:30:00,2022-10-17 09:00:00,S,-2500.5814851966843,False
2022-10-17 13:30:00,2022-10-17 17:30:00,S,7464.235733312104,True
2022-10-18 13:30:00,2022-10-19 06:00:00,S,7576.1992693117845,True
2022-10-20 13:00:00,2022-10-20 14:00:00,S,-2563.2807527838204,False
2022-10-20 15:30:00,2022-10-20 19:00:00,S,7651.393047059704,True
2022-10-21 08:00:00,2022-10-21 11:00:00,S,-2588.7213142552,False
2022-10-21 12:00:00,2022-10-21 12:30:00,S,-2575.777707683924,False
2022-10-21 14:30:00,2022-10-21 16:00:00,S,-2562.8988191455046,False
2022-11-02 15:00:00,2022-11-02 18:00:00,S,-2550.084325049777,False
2022-11-02 19:00:00,2022-11-03 12:00:00,S,7612.001710273585,True
2022-11-07 08:30:00,2022-11-08 05:00:00,L,-2575.3939119758957,False
2022-11-08 09:00:00,2022-11-08 14:00:00,L,7687.550827248049,True
2022-11-09 09:30:00,2022-11-09 10:00:00,L,-2600.9546965522563,False
2022-11-09 11:00:00,2022-11-09 13:00:00,L,-2587.949923069495,False
2022-11-10 08:30:00,2022-11-10 13:30:00,L,7725.030520362443,True
2022-11-14 11:00:00,2022-11-14 11:30:00,L,-2613.63532605596,False
2022-11-14 13:00:00,2022-11-14 15:00:00,L,7801.701448277039,True
2022-11-15 18:00:00,2022-11-15 18:30:00,L,7918.726970001195,True
2022-11-17 07:30:00,2022-11-17 11:00:00,L,-2679.169291517071,False
2022-11-17 12:00:00,2022-11-17 12:30:00,L,-2665.7734450594853,False
2022-11-25 14:30:00,2022-11-28 01:30:00,L,-2652.4445778341883,False
2022-11-29 15:00:00,2022-11-29 20:30:00,L,-2639.1823549450173,False
2022-11-30 14:30:00,2022-11-30 15:00:00,L,-2625.986443170292,False
2022-11-30 16:00:00,2022-11-30 18:00:00,L,-2612.8565109544406,False
2022-11-30 19:00:00,2022-12-01 00:30:00,L,7799.376685199006,True
2022-12-02 06:30:00,2022-12-02 13:00:00,L,-2638.789111825664,False
2022-12-05 09:00:00,2022-12-05 10:00:00,L,-2625.5951662665357,False
2022-12-09 10:30:00,2022-12-09 12:00:00,L,7837.401571305609,True
2022-12-12 08:00:00,2022-12-12 13:00:00,L,-2651.6541982917306,False
2022-12-14 11:30:00,2022-12-14 19:00:00,L,-2638.3959273002724,False
2022-12-21 06:30:00,2022-12-21 07:00:00,L,-2625.2039476637706,False
2022-12-21 10:30:00,2022-12-21 15:30:00,L,7836.233783776355,True
2022-12-22 07:30:00,2022-12-22 13:30:00,L,-2651.2590968443337,False
2022-12-28 06:30:00,2022-12-28 07:00:00,L,-2638.002801360112,False
2022-12-28 07:30:00,2022-12-28 09:00:00,L,-2624.8127873533117,False
2022-12-30 11:00:00,2022-12-30 14:00:00,L,7835.066170249635,True
2023-01-05 07:30:00,2023-01-05 08:00:00,L,-2650.864054267793,False
2023-01-05 08:30:00,2023-01-05 14:00:00,L,-2637.609733996454,False
2023-01-09 12:00:00,2023-01-09 18:00:00,L,-2624.421685326472,False
2023-01-10 13:30:00,2023-01-11 06:00:00,L,7833.898730699519,True
2023-01-11 17:00:00,2023-01-12 11:00:00,L,7951.407211660011,True
2023-01-13 08:30:00,2023-01-13 11:30:00,L,-2690.2261066116375,False
2023-01-16 08:00:00,2023-01-16 08:30:00,L,-2676.774976078579,False
2023-01-16 09:30:00,2023-01-17 02:30:00,L,-2663.391101198187,False
2023-01-17 13:00:00,2023-01-17 18:30:00,L,-2650.074145692196,False
2023-01-18 06:30:00,2023-01-18 08:00:00,L,7910.471324891205,True
2023-01-23 09:30:00,2023-01-23 13:30:00,L,-2676.376131588191,False
2023-01-24 15:30:00,2023-01-25 12:00:00,L,-2662.9942509302496,False
2023-01-25 14:00:00,2023-01-25 15:00:00,L,7949.037839026796,True
2023-01-30 13:30:00,2023-01-30 16:00:00,L,-2689.424468870732,False
2023-01-31 13:00:00,2023-01-31 14:00:00,L,8027.932039579135,True
2023-02-01 08:30:00,2023-02-01 13:00:00,L,8148.351020172822,True
2023-02-06 08:30:00,2023-02-06 15:30:00,S,8270.576285475416,True
2023-02-07 10:00:00,2023-02-07 16:00:00,S,-2798.2116432525154,False
2023-02-08 14:00:00,2023-02-09 05:00:00,S,-978.9763090012148,False
2023-02-09 10:30:00,2023-02-09 11:00:00,S,-2779.3257034912467,False
2023-02-09 11:30:00,2023-02-09 13:30:00,S,-2765.4290749737906,False
2023-02-09 15:30:00,2023-02-09 20:30:00,S,8254.805788796766,True
2023-02-13 08:00:00,2023-02-13 17:00:00,S,8378.627875628716,True
2023-02-14 10:30:00,2023-02-14 13:30:00,S,-2834.7690979210493,False
2023-02-16 09:00:00,2023-02-16 16:30:00,S,-2820.595252431444,False
2023-02-17 18:00:00,2023-02-20 07:30:00,S,-2806.4922761692865,False
2023-02-20 15:30:00,2023-02-21 08:00:00,S,8377.37944436532,True
2023-02-21 15:00:00,2023-02-21 15:30:00,S,-2834.3467120102664,False
2023-02-22 08:30:00,2023-02-22 11:00:00,S,-2820.1749784502153,False
2023-02-22 13:00:00,2023-02-22 19:00:00,S,8418.222310673893,True
2023-02-23 15:30:00,2023-02-24 08:30:00,S,1512.1233715392466,True
2023-02-27 17:00:00,2023-02-28 08:00:00,S,8567.177495907092,True
2023-03-08 08:30:00,2023-03-08 14:30:00,S,-2898.561719448566,False
2023-03-08 17:30:00,2023-03-09 13:30:00,S,-892.0228828810032,False
2023-03-13 08:00:00,2023-03-13 09:30:00,L,8638.826389310754,True
2023-03-14 08:30:00,2023-03-14 09:00:00,L,-2922.802928383472,False
2023-03-14 11:30:00,2023-03-14 12:30:00,L,-2908.1889137415546,False
2023-03-15 10:00:00,2023-03-15 11:30:00,L,8680.943907518542,True
2023-03-20 17:30:00,2023-03-21 07:30:00,L,-2937.0526887104397,False
2023-03-21 08:30:00,2023-03-21 12:00:00,L,-2922.367425266888,False
2023-03-21 13:30:00,2023-03-21 14:00:00,L,-2907.7555881405533,False
2023-03-24 08:00:00,2023-03-24 08:30:00,L,-2893.2168101998504,False
2023-03-24 09:00:00,2023-03-24 12:30:00,L,8636.252178446553,True
2023-03-27 08:00:00,2023-03-27 09:00:00,L,-2921.9319870410836,False
2023-03-29 09:00:00,2023-03-29 13:00:00,L,-2907.322327105878,False
2023-03-31 09:30:00,2023-03-31 15:00:00,L,-2892.7857154703484,False
2023-03-31 19:00:00,2023-04-02 22:00:00,L,-2878.321786892997,False
2023-04-05 15:00:00,2023-04-06 01:00:00,L,-2863.930177958532,False
2023-04-12 13:00:00,2023-04-12 13:30:00,L,-2849.6105270687394,False
2023-04-14 09:00:00,2023-04-14 11:00:00,L,-2835.3624744333956,False
2023-04-28 14:00:00,2023-05-01 01:30:00,L,-2821.185662061229,False
2023-05-04 10:30:00,2023-05-04 13:00:00,L,-2807.0797337509225,False
2023-05-04 15:00:00,2023-05-04 15:30:00,L,-2793.0443350821683,False
2023-05-10 07:00:00,2023-05-10 07:30:00,L,-2779.079113406757,False
2023-05-10 08:00:00,2023-05-10 08:30:00,L,-2765.1837178397236,False
2023-05-10 09:00:00,2023-05-10 14:00:00,L,8254.073397751574,True
2023-05-11 10:00:00,2023-05-11 11:00:00,L,8377.884498717847,True
2023-05-19 07:00:00,2023-05-19 07:30:00,S,-2834.517588732872,False
2023-05-19 09:30:00,2023-05-19 17:00:00,S,-2820.3450007892075,False
2023-05-19 19:00:00,2023-05-21 23:00:00,S,-2806.2432757852616,False
2023-05-22 12:00:00,2023-05-22 12:30:00,S,-2792.2120594063354,False
2023-05-24 06:30:00,2023-05-24 11:30:00,S,-2778.250999109304,False
2023-05-24 13:00:00,2023-05-24 14:00:00,S,8293.079232341272,True
2023-05-25 09:00:00,2023-05-25 14:00:00,S,8417.475420826391,True
2023-05-26 09:30:00,2023-05-26 16:00:00,S,8543.737552138786,True
2023-05-29 08:00:00,2023-05-29 11:30:00,S,-2890.631205140289,False
2023-06-05 14:00:00,2023-06-05 14:30:00,S,-2876.1780491145873,False
2023-06-07 14:30:00,2023-06-07 17:00:00,S,8585.391476607045,True
2023-06-13 12:30:00,2023-06-13 13:00:00,S,-2904.7241162520504,False
2023-06-14 06:30:00,2023-06-14 08:00:00,S,-2890.20049567079,False
2023-06-14 10:30:00,2023-06-14 12:30:00,S,-2875.749493192436,False
2023-06-19 10:00:00,2023-06-19 22:00:00,S,-2861.370745726474,False
2023-06-20 08:30:00,2023-06-20 12:30:00,S,8541.191675993525,True
2023-06-21 23:00:00,2023-06-22 08:30:00,S,8669.309551133427,True
2023-06-23 10:30:00,2023-06-23 11:30:00,S,-2933.116398133476,False
2023-06-23 12:30:00,2023-06-25 23:30:00,S,-2918.450816142809,False
2023-06-26 13:30:00,2023-06-27 06:30:00,S,1382.966872016499,True
2023-06-27 14:00:00,2023-06-28 06:30:00,S,8732.320189266533,True
2023-06-28 17:00:00,2023-06-29 09:00:00,S,4932.903585918118,True
2023-06-29 13:00:00,2023-06-29 14:00:00,S,-2979.099515298101,False
2023-06-29 16:00:00,2023-06-30 05:00:00,S,430.286960806686,True
2023-07-06 09:00:00,2023-07-06 15:00:00,S,8899.06635757693,True
2023-07-07 07:00:00,2023-07-07 07:30:00,S,-3010.8507843135285,False
2023-07-07 11:00:00,2023-07-07 12:00:00,S,-2995.796530391961,False
2023-07-12 09:30:00,2023-07-12 13:00:00,L,8942.452643220004,True
2023-07-12 13:30:00,2023-07-13 14:30:00,L,4700.308858902552,True
2023-07-14 08:00:00,2023-07-14 13:00:00,L,-3049.031355250614,False
2023-07-17 08:30:00,2023-07-17 12:00:00,L,-3033.786198474361,False
2023-07-17 14:00:00,2023-07-18 07:00:00,L,9055.851802445966,True
2023-07-19 12:00:00,2023-07-20 02:00:00,L,9191.689579482656,True
2023-07-20 15:00:00,2023-07-20 16:00:00,L,-3109.8549743916324,False
2023-07-20 18:00:00,2023-07-21 07:30:00,L,-3094.305699519674,False
2023-08-02 14:00:00,2023-08-03 07:00:00,S,9236.502513066227,True
2023-08-03 10:30:00,2023-08-04 00:30:00,S,910.0179328879809,True
2023-08-09 06:30:00,2023-08-09 12:00:00,S,9388.70031975554,True
2023-08-10 06:30:00,2023-08-10 07:00:00,S,-3176.510274850625,False
2023-08-10 11:00:00,2023-08-10 12:30:00,S,-3160.6277234763716,False
2023-08-10 13:00:00,2023-08-10 15:00:00,S,9434.47375457697,True
2023-08-11 09:30:00,2023-08-11 12:00:00,S,-3191.996953631875,False
2023-08-11 13:00:00,2023-08-11 14:00:00,S,-3176.036968863715,False
2023-08-14 11:30:00,2023-08-14 12:00:00,S,9480.470352058192,True
2023-08-16 08:30:00,2023-08-16 10:00:00,S,-3207.559135779688,False
2023-08-16 12:30:00,2023-08-16 14:00:00,S,-3191.521340100789,False
2023-08-17 09:30:00,2023-08-17 10:00:00,S,-3175.5637334002854,False
2023-08-17 14:00:00,2023-08-17 18:00:00,S,9479.05774419985,True
2023-08-18 06:30:00,2023-08-18 10:00:00,S,-3207.0812034542832,False
2023-08-18 11:00:00,2023-08-18 12:30:00,S,9573.137392311035,True
2023-08-18 15:00:00,2023-08-21 12:30:00,S,-3238.9114843985667,False
2023-08-21 13:30:00,2023-08-22 06:00:00,S,-3222.716926976574,False
2023-08-25 15:30:00,2023-08-25 17:00:00,S,-3206.603342341691,False
2023-08-28 10:00:00,2023-08-28 14:00:00,L,9571.710976889948,True
2023-08-29 13:00:00,2023-08-29 14:00:00,L,9715.286641543296,True
2023-08-30 06:30:00,2023-08-30 07:00:00,L,-3287.0053137221485,False
2023-08-30 11:00:00,2023-08-30 12:30:00,L,9811.710861460613,True
2023-08-31 10:00:00,2023-08-31 14:00:00,L,-3319.6288414608407,False
2023-09-01 09:00:00,2023-09-01 12:30:00,L,9909.09209176061,True
2023-09-01 16:00:00,2023-09-04 10:00:00,L,1751.9085236126398,True
2023-09-06 08:30:00,2023-09-06 10:00:00,S,-3361.335700330403,False
2023-09-06 15:30:00,2023-09-06 17:00:00,S,-3344.529021828751,False
2023-09-07 15:30:00,2023-09-07 16:00:00,S,-3327.806376719607,False
2023-09-08 07:00:00,2023-09-08 12:30:00,S,9933.502034508027,True
2023-09-08 15:30:00,2023-09-11 06:00:00,S,-3360.8348550085493,False
2023-09-11 15:30:00,2023-09-12 10:30:00,S,10032.092042200518,True
2023-09-13 15:00:00,2023-09-14 08:00:00,S,10182.573422833528,True
2023-09-14 18:00:00,2023-09-15 03:00:00,S,-3445.1040080586768,False
2023-09-18 15:30:00,2023-09-19 11:00:00,L,10283.63546405515,True
2023-09-19 19:30:00,2023-09-20 01:00:00,L,-3479.2966653386593,False
2023-09-20 10:30:00,2023-09-20 15:00:00,L,10385.700546035896,True
2023-09-25 14:30:00,2023-09-26 11:30:00,S,4421.6083024193695,True
2023-09-28 10:00:00,2023-09-28 15:00:00,S,10607.810178762727,True
2023-09-29 13:30:00,2023-09-29 14:00:00,S,10766.927331444169,True
2023-10-03 09:00:00,2023-10-03 12:00:00,S,-3642.810413805277,False
2023-10-03 13:00:00,2023-10-03 13:30:00,S,-3624.596361736251,False
2023-10-03 14:30:00,2023-10-04 07:30:00,S,4339.886351246193,True
2023-10-04 13:30:00,2023-10-05 03:30:00,S,-3628.1728116838,False
2023-10-06 06:30:00,2023-10-06 07:30:00,S,-3610.031947625381,False
2023-10-06 18:00:00,2023-10-08 23:00:00,S,-3591.981787887254,False
2023-10-16 09:30:00,2023-10-16 12:00:00,L,10722.065636843454,True
2023-10-17 19:30:00,2023-10-18 04:00:00,L,10882.896621396105,True
2023-10-19 08:00:00,2023-10-19 16:00:00,L,11046.140070717047,True
2023-10-20 13:00:00,2023-10-20 14:00:00,L,11211.832171777802,True
2023-10-24 09:00:00,2023-10-24 09:30:00,L,-3793.33655145149,False
2023-10-24 11:30:00,2023-10-24 16:00:00,L,11323.109606082697,True
2023-10-25 10:30:00,2023-10-25 13:30:00,L,11492.956250173938,True
2023-10-26 16:00:00,2023-10-27 09:00:00,L,5517.448466040043,True
2023-10-27 13:30:00,2023-10-27 17:30:00,L,11748.11232091715,True
2023-10-30 10:30:00,2023-10-30 11:30:00,L,-3974.778001910302,False
2023-10-31 06:30:00,2023-10-31 12:00:00,L,11864.712335702252,True
2023-11-06 09:30:00,2023-11-06 15:30:00,L,-4014.227673579262,False
2023-11-15 16:30:00,2023-11-16 01:00:00,L,-3994.1565352113657,False
2023-11-17 17:00:00,2023-11-19 23:00:00,L,-3974.185752535309,False
2023-11-20 15:00:00,2023-11-21 00:00:00,L,11862.944471317896,True
2023-11-22 16:00:00,2023-11-22 16:30:00,L,-4013.6295461292216,False
2023-11-22 19:30:00,2023-11-23 11:30:00,L,3279.336792356634,True
2023-11-23 15:00:00,2023-11-23 15:30:00,L,-4009.9580823603587,False
2023-11-23 18:00:00,2023-11-24 13:00:00,L,11969.724875845672,True
2023-11-27 17:00:00,2023-11-28 14:00:00,L,12149.270748983357,True
2023-11-29 11:00:00,2023-11-29 19:00:00,L,12331.509810218107,True
2023-11-30 07:30:00,2023-11-30 08:30:00,L,-4172.160819123793,False
2023-11-30 14:30:00,2023-11-30 18:30:00,L,-4151.300015028174,False
2023-12-01 16:00:00,2023-12-01 20:00:00,L,12391.6305448591,True
2023-12-08 06:30:00,2023-12-08 13:30:00,S,12577.505003031985,True
2023-12-12 08:30:00,2023-12-12 12:00:00,S,-4255.389192692489,False
2023-12-12 14:30:00,2023-12-13 06:00:00,S,12702.336740187078,True
2023-12-15 16:30:00,2023-12-15 17:00:00,L,-4297.623930429962,False
2023-12-15 17:30:00,2023-12-15 19:00:00,L,-4276.135810777812,False
2023-12-18 11:30:00,2023-12-19 10:30:00,L,7026.528056820783,True
2023-12-20 19:00:00,2023-12-20 19:30:00,L,-4289.887772008027,False
2023-12-21 12:30:00,2023-12-21 13:30:00,L,-4268.438333147987,False
2023-12-22 18:00:00,2023-12-26 12:00:00,L,7138.994051645758,True
2023-12-26 14:30:00,2023-12-26 17:30:00,L,-4282.791111740476,False
2023-12-28 12:30:00,2023-12-29 00:00:00,L,-4261.377156181773,False
2023-12-29 12:00:00,2023-12-29 12:30:00,L,-4240.070270400864,False
2023-12-29 15:00:00,2024-01-02 05:30:00,L,12656.60975714658,True
2024-01-09 08:30:00,2024-01-09 10:00:00,S,-4282.152967834592,False
2024-01-09 11:00:00,2024-01-09 14:00:00,S,-4260.74220299542,False
2024-01-10 10:30:00,2024-01-10 14:30:00,S,12718.315475941326,True
2024-01-11 09:00:00,2024-01-11 11:00:00,S,-4303.030069360148,False
2024-01-11 12:00:00,2024-01-11 13:00:00,S,-4281.514919013348,False
2024-01-11 14:00:00,2024-01-12 00:00:00,S,-4260.107344418281,False
2024-01-15 14:00:00,2024-01-15 14:30:00,L,-4238.80680769619,False
2024-01-15 15:30:00,2024-01-16 03:30:00,L,-4217.612773657708,False
2024-01-18 09:00:00,2024-01-18 09:30:00,S,-4196.52470978942,False
2024-01-18 12:00:00,2024-01-18 12:30:00,S,-4175.542086240473,False
2024-01-18 14:30:00,2024-01-18 15:30:00,S,-4154.6643758092705,False
2024-01-22 13:30:00,2024-01-23 07:00:00,S,-4133.891053930224,False
2024-01-24 14:30:00,2024-01-24 15:00:00,S,12339.664795981716,True
2024-01-25 15:30:00,2024-01-26 01:00:00,S,-4174.919922640482,False
2024-01-29 17:00:00,2024-01-30 16:00:00,L,5595.373554176446,True
2024-02-01 13:00:00,2024-02-01 14:00:00,L,12546.066572394484,True
2024-02-07 19:30:00,2024-02-08 03:30:00,L,-4244.752523660134,False
2024-02-13 14:00:00,2024-02-14 08:00:00,S,12670.5862831255,True
2024-02-14 11:30:00,2024-02-14 17:30:00,S,-4286.88169245746,False
2024-02-14 18:30:00,2024-02-15 07:30:00,S,-4265.447283995173,False
2024-02-15 15:00:00,2024-02-16 10:30:00,S,-4244.120047575197,False
2024-02-21 19:30:00,2024-02-22 08:00:00,L,12668.698342011965,True
2024-02-26 16:00:00,2024-02-27 11:30:00,L,12858.728817142142,True
2024-02-27 18:00:00,2024-02-27 20:00:00,L,-4350.536583133092,False
2024-02-28 06:30:00,2024-02-28 08:00:00,L,-4328.783900217427,False
2024-02-29 14:00:00,2024-02-29 23:00:00,L,-4307.13998071634,False
2024-03-01 09:30:00,2024-03-01 11:00:00,L,12856.812842438274,True
2024-03-11 10:00:00,2024-03-11 10:30:00,L,-4349.888345024949,False
2024-03-11 11:30:00,2024-03-12 05:30:00,L,-4328.138903299825,False
2024-03-12 08:30:00,2024-03-12 11:00:00,L,-4306.498208783325,False
2024-03-12 12:30:00,2024-03-12 15:00:00,L,-4284.965717739409,False
2024-03-14 10:00:00,2024-03-14 11:30:00,L,-4263.540889150711,False
2024-03-15 13:00:00,2024-03-15 13:30:00,L,-4242.223184704958,False
2024-03-15 14:00:00,2024-03-18 00:00:00,L,-4221.012068781433,False
2024-03-18 08:30:00,2024-03-18 12:00:00,L,12599.721025312578,True
2024-03-21 16:30:00,2024-03-22 06:30:00,L,-4262.9056135640885,False
2024-03-25 10:00:00,2024-03-25 13:30:00,L,12724.773256488807,True
2024-03-26 16:30:00,2024-03-27 15:00:00,L,12915.644855336139,True
2024-04-01 13:30:00,2024-04-01 14:00:00,L,-4369.793176055394,False
2024-04-01 15:00:00,2024-04-02 08:00:00,L,13043.83263052535,True
2024-04-02 19:00:00,2024-04-03 11:00:00,L,654.9565211350399,True
2024-04-03 12:00:00,2024-04-03 12:30:00,L,-4416.438155933419,False
2024-04-03 13:00:00,2024-04-03 17:00:00,L,13183.067895461256,True
2024-04-04 13:00:00,2024-04-04 19:00:00,L,13380.813913893173,True
2024-04-08 13:00:00,2024-04-08 14:00:00,L,-4527.175374200523,False
2024-04-09 16:30:00,2024-04-10 10:30:00,L,762.8053547845839,True
2024-04-10 11:30:00,2024-04-10 12:30:00,L,-4508.353524103443,False
2024-04-10 14:00:00,2024-04-11 12:00:00,L,1383.430973509185,True
2024-04-16 12:00:00,2024-04-16 13:30:00,L,-4492.728911350473,False
2024-04-16 15:00:00,2024-04-17 06:00:00,L,-4470.26526679372,False
2024-04-19 07:30:00,2024-04-19 11:00:00,L,-4447.913940459752,False
2024-04-19 13:00:00,2024-04-22 02:00:00,L,-4425.674370757453,False
2024-05-02 16:00:00,2024-05-02 18:00:00,S,-4403.545998903666,False
2024-05-02 19:30:00,2024-05-03 13:30:00,S,13144.584806727442,True
2024-05-07 13:30:00,2024-05-07 14:30:00,L,-4447.251192942785,False
2024-05-07 20:00:00,2024-05-08 01:30:00,L,-4425.014936978071,False
2024-05-08 10:00:00,2024-05-09 07:00:00,L,3149.98314015226,True
2024-05-09 08:30:00,2024-05-09 09:30:00,L,-4418.6397779939425,False
2024-05-09 10:30:00,2024-05-09 14:00:00,L,13189.63973731192,True
2024-05-13 12:00:00,2024-05-13 15:00:00,L,-4462.494777790532,False
2024-05-13 17:00:00,2024-05-14 10:00:00,L,9022.865008717506,True
2024-05-16 11:00:00,2024-05-16 12:30:00,L,-4485.296628945167,False
2024-05-16 13:30:00,2024-05-16 14:00:00,L,-4462.870145800442,False
2024-05-16 15:30:00,2024-05-17 02:30:00,L,-4440.555795071439,False
2024-05-20 15:30:00,2024-05-21 02:30:00,L,-4418.353016096083,False
2024-05-21 07:30:00,2024-05-22 04:30:00,L,-637.4526355359876,False
2024-05-22 08:00:00,2024-05-22 08:30:00,L,-4393.073987837923,False
2024-05-22 10:00:00,2024-05-22 12:00:00,L,-4371.1086178987325,False
2024-05-24 08:30:00,2024-05-24 09:00:00,S,-4349.253074809239,False
2024-05-24 13:00:00,2024-05-24 13:30:00,S,-4327.506809435193,False
2024-05-24 14:00:00,2024-05-27 02:30:00,S,-4305.869275388017,False
2024-05-30 10:00:00,2024-05-30 10:30:00,S,-4284.3399290110765,False
2024-05-30 12:00:00,2024-05-30 12:30:00,S,-4262.9182293660215,False
2024-05-30 18:00:00,2024-05-31 14:00:00,S,-4241.6036382191905,False
2024-06-06 13:30:00,2024-06-06 15:00:00,L,12661.186860084283,True
2024-06-10 14:30:00,2024-06-10 15:30:00,S,-4283.701554328516,False
2024-06-10 20:00:00,2024-06-10 22:00:00,S,-4262.283046556874,False
2024-06-11 14:30:00,2024-06-12 06:30:00,S,-1394.58590136944,False
2024-06-12 18:30:00,2024-06-13 12:00:00,S,12701.996105451726,True
2024-06-13 13:30:00,2024-06-14 08:30:00,S,167.40064894128147,True
2024-06-24 09:30:00,2024-06-24 14:30:00,S,-4298.345685589207,False
2024-06-24 23:00:00,2024-06-25 08:00:00,S,12830.561871483784,True
2024-06-25 12:30:00,2024-06-25 16:30:00,S,13023.02029955604,True
2024-06-27 09:00:00,2024-06-27 09:30:00,S,-4406.12186801646,False
2024-07-01 15:00:00,2024-07-02 04:00:00,L,1448.6519614500246,True
2024-07-02 08:00:00,2024-07-02 09:30:00,L,-4391.334518483628,False
2024-07-04 07:00:00,2024-07-04 22:30:00,L,-2080.016571222957,False
2024-07-08 07:30:00,2024-07-08 08:30:00,L,-4358.977763035095,False
2024-07-08 10:30:00,2024-07-08 15:00:00,L,-4337.1828742199195,False
2024-07-09 09:00:00,2024-07-09 11:30:00,L,-4315.496959848821,False
2024-07-09 13:00:00,2024-07-09 14:00:00,L,12881.758425148728,True
2024-07-09 16:00:00,2024-07-10 05:00:00,L,3786.31310795966,True
2024-07-12 08:00:00,2024-07-12 10:00:00,L,-4377.259832715119,False
2024-07-12 11:30:00,2024-07-12 12:30:00,L,-4355.373533551543,False
2024-07-15 07:30:00,2024-07-15 10:30:00,L,13000.789997651354,True
2024-07-17 07:00:00,2024-07-17 13:30:00,L,13195.801847616127,True
2024-07-17 15:30:00,2024-07-17 16:00:00,L,-4464.579625110122,False
2024-07-17 20:00:00,2024-07-18 07:00:00,L,13326.770180953714,True
2024-07-18 12:00:00,2024-07-18 13:00:00,L,-4508.8905778893395,False
2024-07-18 14:00:00,2024-07-18 14:30:00,L,-4486.346124999893,False
2024-07-18 18:00:00,2024-07-18 18:30:00,L,-4463.914394374893,False
2024-07-24 12:00:00,2024-07-24 14:30:00,L,13324.784467209058,True
2024-07-25 11:30:00,2024-07-25 17:00:00,S,13524.65623421719,True
2024-07-29 11:00:00,2024-07-29 13:00:00,S,-4575.8420259101495,False
2024-07-29 13:30:00,2024-07-29 14:30:00,S,13658.888447341797,True
2024-07-30 16:30:00,2024-07-30 17:00:00,L,13863.771774051922,True
2024-08-01 10:30:00,2024-08-01 12:30:00,L,14071.728350662703,True
2024-08-01 19:30:00,2024-08-02 01:00:00,L,-4760.934758640881,False
2024-08-02 13:00:00,2024-08-02 13:30:00,L,-4737.130084847677,False
2024-08-02 15:30:00,2024-08-05 04:30:00,L,9454.81311292911,True
2024-08-06 12:00:00,2024-08-06 12:30:00,S,14282.15549996425,True
2024-08-07 07:30:00,2024-08-07 10:30:00,S,-4832.129277487906,False
2024-08-07 12:30:00,2024-08-07 13:00:00,S,-4807.968631100466,False
2024-08-07 13:30:00,2024-08-07 18:30:00,S,14351.786363834892,True
2024-08-09 07:00:00,2024-08-09 11:00:00,L,14567.063159292415,True
2024-08-14 19:00:00,2024-08-15 08:00:00,L,7169.342013762838,True
2024-08-15 13:30:00,2024-08-16 02:30:00,L,2237.0393493051793,True
2024-08-16 08:00:00,2024-08-16 12:00:00,L,14926.66482712782,True
2024-08-19 12:00:00,2024-08-19 12:30:00,L,-5050.188266511579,False
2024-08-19 14:00:00,2024-08-20 03:00:00,L,4511.23728518943,True
2024-08-20 06:30:00,2024-08-20 07:00:00,L,-5047.493511604969,False
2024-08-20 17:00:00,2024-08-21 06:00:00,L,3932.3241662978453,True
2024-08-21 09:30:00,2024-08-21 13:30:00,L,-5041.917664878433,False
2024-08-21 14:00:00,2024-08-21 14:30:00,L,-5016.708076554041,False
2024-08-26 14:30:00,2024-08-26 15:00:00,L,-4991.624536171271,False
2024-08-26 16:00:00,2024-08-27 01:00:00,L,-4966.666413490414,False
2024-08-27 08:30:00,2024-08-27 13:00:00,L,-4941.833081422962,False
2024-08-28 06:30:00,2024-08-28 10:30:00,L,-4917.1239160158475,False
2024-08-29 13:00:00,2024-08-29 16:30:00,L,14677.614889307306,True
2024-08-30 06:30:00,2024-08-30 07:00:00,L,-4965.926370882305,False
2024-09-05 16:30:00,2024-09-06 05:30:00,L,9202.293141023432,True
2024-09-06 14:00:00,2024-09-06 14:30:00,L,-4987.108204733011,False
2024-09-06 15:00:00,2024-09-06 16:00:00,L,-4962.172663709345,False
2024-09-10 09:00:00,2024-09-10 12:30:00,L,14812.085401172397,True
2024-09-10 15:00:00,2024-09-11 04:00:00,L,10263.368916427271,True
2024-09-12 11:30:00,2024-09-12 12:30:00,L,15188.21721593639,True
2024-09-16 08:00:00,2024-09-16 10:30:00,L,-5138.680158058479,False
2024-09-17 11:30:00,2024-09-17 12:30:00,L,-5112.986757268186,False
2024-09-17 17:30:00,2024-09-18 06:30:00,L,2540.5694864211264,True
2024-09-18 15:00:00,2024-09-18 17:30:00,L,-5100.124670913951,False
2024-09-19 13:30:00,2024-09-20 02:30:00,L,7457.092368044102,True
2024-09-23 09:30:00,2024-09-23 13:30:00,L,15335.728528198806,True
2024-09-24 06:30:00,2024-09-24 14:30:00,L,15565.764456121786,True
2024-09-25 06:30:00,2024-09-25 07:00:00,L,-5266.416974321204,False
2024-09-25 08:00:00,2024-09-25 16:00:00,L,-5240.084889449598,False
2024-09-25 17:00:00,2024-09-26 06:00:00,L,6911.308071330363,True
2024-09-26 14:30:00,2024-09-27 03:30:00,L,3980.714983437426,True
2024-09-27 08:00:00,2024-09-27 09:00:00,L,-5268.34458027619,False
2024-09-27 10:00:00,2024-09-27 14:00:00,L,-5242.002857374809,False
2024-09-27 15:30:00,2024-09-27 16:00:00,L,-5215.792843087935,False
2024-09-27 16:30:00,2024-09-27 17:00:00,L,-5189.713878872495,False
2024-10-02 06:30:00,2024-10-02 12:00:00,L,-5163.765309478133,False
2024-10-04 10:30:00,2024-10-04 12:00:00,L,-5137.946482930742,False
2024-10-08 08:30:00,2024-10-08 11:30:00,L,15336.770251548263,True
2024-10-11 10:30:00,2024-10-11 12:30:00,L,15566.821805321488,True
2024-10-14 12:30:00,2024-10-14 13:00:00,L,-5266.774710800436,False
2024-10-14 13:30:00,2024-10-14 14:00:00,L,-5240.440837246434,False
2024-10-14 17:00:00,2024-10-15 04:00:00,L,-5214.238633060201,False
2024-10-16 15:30:00,2024-10-16 16:00:00,L,-5188.167439894901,False
2024-10-16 17:00:00,2024-10-17 06:00:00,L,8261.06429533244,True
2024-10-21 15:30:00,2024-10-21 18:30:00,L,-5203.531924172088,False
2024-10-21 19:30:00,2024-10-22 04:00:00,L,15532.542793653683,True
2024-10-23 13:30:00,2024-10-23 14:00:00,L,-5255.1769785194965,False
2024-10-23 16:00:00,2024-10-23 17:30:00,L,-5228.901093626899,False
2024-10-24 15:00:00,2024-10-24 16:00:00,L,-5202.756588158764,False
2024-10-28 10:30:00,2024-10-28 14:30:00,L,15530.22841565391,True
2024-10-29 12:00:00,2024-10-29 14:00:00,L,15763.181841888718,True
2024-10-30 12:30:00,2024-10-30 13:30:00,L,-5333.209856505683,False
2024-10-31 07:30:00,2024-10-31 08:00:00,L,-5306.5438072231545,False
2024-10-31 10:30:00,2024-10-31 12:30:00,L,-5280.011088187038,False
2024-11-08 14:30:00,2024-11-11 01:00:00,S,15760.833098238309,True
2024-11-12 15:00:00,2024-11-13 04:00:00,S,-887.8088075735601,False
2024-11-13 13:00:00,2024-11-13 13:30:00,S,-5327.976154199427,False
2024-11-14 13:00:00,2024-11-14 13:30:00,S,-5301.33627342843,False
2024-11-14 15:00:00,2024-11-14 15:30:00,S,-5274.829592061287,False
2024-11-14 17:30:00,2024-11-14 19:30:00,S,-5248.455444100981,False
2024-11-15 12:30:00,2024-11-15 13:00:00,S,-5222.213166880476,False
2024-11-15 15:30:00,2024-11-18 00:30:00,S,-5196.1021010460745,False
2024-11-22 15:00:00,2024-11-24 23:00:00,L,15510.364771622531,True
2024-11-25 12:30:00,2024-11-25 14:00:00,S,15743.020243196868,True
2024-11-26 13:30:00,2024-11-27 02:30:00,S,-3492.009817495994,False
2024-11-27 13:00:00,2024-11-27 13:30:00,S,-5308.928466527461,False
2024-11-27 14:30:00,2024-11-27 19:30:00,S,15847.15147258447,True
2024-11-28 12:30:00,2024-11-29 01:00:00,S,16084.85874467324,True
2024-12-02 10:00:00,2024-12-02 11:00:00,S,-5442.043875281112,False
2024-12-02 13:00:00,2024-12-02 13:30:00,S,-5414.8336559047075,False
2024-12-02 15:00:00,2024-12-03 04:00:00,S,4206.693260500161,True
2024-12-03 15:00:00,2024-12-04 04:00:00,S,1750.331564796284,True
2024-12-04 07:30:00,2024-12-04 13:00:00,S,16252.633835255001,True
2024-12-05 13:30:00,2024-12-05 15:30:00,S,16496.423342783823,True
2024-12-06 07:30:00,2024-12-06 08:30:00,S,-5581.289897641861,False
2024-12-06 10:00:00,2024-12-06 14:00:00,S,16660.150344460955,True
2024-12-06 17:30:00,2024-12-08 23:00:00,S,-5636.684199875956,False
2024-12-10 10:00:00,2024-12-10 12:00:00,L,16825.502336629732,True
2024-12-12 12:00:00,2024-12-12 12:30:00,L,-5692.628290559725,False
2024-12-12 17:00:00,2024-12-13 06:00:00,L,3936.8600160831957,True
2024-12-16 08:00:00,2024-12-16 08:30:00,S,-5683.8494491873425,False
2024-12-16 09:00:00,2024-12-16 11:00:00,S,-5655.430201941406,False
2024-12-16 13:00:00,2024-12-17 02:00:00,S,3183.649682720539,True
2024-12-17 20:00:00,2024-12-18 00:30:00,S,-5643.071299345302,False
2024-12-18 10:00:00,2024-12-18 15:00:00,S,16844.567828545725,True
2024-12-19 08:00:00,2024-12-19 09:30:00,S,-5699.078781991304,False
2024-12-19 11:00:00,2024-12-19 13:00:00,S,17011.750164244044,True
2024-12-20 09:30:00,2024-12-20 13:30:00,S,-5755.642138902568,False
2024-12-24 08:00:00,2024-12-24 14:30:00,S,17180.59178462417,True
2024-12-24 18:00:00,2024-12-26 00:30:00,S,-5812.766887131176,False
2024-12-30 14:00:00,2024-12-31 03:00:00,S,-452.37646544769007,False
2024-12-31 10:30:00,2024-12-31 13:30:00,S,-5781.441170368282,False
2025-01-03 07:00:00,2025-01-03 07:30:00,L,-5752.53396451644,False
2025-01-03 09:30:00,2025-01-03 13:00:00,L,-5723.771294693858,False
2025-01-03 14:00:00,2025-01-03 15:00:00,L,-5695.152438220389,False
2025-01-06 12:30:00,2025-01-06 13:00:00,S,-5666.676676029288,False
2025-01-06 13:30:00,2025-01-06 14:00:00,S,16915.02987794742,True
2025-01-08 13:00:00,2025-01-08 14:00:00,L,17168.755326116632,True
2025-01-09 18:00:00,2025-01-10 07:00:00,L,14008.243756243792,True
2025-01-14 08:00:00,2025-01-14 09:30:00,L,-5878.80343745068,False
2025-01-14 10:00:00,2025-01-14 13:30:00,L,-5849.409420263426,False
2025-01-14 15:00:00,2025-01-15 04:00:00,L,11455.91287647948,True
2025-01-15 16:30:00,2025-01-16 05:30:00,L,10480.004581037025,True
2025-01-16 07:00:00,2025-01-16 09:00:00,L,17789.525881349073,True
2025-01-17 11:30:00,2025-01-17 16:00:00,L,18056.36876956931,True
2025-01-17 19:30:00,2025-01-17 20:00:00,L,-6109.071433704284,False
2025-01-21 11:30:00,2025-01-21 14:30:00,L,18235.578229607287,True
2025-01-23 10:00:00,2025-01-23 13:00:00,L,-6169.7039676837985,False
2025-01-24 17:30:00,2025-01-26 23:00:00,L,-6138.85544784538,False
2025-01-27 08:30:00,2025-01-27 11:30:00,L,18324.48351181846,True
2025-01-29 08:30:00,2025-01-29 09:00:00,L,-6199.783588165246,False
2025-01-29 11:30:00,2025-01-29 12:00:00,L,-6168.784670224421,False
2025-01-29 13:30:00,2025-01-29 15:00:00,L,-6137.940746873298,False
2025-01-31 07:30:00,2025-01-31 08:00:00,L,-6107.251043138931,False
2025-01-31 09:30:00,2025-01-31 10:30:00,L,-6076.714787923236,False
2025-01-31 19:30:00,2025-01-31 20:00:00,L,-6046.33121398362,False
2025-02-04 08:00:00,2025-02-04 13:00:00,L,18048.298673741105,True
2025-02-06 09:00:00,2025-02-06 14:30:00,L,-6106.341051282407,False
2025-02-06 15:30:00,2025-02-07 03:00:00,L,18227.428038077986,True
2025-02-07 18:00:00,2025-02-10 06:00:00,L,18500.839458649152,True
2025-02-10 18:00:00,2025-02-11 00:30:00,L,18778.35205052889,True
2025-02-11 08:00:00,2025-02-11 09:00:00,L,-6353.342443762274,False
2025-02-11 14:00:00,2025-02-12 01:30:00,L,-6321.575731543462,False
2025-02-12 06:30:00,2025-02-12 10:30:00,L,-6289.967852885746,False
2025-02-12 12:30:00,2025-02-12 13:00:00,L,-6258.518013621317,False
2025-02-13 14:30:00,2025-02-13 20:00:00,L,18681.67627065963,True
2025-02-19 13:30:00,2025-02-19 14:00:00,L,-6320.633804906508,False
2025-02-19 17:00:00,2025-02-19 18:00:00,L,-6289.030635881976,False
2025-02-19 19:00:00,2025-02-20 05:30:00,L,18772.7564481077,True
2025-02-20 13:00:00,2025-02-20 13:30:00,L,-6351.449264943105,False
2025-02-20 15:00:00,2025-02-21 01:30:00,L,-6319.69201861839,False
2025-02-21 07:00:00,2025-02-21 08:00:00,L,-6288.093558525297,False
2025-02-21 09:00:00,2025-02-21 18:30:00,L,18769.959272198015,True
2025-02-24 15:30:00,2025-02-25 04:30:00,L,1175.2677819076298,True
2025-02-25 08:30:00,2025-02-25 12:30:00,L,-6356.3792260032,False
2025-03-06 10:30:00,2025-03-06 15:00:00,L,18973.79198961955,True
2025-03-07 14:00:00,2025-03-07 17:00:00,L,-6419.466289821281,False
2025-03-12 08:00:00,2025-03-12 13:00:00,L,-6387.368958372174,False
2025-03-13 08:30:00,2025-03-13 14:30:00,L,19066.29634074094,True
2025-03-14 07:00:00,2025-03-14 10:00:00,L,19352.290785852056,True
2025-03-14 16:00:00,2025-03-17 05:00:00,L,-1593.7039802928716,False
2025-03-19 09:30:00,2025-03-19 18:30:00,L,19618.669587935445,True
2025-03-20 06:30:00,2025-03-20 07:00:00,L,-6637.649877251492,False
2025-03-20 09:30:00,2025-03-20 10:00:00,L,-6604.461627865235,False
2025-03-20 11:00:00,2025-03-21 00:00:00,L,12672.069111848541,True
2025-03-28 09:00:00,2025-03-30 22:00:00,L,15469.103386871355,True
2025-04-01 08:30:00,2025-04-01 14:00:00,L,-6712.145182219508,False
2025-04-01 17:30:00,2025-04-02 06:30:00,L,2035.367147279206,True
2025-04-02 19:00:00,2025-04-02 20:00:00,L,-6688.7612920448055,False
2025-04-03 07:00:00,2025-04-03 10:00:00,L,-6655.317485584582,False
2025-04-03 14:00:00,2025-04-04 03:00:00,L,2400.3241694265057,True
2025-04-04 09:30:00,2025-04-04 11:00:00,L,19902.127557011372,True
2025-04-07 12:00:00,2025-04-07 15:00:00,S,20200.659470366543,True
2025-04-08 08:00:00,2025-04-08 11:00:00,S,-6834.55645414068,False
2025-04-08 12:30:00,2025-04-08 13:00:00,S,-6800.383671869977,False
2025-04-14 11:00:00,2025-04-14 12:30:00,L,-6766.381753510627,False
2025-04-14 13:30:00,2025-04-15 02:30:00,L,9026.618273124164,True
2025-04-15 12:00:00,2025-04-15 13:30:00,L,-6777.682936108695,False
2025-04-15 14:30:00,2025-04-15 23:30:00,L,20231.383564284453,True
2025-04-17 08:00:00,2025-04-17 08:30:00,L,-6844.951439249574,False
2025-04-17 09:00:00,2025-04-17 13:30:00,L,-6810.726682053326,False
2025-04-17 15:30:00,2025-04-20 22:00:00,L,20330.019145929175,True
2025-04-22 09:30:00,2025-04-22 12:30:00,L,-6878.323144372705,False
2025-04-22 13:30:00,2025-04-22 14:00:00,L,-6843.931528650842,False
2025-04-22 14:30:00,2025-04-22 15:00:00,L,-6809.7118710075865,False
2025-04-29 06:30:00,2025-04-29 09:00:00,L,-6775.663311652548,False
2025-05-05 17:30:00,2025-05-05 19:00:00,L,20225.35498528286,True
2025-05-07 10:30:00,2025-05-07 14:00:00,L,-6842.911770020699,False
2025-05-08 08:00:00,2025-05-08 15:30:00,L,-6808.697211170596,False
2025-05-12 15:00:00,2025-05-13 04:00:00,S,448.4417783161814,True
2025-05-13 08:30:00,2025-05-13 13:30:00,S,20330.687802018972,True
2025-05-13 17:00:00,2025-05-14 04:00:00,S,20635.648119049256,True
2025-05-21 13:00:00,2025-05-22 01:00:00,L,20945.182840834997,True
2025-05-22 11:30:00,2025-05-22 14:00:00,L,-7086.45352781584,False
2025-05-22 14:30:00,2025-05-22 15:00:00,L,-7051.021260176761,False
2025-05-26 08:00:00,2025-05-26 09:00:00,L,-7015.766153875877,False
2025-05-26 10:30:00,2025-05-27 00:00:00,L,20942.061969319493,True
2025-05-28 11:00:00,2025-05-28 15:30:00,S,21256.192898859284,True
2025-06-03 08:00:00,2025-06-03 12:00:00,L,-7191.678597447391,False
2025-06-03 14:30:00,2025-06-04 01:30:00,L,21467.160613380463,True
2025-06-04 06:30:00,2025-06-04 10:30:00,L,-7263.056007527056,False
2025-06-04 12:30:00,2025-06-04 14:30:00,L,21680.222182468264,True
2025-06-05 06:30:00,2025-06-05 09:00:00,L,22005.425515205287,True
2025-06-05 17:00:00,2025-06-06 06:00:00,L,7441.60018933789,True
2025-06-06 11:00:00,2025-06-06 12:00:00,L,-7482.376966924479,False
2025-06-11 18:30:00,2025-06-12 01:00:00,L,22334.89524626957,True
2025-06-12 08:30:00,2025-06-12 11:00:00,L,22669.918674963614,True
2025-06-13 08:30:00,2025-06-13 10:30:00,L,-7669.989151696022,False
2025-06-16 09:30:00,2025-06-16 10:00:00,L,-7631.639205937543,False
2025-06-16 11:00:00,2025-06-16 11:30:00,L,-7593.481009907855,False
2025-06-16 14:30:00,2025-06-17 03:00:00,L,-7555.513604858316,False
2025-06-25 08:00:00,2025-06-25 13:00:00,S,22553.208110502073,True
2025-06-25 17:30:00,2025-06-25 19:30:00,S,-7630.502077386534,False
2025-06-26 09:30:00,2025-06-26 12:30:00,S,22777.048700998806,True
2025-06-30 09:00:00,2025-06-30 16:30:00,S,-7706.234810504596,False
2025-07-01 17:00:00,2025-07-02 00:00:00,L,-7667.703636452073,False
2025-07-02 08:00:00,2025-07-02 18:00:00,L,22888.095354809437,True
2025-07-04 11:00:00,2025-07-04 12:30:00,L,-7743.805595043859,False
2025-07-04 16:30:00,2025-07-06 23:00:00,L,-7705.08656706864,False
2025-07-09 11:30:00,2025-07-09 12:30:00,S,-7666.561134233297,False
2025-07-09 13:30:00,2025-07-09 14:00:00,S,-7628.22832856213,False
2025-07-14 06:30:00,2025-07-14 12:30:00,L,-7590.08718691932,False
2025-07-14 13:30:00,2025-07-14 14:00:00,L,-7552.136750984723,False
2025-07-14 16:30:00,2025-07-14 20:30:00,L,-7514.376067229799,False
2025-07-16 13:00:00,2025-07-16 13:30:00,L,-7476.804186893651,False
2025-07-16 15:00:00,2025-07-16 15:30:00,L,22318.26049787755,True
2025-07-18 06:30:00,2025-07-18 09:00:00,L,22653.034405345712,True
2025-07-22 08:00:00,2025-07-22 12:00:00,L,22992.8299214259,True
2025-07-23 06:30:00,2025-07-23 13:00:00,L,-7779.240790082428,False
2025-07-23 14:00:00,2025-07-23 15:30:00,L,-7740.344586132016,False
2025-07-23 18:00:00,2025-07-24 01:00:00,L,-7701.642863201356,False
2025-07-28 06:30:00,2025-07-28 13:30:00,S,22989.403946656046,True
2025-07-29 07:00:00,2025-07-29 08:00:00,S,-7778.081668618629,False
2025-07-29 09:30:00,2025-07-29 15:00:00,S,-7739.191260275536,False
2025-07-29 15:30:00,2025-07-30 00:30:00,S,-7700.495303974159,False
2025-07-30 10:00:00,2025-07-30 12:30:00,S,22985.97848236286,True
2025-07-31 07:00:00,2025-07-31 07:30:00,S,-7776.922719866102,False
2025-07-31 08:00:00,2025-07-31 08:30:00,S,-7738.038106266771,False
2025-07-31 09:00:00,2025-07-31 16:00:00,S,23098.04374720631,True
2025-08-05 07:30:00,2025-08-05 08:30:00,L,-7814.838134471468,False
2025-08-05 12:30:00,2025-08-05 13:30:00,L,23327.29183139733,True
2025-08-06 08:00:00,2025-08-06 08:30:00,L,-7892.4004029560965,False
2025-08-06 10:30:00,2025-08-06 15:00:00,L,23558.815202823946,True
2025-08-07 09:00:00,2025-08-07 20:00:00,L,23912.197430866305,True
2025-08-08 12:00:00,2025-08-08 17:30:00,L,-8090.293464109766,False
2025-08-08 18:30:00,2025-08-11 00:30:00,L,-8049.841996789218,False
2025-08-12 08:30:00,2025-08-12 12:30:00,S,-8009.592786805271,False
2025-08-12 16:00:00,2025-08-13 05:00:00,S,-1452.2575416622446,False
2025-08-15 08:30:00,2025-08-15 09:00:00,S,-7962.283535162934,False
2025-08-19 08:30:00,2025-08-19 10:00:00,S,-7922.472117487119,False
2025-08-19 11:30:00,2025-08-19 13:00:00,S,23648.57927069905,True
2025-08-20 08:30:00,2025-08-20 09:00:00,S,-8001.102653253179,False
2025-08-21 16:30:00,2025-08-22 05:30:00,S,15528.525121846107,True
2025-08-22 13:30:00,2025-08-22 14:00:00,L,24116.21929678843,True
2025-08-25 10:00:00,2025-08-25 13:00:00,L,-8159.320862080085,False
2025-08-26 08:00:00,2025-08-26 09:30:00,L,-8118.524257769685,False
2025-08-27 06:30:00,2025-08-27 07:00:00,L,-8077.931636480837,False
2025-08-27 08:00:00,2025-08-27 10:00:00,L,-8037.541978298433,False
2025-08-27 12:00:00,2025-08-27 16:00:00,L,23992.062805220823,True
2025-08-29 08:00:00,2025-08-29 09:00:00,L,-8117.314582433044,False
2025-08-29 11:30:00,2025-08-29 13:00:00,L,24230.18402856264,True
2025-09-01 10:30:00,2025-09-02 01:00:00,L,24593.636788991076,True
2025-09-02 09:00:00,2025-09-02 14:00:00,L,24962.54134082594,True
2025-09-03 06:30:00,2025-09-03 13:00:00,L,25336.979460938328,True
2025-09-05 08:30:00,2025-09-05 12:30:00,L,25717.034152852408,True
2025-09-10 17:00:00,2025-09-10 19:30:00,L,-8700.92988838173,False
2025-09-10 20:00:00,2025-09-11 02:30:00,L,-8657.425238939823,False
2025-09-11 06:30:00,2025-09-11 07:00:00,L,-8614.138112745122,False
2025-09-11 08:00:00,2025-09-11 09:00:00,L,-8571.067422181397,False
2025-09-12 09:30:00,2025-09-12 12:00:00,L,-8528.21208507049,False
2025-09-16 16:00:00,2025-09-17 01:30:00,L,-8485.571024645138,False
2025-09-17 09:30:00,2025-09-17 10:00:00,L,-8443.143169521913,False
2025-09-17 11:30:00,2025-09-17 15:00:00,L,25202.78236102291,True
2025-09-17 19:30:00,2025-09-18 06:00:00,L,-8526.941365479417,False
2025-09-23 20:00:00,2025-09-24 02:00:00,L,-8484.30665865202,False
2025-09-24 11:30:00,2025-09-24 13:30:00,L,-8441.88512535876,False
2025-09-24 14:30:00,2025-09-24 15:00:00,L,-8399.675699731966,False
2025-09-30 11:00:00,2025-09-30 14:00:00,L,25073.03196369992,True
2025-10-01 16:00:00,2025-10-01 18:00:00,L,-8483.042481051805,False
2025-10-01 18:30:00,2025-10-02 01:00:00,L,-8440.627268646547,False
2025-10-02 16:30:00,2025-10-03 05:30:00,L,9442.092577246422,True
2025-10-07 07:30:00,2025-10-07 08:00:00,L,-8445.634595189546,False
2025-10-07 08:30:00,2025-10-07 12:30:00,L,25210.219266640794,True
2025-10-09 15:00:00,2025-10-09 15:30:00,L,-8529.457518546802,False
2025-10-09 19:30:00,2025-10-09 22:00:00,L,-8486.810230954068,False
2025-10-14 06:30:00,2025-10-14 18:30:00,L,11741.716118746577,True
2025-10-16 06:30:00,2025-10-16 14:00:00,L,25509.25428117909,True
2025-10-17 13:00:00,2025-10-17 13:30:00,L,-8630.631031798926,False
2025-10-17 15:00:00,2025-10-17 16:00:00,L,-8587.477876639932,False
2025-10-17 18:00:00,2025-10-20 07:00:00,L,4460.756806796681,True
2025-10-21 07:00:00,2025-10-21 07:30:00,L,-8566.844271290716,False
2025-10-28 18:30:00,2025-10-29 00:00:00,S,-8524.010049934262,False
2025-10-29 14:00:00,2025-10-29 18:30:00,S,25444.16999905377,True
2025-11-03 08:30:00,2025-11-03 09:00:00,S,-8608.610849679859,False
2025-11-03 15:30:00,2025-11-04 04:30:00,S,11675.967729443979,True
2025-11-04 09:30:00,2025-11-04 14:00:00,S,25871.842902236036,True
2025-11-05 09:30:00,2025-11-05 13:00:00,S,-8753.30684858986,False
2025-11-05 15:00:00,2025-11-05 16:30:00,S,-8709.54031434691,False
2025-11-05 17:30:00,2025-11-06 06:30:00,S,-4071.8474023500844,False
2025-11-06 12:30:00,2025-11-06 14:00:00,S,25936.900127290275,True
2025-11-11 16:30:00,2025-11-12 00:00:00,L,26325.95362919963,True
2025-11-12 06:30:00,2025-11-12 15:00:00,L,26720.842933637625,True
2025-11-13 16:00:00,2025-11-13 18:30:00,L,-9040.551859214063,False
2025-11-14 08:00:00,2025-11-14 09:30:00,L,-8995.349099917992,False
2025-11-20 18:00:00,2025-11-21 05:30:00,L,-8950.372354418403,False
2025-11-25 09:30:00,2025-11-25 14:30:00,L,-8905.62049264631,False
2025-11-26 15:30:00,2025-11-27 04:00:00,L,-8861.09239018308,False
2025-11-27 06:30:00,2025-11-27 09:00:00,L,-8816.786928232163,False
2025-11-28 08:30:00,2025-11-28 14:00:00,L,26318.10898077301,True
2025-12-01 16:00:00,2025-12-02 01:00:00,L,-8904.293538494869,False
2025-12-02 07:00:00,2025-12-02 09:00:00,L,-8859.772070802394,False
2025-12-02 10:00:00,2025-12-02 14:00:00,L,26446.419631345147,True
2025-12-02 16:30:00,2025-12-03 02:30:00,L,26843.11592581532,True
2025-12-03 06:30:00,2025-12-03 07:30:00,L,-9081.920888234185,False
2025-12-03 08:00:00,2025-12-03 09:00:00,L,-9036.511283793014,False
2025-12-03 10:30:00,2025-12-03 13:30:00,L,26973.98618212215,True
2025-12-03 17:30:00,2025-12-04 03:00:00,L,-9126.19865828466,False
2025-12-08 11:30:00,2025-12-08 13:30:00,L,-9080.567664993237,False
2025-12-11 06:30:00,2025-12-11 14:30:00,L,27105.494480004814,True
2025-12-12 16:30:00,2025-12-15 05:30:00,L,16140.264367621976,True
2025-12-15 17:30:00,2025-12-16 02:30:00,L,-9251.393620906405,False
2025-12-16 09:00:00,2025-12-16 10:30:00,L,-9205.136652801873,False
2025-12-18 11:00:00,2025-12-18 12:00:00,L,-9159.110969537864,False
2025-12-18 13:30:00,2025-12-18 14:30:00,L,-9113.315414690174,False
2025-12-23 16:00:00,2025-12-23 23:30:00,L,27203.24651285017,True
2025-12-24 14:00:00,2025-12-24 14:30:00,L,-9203.765070180974,False
2025-12-24 15:30:00,2025-12-26 00:30:00,L,27473.23873449021,True
2025-12-26 12:00:00,2025-12-26 15:30:00,L,27885.337315507564,True
2025-12-29 07:30:00,2025-12-29 08:30:00,L,-9434.539125080059,False
2025-12-31 14:30:00,2026-01-02 00:30:00,S,-9387.36642945466,False
2026-01-05 14:00:00,2026-01-05 23:00:00,L,28021.288791922158,True
2026-01-06 10:30:00,2026-01-06 14:30:00,L,28441.608123800987,True
2026-01-07 06:30:00,2026-01-07 07:00:00,L,-9622.744081886001,False
2026-01-07 07:30:00,2026-01-07 12:00:00,L,-9574.630361476571,False
2026-01-07 12:30:00,2026-01-07 13:00:00,L,-9526.757209669187,False
2026-01-12 15:00:00,2026-01-12 23:00:00,L,-9479.123423620842,False
2026-01-15 14:30:00,2026-01-16 03:30:00,L,-5173.980018015102,False
2026-01-19 12:30:00,2026-01-19 14:00:00,L,-9405.857906412662,False
2026-01-21 18:00:00,2026-01-21 19:30:00,L,-9358.8286168806,False
2026-01-21 20:00:00,2026-01-22 09:00:00,L,14685.845952620284,True
2026-01-23 10:00:00,2026-01-23 16:00:00,L,28156.391110677898,True
2026-01-26 14:00:00,2026-01-26 19:00:00,L,-9526.245659112688,False
2026-01-26 20:00:00,2026-01-26 21:30:00,L,-9478.614430817124,False
2026-01-27 15:30:00,2026-01-27 20:00:00,L,28293.664075989116,True
2026-01-29 11:30:00,2026-01-29 15:00:00,L,-9572.689679042986,False
2026-01-29 16:30:00,2026-01-30 06:00:00,L,-9524.82623064777,False
2026-02-02 14:00:00,2026-02-02 14:30:00,S,-9477.202099494532,False
2026-02-04 12:00:00,2026-02-04 14:30:00,L,-9429.816088997059,False
2026-02-05 17:30:00,2026-02-05 23:30:00,S,28148.001025656216,True
2026-02-09 11:30:00,2026-02-09 16:00:00,L,28570.221041041063,True
2026-02-10 17:00:00,2026-02-11 06:00:00,L,12069.476138300639,True
2026-02-12 13:30:00,2026-02-12 14:30:00,L,-9726.605499577063,False
2026-02-12 15:30:00,2026-02-12 16:00:00,L,-9677.972472079178,False
2026-02-17 13:00:00,2026-02-17 13:30:00,S,28888.747829156346,True
2026-02-18 12:30:00,2026-02-18 13:30:00,L,29322.079046593695,True
2026-02-19 12:30:00,2026-02-19 13:00:00,L,-9920.636744097534,False
2026-02-19 14:00:00,2026-02-19 14:30:00,L,-9871.033560377045,False
2026-02-19 15:00:00,2026-02-19 17:30:00,L,-9821.67839257516,False
2026-02-23 09:00:00,2026-02-23 14:30:00,L,29317.71000183685,True
2026-02-24 13:30:00,2026-02-24 14:00:00,L,-9919.158550621469,False
2026-02-24 14:30:00,2026-02-25 01:00:00,L,29608.688273605083,True
2026-02-25 11:30:00,2026-02-25 16:30:00,L,30052.81859770916,True
2026-02-26 09:00:00,2026-02-26 10:30:00,L,-10167.870292224932,False
2026-02-26 12:30:00,2026-02-26 13:30:00,L,-10117.030940763807,False
2026-02-26 16:00:00,2026-02-26 17:30:00,L,-10066.445786059989,False
2026-02-27 09:30:00,2026-02-27 10:00:00,L,-10016.113557129687,False
2026-02-27 11:00:00,2026-02-27 13:00:00,L,29898.098968032118,True
2026-03-02 16:30:00,2026-03-03 05:30:00,L,13802.128521196733,True
2026-03-03 06:30:00,2026-03-03 08:30:00,L,-10184.534126790184,False
2026-03-11 09:00:00,2026-03-11 12:30:00,L,-10133.611456156232,False
2026-03-11 13:30:00,2026-03-11 17:30:00,L,-10082.943398875452,False
2026-03-13 13:30:00,2026-03-13 14:30:00,S,30097.586045643224,True
2026-03-16 07:00:00,2026-03-16 13:30:00,S,-10183.01661210929,False
2026-03-16 14:30:00,2026-03-17 03:30:00,S,-8692.382096176003,False
2026-03-20 09:00:00,2026-03-20 13:30:00,S,30265.918855703592,True
2026-03-23 12:00:00,2026-03-23 12:30:00,S,-10239.969212846383,False
2026-03-23 13:30:00,2026-03-23 14:00:00,S,-10188.769366782151,False
2026-03-23 15:30:00,2026-03-24 04:30:00,S,14515.84666981673,True
2026-03-24 08:30:00,2026-03-24 09:30:00,S,-10210.404753297324,False
2026-03-24 11:30:00,2026-03-24 20:00:00,S,-10159.352729530836,False
2026-03-25 12:30:00,2026-03-25 13:00:00,S,-10108.555965883183,False
2026-03-26 15:00:00,2026-03-26 16:30:00,S,30174.039558161297,True
2026-03-27 07:30:00,2026-03-27 14:30:00,S,-10208.883383844573,False
2026-04-15 09:00:00,2026-04-15 09:30:00,L,-10157.83896692535,False
2026-04-15 10:00:00,2026-04-15 23:00:00,L,6631.505742192278,True
2026-04-16 07:00:00,2026-04-16 08:00:00,L,-10140.207300801685,False
2026-04-16 09:00:00,2026-04-16 13:30:00,L,-10089.506264297675,False
2026-04-21 12:30:00,2026-04-21 13:30:00,S,-10039.058732976187,False
2026-04-22 08:00:00,2026-04-22 14:30:00,S,29966.59031793392,True
2026-04-23 13:30:00,2026-04-23 17:30:00,S,30416.089172702927,True
2026-04-24 12:00:00,2026-04-24 14:00:00,S,-10290.77683676449,False
2026-04-24 14:30:00,2026-04-27 00:00:00,S,30717.968857742002,True
2026-04-30 14:00:00,2026-04-30 19:00:00,S,-10392.912796869377,False
2026-05-01 16:30:00,2026-05-04 05:30:00,S,24979.26925104695,True
2026-05-05 06:30:00,2026-05-05 07:00:00,S,-10465.844579140265,False
2026-05-05 08:00:00,2026-05-05 08:30:00,S,-10413.515356244563,False
2026-05-05 09:30:00,2026-05-05 11:30:00,S,-10361.44777946334,False
