entry_time,exit_time,direction,pnl_abs,win
2016-01-14 06:30:00,2016-01-14 06:45:00,L,-300.0,False
2016-01-14 10:15:00,2016-01-14 10:45:00,L,-299.1,False
2016-01-14 14:45:00,2016-01-14 16:00:00,L,-298.2027,False
2016-01-18 07:15:00,2016-01-18 07:30:00,L,-297.3080919,False
2016-01-18 08:45:00,2016-01-18 12:45:00,L,502.2612503615539,True
2016-01-18 16:30:00,2016-01-18 17:45:00,L,-297.9229513753846,False
2016-01-20 06:30:00,2016-01-20 08:15:00,L,1485.1459126062925,True
2016-01-21 11:15:00,2016-01-21 13:30:00,L,-301.4846202590774,False
2016-01-21 18:00:00,2016-01-21 23:00:00,L,1131.222652465567,True
2016-01-22 09:45:00,2016-01-22 10:15:00,L,-303.9738343556969,False
2016-01-22 14:30:00,2016-01-22 14:45:00,L,-303.0619128526298,False
2016-01-22 19:30:00,2016-01-25 02:30:00,L,700.6608538634124,True
2016-01-25 20:00:00,2016-01-26 04:00:00,L,1521.2735483783108,True
2016-01-26 13:15:00,2016-01-26 15:45:00,L,1544.0926516039854,True
2016-01-27 09:30:00,2016-01-27 12:00:00,L,-313.4508082756091,False
2016-01-27 12:30:00,2016-01-27 14:30:00,L,-312.51045585078225,False
2016-01-27 14:45:00,2016-01-27 15:00:00,L,-311.5729244832299,False
2016-01-27 15:30:00,2016-01-27 18:30:00,L,-310.6382057097802,False
2016-01-27 19:00:00,2016-01-27 19:45:00,L,1548.5314554632544,True
2016-01-28 06:45:00,2016-01-28 08:00:00,L,-314.3518854590406,False
2016-01-28 08:45:00,2016-01-28 18:00:00,L,-313.4088298026635,False
2016-01-28 23:00:00,2016-01-29 02:00:00,L,481.44940429160846,True
2016-01-29 17:15:00,2016-01-31 23:15:00,L,203.8047219604357,True
2016-02-01 08:45:00,2016-02-01 11:45:00,L,313.71642213036574,True
2016-02-02 11:00:00,2016-02-02 11:15:00,L,-315.46551495840276,False
2016-02-02 11:45:00,2016-02-02 14:00:00,L,1572.5955920676379,True
2016-02-02 17:45:00,2016-02-02 23:45:00,L,717.7848115463825,True
2016-02-03 09:15:00,2016-02-03 15:00:00,L,1606.9512981218481,True
2016-02-05 15:30:00,2016-02-05 19:30:00,L,1063.5023783927365,True
2016-02-09 08:30:00,2016-02-09 08:45:00,L,-329.4016206539133,False
2016-02-09 09:30:00,2016-02-09 13:30:00,L,1072.8419759402711,True
2016-02-09 16:15:00,2016-02-09 20:00:00,L,-331.63194171977244,False
2016-02-10 12:45:00,2016-02-10 13:30:00,L,1653.1852294730656,True
2016-02-12 14:45:00,2016-02-12 16:00:00,L,-335.59660158303234,False
2016-02-12 16:45:00,2016-02-12 19:45:00,L,200.8445987935866,True
2016-02-17 12:15:00,2016-02-17 13:15:00,L,-335.192345574664,False
2016-02-19 09:00:00,2016-02-19 09:45:00,L,-334.18676853794,False
2016-02-19 11:15:00,2016-02-19 16:00:00,L,1665.921041161631,True
2016-02-23 07:15:00,2016-02-23 07:30:00,L,-338.1819713558111,False
2016-02-23 14:15:00,2016-02-23 17:15:00,L,642.9015442756086,True
2016-02-23 20:00:00,2016-02-23 23:15:00,L,1695.4806503728526,True
2016-02-24 08:15:00,2016-02-24 10:00:00,L,1720.9128601284451,True
2016-02-25 12:45:00,2016-02-25 14:00:00,L,-349.34531060607435,False
2016-02-25 14:30:00,2016-02-25 18:30:00,L,824.7021661895916,True
2016-02-26 09:30:00,2016-02-26 12:30:00,L,1197.7538469882518,True
2016-02-29 16:00:00,2016-02-29 20:00:00,L,1104.9966872509838,True
2016-03-01 06:45:00,2016-03-01 07:00:00,L,-357.6796327755426,False
2016-03-01 07:30:00,2016-03-01 08:15:00,L,-356.60659387721597,False
2016-03-01 08:30:00,2016-03-01 12:30:00,L,1396.6707150277275,True
2016-03-01 16:00:00,2016-03-01 16:45:00,L,-359.7267862406675,False
2016-03-01 19:15:00,2016-03-02 02:00:00,L,-358.6476058819455,False
2016-03-04 13:45:00,2016-03-04 14:45:00,L,1787.8583153214981,True
2016-03-04 19:15:00,2016-03-04 19:30:00,L,-362.93523801026413,False
2016-03-07 17:15:00,2016-03-07 17:30:00,L,-361.84643229623333,False
2016-03-07 18:30:00,2016-03-07 23:30:00,L,49.632256848404765,True
2016-03-08 06:15:00,2016-03-08 10:15:00,L,1356.943141981972,True
2016-03-08 14:30:00,2016-03-08 14:45:00,L,-364.98061919583574,False
2016-03-11 10:15:00,2016-03-11 10:30:00,L,-363.8856773382483,False
2016-03-11 10:45:00,2016-03-11 15:15:00,L,-362.7940203062335,False
2016-03-16 18:00:00,2016-03-16 18:15:00,L,1808.528191226574,True
2016-03-17 16:00:00,2016-03-17 19:00:00,L,-367.13122281899456,False
2016-03-18 10:15:00,2016-03-18 10:30:00,L,-366.0298291505376,False
2016-03-18 15:30:00,2016-03-18 20:30:00,L,551.6513645298915,True
2016-03-24 11:30:00,2016-03-24 12:00:00,S,-366.5866937566757,False
2016-03-24 13:15:00,2016-03-24 14:30:00,S,-365.4869336754057,False
2016-03-24 19:30:00,2016-03-28 01:00:00,S,1821.9523643718971,True
2016-03-28 08:00:00,2016-03-28 11:30:00,S,-369.8563299674951,False
2016-03-28 13:45:00,2016-03-28 20:45:00,S,-56.518784614397276,False
2016-03-31 17:30:00,2016-03-31 17:45:00,L,-368.5772046237495,False
2016-04-04 14:15:00,2016-04-04 22:15:00,S,646.6051797703986,True
2016-04-05 16:45:00,2016-04-05 23:45:00,L,507.46386868184214,True
2016-04-06 16:15:00,2016-04-06 18:00:00,S,1854.6684007761746,True
2016-04-07 19:15:00,2016-04-07 23:15:00,L,92.98623486890256,True
2016-04-08 10:00:00,2016-04-08 10:15:00,L,-376.77664406217013,False
2016-04-08 10:30:00,2016-04-08 14:30:00,L,874.5286483759894,True
2016-04-11 10:00:00,2016-04-11 12:00:00,L,-378.2699000751116,False
2016-04-12 14:15:00,2016-04-12 14:45:00,L,-377.13509037488626,False
2016-04-13 07:15:00,2016-04-13 08:15:00,L,-376.0036851037616,False
2016-04-14 09:45:00,2016-04-14 12:45:00,S,476.9927492453801,True
2016-04-15 06:45:00,2016-04-15 11:15:00,S,-376.3066522961865,False
2016-04-15 19:00:00,2016-04-15 19:15:00,S,-375.17773233929796,False
2016-04-15 20:00:00,2016-04-17 23:00:00,S,-374.05219914228,False
2016-04-18 13:30:00,2016-04-18 18:15:00,S,1864.6502127242659,True
2016-04-19 11:45:00,2016-04-19 12:30:00,L,1892.61996591513,True
2016-04-19 18:30:00,2016-04-19 20:00:00,L,-384.2018530807714,False
2016-04-20 06:15:00,2016-04-20 07:30:00,L,-383.0492475215291,False
2016-04-20 10:15:00,2016-04-20 10:45:00,L,-381.9000997789645,False
2016-04-20 20:00:00,2016-04-21 03:00:00,L,1135.556308408377,True
2016-04-22 08:30:00,2016-04-22 12:30:00,S,414.6479318992946,True
2016-04-26 12:15:00,2016-04-26 14:00:00,L,1927.0250610027529,True
2016-04-27 16:15:00,2016-04-27 18:00:00,L,-391.18608738355886,False
2016-04-28 12:15:00,2016-04-28 12:30:00,L,-390.0125291214082,False
2016-05-02 13:15:00,2016-05-02 13:30:00,L,-388.842491534044,False
2016-05-02 17:00:00,2016-05-02 17:30:00,L,-387.6759640594418,False
2016-05-02 18:45:00,2016-05-02 23:45:00,L,-98.3058671472575,False
2016-05-03 07:15:00,2016-05-03 09:15:00,L,-386.21801856582175,False
2016-05-03 11:45:00,2016-05-03 14:00:00,L,-385.0593645101243,False
2016-05-03 16:15:00,2016-05-03 18:15:00,L,-383.9041864165939,False
2016-05-03 18:45:00,2016-05-03 23:45:00,L,78.35217380467599,True
2016-05-04 11:45:00,2016-05-04 12:15:00,L,1914.9376518937906,True
2016-05-05 08:45:00,2016-05-05 12:30:00,L,1943.6617166721976,True
2016-05-11 16:00:00,2016-05-11 16:15:00,L,-394.56332848445606,False
2016-05-11 16:45:00,2016-05-11 20:45:00,L,1193.893221519217,True
2016-05-16 19:45:00,2016-05-17 01:45:00,L,1135.8241785294313,True
2016-05-18 12:15:00,2016-05-18 13:30:00,S,-400.3687906991487,False
2016-05-18 14:00:00,2016-05-18 20:00:00,S,1995.8384216352565,True
2016-05-19 17:30:00,2016-05-19 18:00:00,S,-405.155199591957,False
2016-05-19 18:15:00,2016-05-19 18:30:00,S,-403.93973399318116,False
2016-05-19 22:00:00,2016-05-19 22:30:00,S,-402.72791479120167,False
2016-05-20 10:00:00,2016-05-20 10:15:00,S,-401.51973104682804,False
2016-05-20 10:45:00,2016-05-20 12:00:00,S,-400.31517185368756,False
2016-05-20 13:15:00,2016-05-20 15:15:00,S,1995.5711316906322,True
2016-05-20 18:45:00,2016-05-22 23:45:00,S,341.3548972630029,True
2016-05-23 22:00:00,2016-05-23 22:15:00,S,-406.12500442498737,False
2016-05-25 20:00:00,2016-05-26 00:00:00,S,-404.9066294117124,False
2016-05-27 07:30:00,2016-05-27 07:45:00,S,-403.6919095234773,False
2016-05-27 09:15:00,2016-05-27 12:30:00,S,-402.48083379490686,False
2016-05-30 08:15:00,2016-05-30 08:45:00,S,-401.2733912935222,False
2016-05-30 13:00:00,2016-05-30 13:15:00,S,-400.0695711196416,False
2016-05-30 16:00:00,2016-05-30 23:00:00,S,-398.8693624062826,False
2016-05-31 15:00:00,2016-05-31 15:45:00,S,-397.67275431906376,False
2016-05-31 17:15:00,2016-05-31 17:30:00,S,-396.47973605610656,False
2016-05-31 19:30:00,2016-06-01 02:00:00,S,-395.29029684793824,False
2016-06-01 13:15:00,2016-06-01 16:00:00,S,1970.522129786972,True
2016-06-06 09:30:00,2016-06-06 09:45:00,L,-400.0159923467553,False
2016-06-06 11:15:00,2016-06-06 16:15:00,L,1379.340803144944,True
2016-06-07 07:15:00,2016-06-07 07:30:00,L,-402.9539667791499,False
2016-06-07 11:00:00,2016-06-07 11:15:00,L,-401.74510487881247,False
2016-06-07 12:45:00,2016-06-07 17:15:00,L,2002.6993478208801,True
2016-06-09 08:45:00,2016-06-09 10:00:00,L,-406.54796760763867,False
2016-06-09 10:30:00,2016-06-09 13:30:00,L,1430.4485791038205,True
2016-06-13 14:30:00,2016-06-13 17:30:00,L,334.8560761758356,True
2016-06-14 06:45:00,2016-06-14 11:45:00,L,2053.1211883532737,True
2016-06-14 16:45:00,2016-06-14 20:45:00,L,1047.5198623895465,True
2016-06-15 08:15:00,2016-06-15 08:45:00,L,-419.9261608228832,False
2016-06-15 09:45:00,2016-06-15 12:00:00,L,-418.66638234041454,False
2016-06-15 12:30:00,2016-06-15 15:30:00,L,695.7497046865196,True
2016-06-16 12:15:00,2016-06-16 14:30:00,L,2097.488161537264,True
2016-06-20 12:30:00,2016-06-20 12:45:00,L,-425.7900967920646,False
2016-06-20 13:45:00,2016-06-20 14:15:00,L,-424.5127265016884,False
2016-06-20 14:45:00,2016-06-20 20:45:00,L,1516.0732386244647,True
2016-06-22 12:45:00,2016-06-22 16:00:00,S,-427.7874080380568,False
2016-06-22 16:45:00,2016-06-22 20:45:00,S,365.5078471316369,True
2016-06-23 06:45:00,2016-06-23 12:30:00,S,2138.002846776688,True
2016-06-23 16:00:00,2016-06-23 20:00:00,S,2170.0728894783383,True
2016-06-24 11:15:00,2016-06-24 17:15:00,L,-202.88685989383308,False
2016-06-27 07:45:00,2016-06-27 08:00:00,L,-439.9161359844211,False
2016-06-27 17:45:00,2016-06-27 22:45:00,L,-53.24775453314811,False
2016-06-28 07:45:00,2016-06-28 08:00:00,L,-438.43664431286845,False
2016-06-28 08:45:00,2016-06-28 11:00:00,L,-437.12133437992986,False
2016-06-29 13:15:00,2016-06-29 13:30:00,L,-435.8099703767901,False
2016-06-30 17:15:00,2016-06-30 20:15:00,L,1369.051231103643,True
2016-07-01 10:15:00,2016-07-01 14:15:00,L,1144.9860146913034,True
2016-07-01 18:00:00,2016-07-03 23:15:00,L,2210.2232610152228,True
2016-07-04 08:00:00,2016-07-04 12:00:00,L,212.8990812289901,True
2016-07-05 08:45:00,2016-07-05 11:45:00,L,926.2572961347985,True
2016-07-05 15:15:00,2016-07-05 18:15:00,L,1845.3023859820175,True
2016-07-06 17:30:00,2016-07-06 18:15:00,L,-457.6286982761277,False
2016-07-06 18:45:00,2016-07-06 22:45:00,L,587.2795255209603,True
2016-07-07 12:00:00,2016-07-07 12:15:00,L,-458.01765075786216,False
2016-07-07 12:30:00,2016-07-07 12:45:00,L,-456.64359780558857,False
2016-07-07 17:00:00,2016-07-07 17:45:00,L,-455.2736670121718,False
2016-07-07 18:15:00,2016-07-07 18:30:00,L,-453.90784601113535,False
2016-07-08 07:45:00,2016-07-08 13:00:00,L,-452.54612247310195,False
2016-07-11 06:30:00,2016-07-11 07:00:00,L,-451.1884841056826,False
2016-07-11 10:00:00,2016-07-11 13:00:00,L,-449.83491865336555,False
2016-07-11 13:30:00,2016-07-11 17:45:00,L,-448.48541389740546,False
2016-07-22 20:00:00,2016-07-25 01:00:00,S,2666.9119577387783,True
2016-07-25 11:30:00,2016-07-25 12:15:00,S,-455.14069352892955,False
2016-07-25 12:30:00,2016-07-25 16:00:00,S,-453.7752714483428,False
2016-07-25 16:30:00,2016-07-25 23:30:00,S,1322.1211580405252,True
2016-07-26 07:15:00,2016-07-26 07:30:00,S,-456.3803091081194,False
2016-07-26 08:00:00,2016-07-26 14:00:00,S,411.15740227695375,True
2016-07-26 18:00:00,2016-07-27 01:00:00,S,1568.3276988270616,True
2016-07-28 17:45:00,2016-07-29 02:45:00,L,550.6180536000774,True
2016-07-29 09:30:00,2016-07-29 12:30:00,L,2313.0073882245365,True
2016-08-01 07:00:00,2016-08-01 10:00:00,L,913.2946240225518,True
2016-08-01 12:30:00,2016-08-01 13:15:00,L,-472.2803836816486,False
2016-08-01 13:45:00,2016-08-01 17:45:00,L,1643.184563412905,True
2016-08-03 09:45:00,2016-08-03 14:00:00,L,-475.79309622084236,False
2016-08-03 15:00:00,2016-08-03 18:00:00,L,-206.95101675514354,False
2016-08-04 08:15:00,2016-08-04 14:00:00,L,2368.7243194095718,True
2016-08-10 08:15:00,2016-08-10 12:15:00,L,636.5999844301213,True
2016-08-10 15:30:00,2016-08-10 19:30:00,L,154.47386596281447,True
2016-08-16 13:45:00,2016-08-16 17:45:00,L,1262.6477619649304,True
2016-08-18 09:30:00,2016-08-18 14:30:00,L,278.814226310334,True
2016-08-22 10:30:00,2016-08-22 10:45:00,S,-487.84864435614776,False
2016-08-22 12:15:00,2016-08-22 12:30:00,S,-486.3850984230793,False
2016-08-22 13:00:00,2016-08-22 14:45:00,S,-484.92594312781006,False
2016-08-22 15:45:00,2016-08-22 17:00:00,S,-483.4711652984266,False
2016-08-22 20:00:00,2016-08-23 00:15:00,S,-482.0207518025314,False
2016-08-23 09:00:00,2016-08-23 09:15:00,S,-480.57468954712374,False
2016-08-23 12:15:00,2016-08-23 12:30:00,S,-479.1329654784824,False
2016-08-23 13:15:00,2016-08-23 18:15:00,S,1437.82469673481,True
2016-08-24 10:00:00,2016-08-24 12:00:00,S,-482.00904067225133,False
2016-08-25 07:15:00,2016-08-25 07:30:00,S,-480.5630135502346,False
2016-08-25 07:45:00,2016-08-25 08:15:00,S,-479.12132450958387,False
2016-08-25 10:15:00,2016-08-25 12:30:00,S,2388.4198026802756,True
2016-08-25 16:00:00,2016-08-25 20:00:00,S,-118.05584436903662,False
2016-08-26 06:30:00,2016-08-26 07:00:00,S,-484.4950524109888,False
2016-08-26 07:45:00,2016-08-26 08:30:00,S,-483.04156725375583,False
2016-08-26 14:00:00,2016-08-26 14:15:00,S,-481.59244255199457,False
2016-08-26 14:30:00,2016-08-26 15:30:00,S,2400.738326121693,True
2016-08-29 09:45:00,2016-08-29 10:15:00,S,-487.3498802027037,False
2016-08-29 19:30:00,2016-08-29 22:00:00,S,-485.88783056209553,False
2016-08-30 12:30:00,2016-08-30 16:45:00,S,2422.150835352046,True
2016-09-01 15:30:00,2016-09-01 15:45:00,S,-491.69661957646537,False
2016-09-01 17:45:00,2016-09-01 18:00:00,S,-490.221529717736,False
2016-09-01 18:30:00,2016-09-01 19:30:00,S,-488.7508651285828,False
2016-09-01 22:00:00,2016-09-02 00:00:00,S,-487.28461253319705,False
2016-09-07 08:30:00,2016-09-07 10:00:00,L,-485.82275869559743,False
2016-09-07 11:15:00,2016-09-07 11:30:00,L,-484.36529041951064,False
2016-09-07 13:15:00,2016-09-07 13:30:00,L,-482.9121945482521,False
2016-09-07 15:15:00,2016-09-07 15:45:00,L,-481.4634579646073,False
2016-09-07 18:00:00,2016-09-07 18:45:00,L,-480.0190675907135,False
2016-09-08 14:30:00,2016-09-08 15:15:00,L,-478.57901038794137,False
2016-09-08 19:45:00,2016-09-09 04:45:00,L,548.6281502801585,True
2016-09-12 07:45:00,2016-09-12 10:15:00,S,2393.94578903809,True
2016-09-12 19:15:00,2016-09-12 23:15:00,S,-311.7860093628821,False
2016-09-14 08:00:00,2016-09-14 08:15:00,S,-485.0356371466437,False
2016-09-14 08:30:00,2016-09-14 08:45:00,S,-483.58053023520375,False
2016-09-14 10:15:00,2016-09-14 10:30:00,S,-482.12978864449815,False
2016-09-14 12:00:00,2016-09-14 13:45:00,S,-480.6833992785647,False
2016-09-14 14:45:00,2016-09-14 15:00:00,S,-479.24134908072904,False
2016-09-15 12:30:00,2016-09-15 14:00:00,S,2389.0181251674344,True
2016-09-16 08:00:00,2016-09-16 08:15:00,S,-484.97067940898916,False
2016-09-16 09:15:00,2016-09-16 13:00:00,S,2417.578836853811,True
2016-09-16 19:00:00,2016-09-16 19:15:00,S,-490.7685038813237,False
2016-09-19 07:45:00,2016-09-19 08:00:00,S,-489.2961983696797,False
2016-09-19 08:30:00,2016-09-19 15:30:00,S,1967.3142661369143,True
2016-09-20 08:15:00,2016-09-20 12:30:00,S,2468.651262864907,True
2016-09-22 06:15:00,2016-09-22 10:15:00,L,-37.88242619664498,False
2016-09-23 19:00:00,2016-09-26 01:00:00,L,804.6167252217957,True
2016-09-27 20:00:00,2016-09-28 03:00:00,S,1801.0642975885862,True
2016-09-28 10:30:00,2016-09-28 11:00:00,S,-508.83960215141735,False
2016-09-28 11:30:00,2016-09-28 11:45:00,S,-507.3130833449631,False
2016-09-28 12:15:00,2016-09-28 14:00:00,S,2528.955720474641,True
2016-09-29 17:15:00,2016-09-29 17:45:00,S,-513.3780112563522,False
2016-09-29 18:30:00,2016-09-30 00:30:00,S,34.320125873203814,True
2016-09-30 06:45:00,2016-09-30 07:15:00,S,-511.94083760020277,False
2016-09-30 08:30:00,2016-09-30 10:00:00,S,-510.40501508740215,False
2016-09-30 15:00:00,2016-09-30 17:15:00,S,2544.3690002107,True
2016-10-03 08:15:00,2016-10-03 10:00:00,S,-516.506907042772,False
2016-10-03 12:15:00,2016-10-03 14:00:00,S,2574.7869316082183,True
2016-10-04 06:45:00,2016-10-04 10:45:00,S,938.8568137311961,True
2016-10-05 14:15:00,2016-10-05 14:30:00,S,-525.498317557662,False
2016-10-06 07:00:00,2016-10-06 09:30:00,S,-523.921822604989,False
2016-10-06 11:30:00,2016-10-06 12:30:00,S,2611.75028568587,True
2016-10-07 06:15:00,2016-10-07 07:00:00,S,-530.1853079942316,False
2016-10-07 09:15:00,2016-10-07 09:30:00,S,-528.594752070249,False
2016-10-07 11:30:00,2016-10-07 12:30:00,S,-527.0089678140382,False
2016-10-07 13:45:00,2016-10-07 15:30:00,S,2627.1397045529807,True
2016-10-10 07:15:00,2016-10-10 07:45:00,S,-533.309360024255,False
2016-10-11 12:45:00,2016-10-11 13:15:00,S,-531.7094319441823,False
2016-10-11 13:45:00,2016-10-11 16:00:00,S,-530.1143036483497,False
2016-10-11 18:00:00,2016-10-11 22:00:00,S,1122.8121722378128,True
2016-10-12 13:30:00,2016-10-12 13:45:00,S,-531.8923972541181,False
2016-10-12 14:15:00,2016-10-12 18:15:00,S,206.01116277230793,True
2016-10-13 06:45:00,2016-10-13 11:45:00,S,79.48515696265171,True
2016-10-13 20:00:00,2016-10-14 04:00:00,S,1191.4490480047139,True
2016-10-14 09:15:00,2016-10-14 09:45:00,S,2673.6377808278735,True
2016-10-14 17:15:00,2016-10-14 17:30:00,S,-542.7484695080584,False
2016-10-14 18:00:00,2016-10-17 00:00:00,S,220.1273218673103,True
2016-10-17 07:00:00,2016-10-17 08:00:00,S,2708.9030303256804,True
2016-10-17 17:00:00,2016-10-17 23:00:00,S,280.81402495317985,True
2016-10-24 14:00:00,2016-10-24 19:00:00,S,527.8370930326525,True
2016-10-27 13:15:00,2016-10-27 20:15:00,S,616.525564038667,True
2016-10-28 07:15:00,2016-10-28 10:15:00,S,928.4614568112614,True
2016-10-28 12:45:00,2016-10-28 14:00:00,S,-556.9682295726204,False
2016-10-28 15:15:00,2016-10-28 17:00:00,S,-555.2973248839027,False
2016-11-01 17:45:00,2016-11-01 23:45:00,L,-32.86858117762685,False
2016-11-03 08:30:00,2016-11-03 08:45:00,L,-553.532827165718,False
2016-11-03 13:15:00,2016-11-03 19:15:00,L,1894.9689058627382,True
2016-11-04 08:15:00,2016-11-04 12:30:00,L,-557.5571354018091,False
2016-11-04 18:15:00,2016-11-06 23:00:00,L,-555.8844639956037,False
2016-11-07 11:15:00,2016-11-07 12:00:00,S,-554.2168106036169,False
2016-11-07 12:45:00,2016-11-07 16:00:00,S,2762.77080085903,True
2016-11-08 07:30:00,2016-11-08 08:00:00,S,-560.842472574383,False
2016-11-08 08:30:00,2016-11-08 11:30:00,S,26.878021110331257,True
2016-11-09 13:45:00,2016-11-09 14:45:00,S,2796.202896099955,True
2016-11-10 07:15:00,2016-11-10 08:00:00,S,-567.6291879082908,False
2016-11-10 08:45:00,2016-11-10 10:15:00,S,2829.6315017228294,True
2016-11-11 07:15:00,2016-11-11 07:30:00,S,-574.4151948497343,False
2016-11-11 12:15:00,2016-11-11 13:00:00,S,-572.6919492651851,False
2016-11-11 13:30:00,2016-11-11 14:30:00,S,2854.869367086948,True
2016-11-14 10:30:00,2016-11-14 11:00:00,S,-579.5384815186504,False
2016-11-14 11:15:00,2016-11-14 18:15:00,S,126.82412996551409,True
2016-11-14 18:30:00,2016-11-14 23:30:00,S,-138.63119395969792,False
2016-11-15 09:00:00,2016-11-15 13:00:00,S,748.3377046824144,True
2016-11-15 15:30:00,2016-11-15 23:00:00,S,-580.009457996159,False
2016-11-16 06:15:00,2016-11-16 09:15:00,S,901.802461474619,True
2016-11-16 14:45:00,2016-11-16 15:00:00,S,-580.9748370065944,False
2016-11-17 08:30:00,2016-11-17 08:45:00,S,-579.2319124955745,False
2016-11-17 09:15:00,2016-11-17 10:30:00,S,-577.4942167580879,False
2016-11-18 12:45:00,2016-11-18 13:00:00,S,-575.7617341078136,False
2016-11-18 13:45:00,2016-11-20 23:45:00,S,1536.1591071371515,True
2016-11-21 08:30:00,2016-11-21 08:45:00,S,-578.6429262269016,False
2016-11-21 10:15:00,2016-11-21 10:45:00,S,-576.906997448221,False
2016-11-21 12:30:00,2016-11-21 17:30:00,S,425.0952122942774,True
2016-11-22 09:45:00,2016-11-22 13:45:00,S,1978.13451335068,True
2016-11-23 10:15:00,2016-11-23 10:30:00,S,-582.3859656328111,False
2016-11-24 07:15:00,2016-11-24 09:00:00,S,-580.6388077359128,False
2016-11-24 09:30:00,2016-11-24 09:45:00,S,-578.8968913127051,False
2016-11-24 13:15:00,2016-11-24 13:45:00,S,-577.1602006387669,False
2016-11-25 07:45:00,2016-11-25 08:00:00,S,-575.4287200368507,False
2016-11-25 10:00:00,2016-11-25 10:45:00,S,-573.7024338767402,False
2016-11-28 10:00:00,2016-11-28 14:00:00,S,1684.5405287177857,True
2016-11-28 15:45:00,2016-11-28 17:00:00,S,-577.0349481612633,False
2016-11-28 17:30:00,2016-11-28 19:00:00,S,-575.3038433167795,False
2016-11-29 15:30:00,2016-11-29 19:30:00,S,-133.45978811037241,False
2016-12-01 07:15:00,2016-12-01 10:00:00,S,2865.8877621124907,True
2016-12-01 14:15:00,2016-12-01 16:15:00,S,-581.7752157088356,False
2016-12-01 23:00:00,2016-12-02 02:00:00,S,-580.0298900617091,False
2016-12-02 08:45:00,2016-12-02 09:00:00,S,-578.2898003915241,False
2016-12-02 09:15:00,2016-12-02 14:00:00,S,2882.7746549517474,True
2016-12-02 15:30:00,2016-12-02 17:15:00,S,-585.2032549552047,False
2016-12-02 17:45:00,2016-12-04 23:00:00,S,-583.4476451903391,False
2016-12-05 06:30:00,2016-12-05 09:00:00,S,2908.4865112738403,True
2016-12-05 18:45:00,2016-12-05 19:00:00,S,-590.4227617885896,False
2016-12-06 08:15:00,2016-12-06 12:15:00,S,506.2699030645224,True
2016-12-06 16:00:00,2016-12-06 20:00:00,S,1446.0119877302525,True
2016-12-08 15:00:00,2016-12-08 21:00:00,S,81.68429395810045,True
2016-12-09 08:15:00,2016-12-09 08:30:00,S,-594.7533920574824,False
2016-12-09 09:45:00,2016-12-09 12:00:00,S,2964.845659406549,True
2016-12-12 13:15:00,2016-12-12 13:30:00,S,-601.8636688595295,False
2016-12-12 16:00:00,2016-12-12 16:45:00,S,-600.058077852951,False
2016-12-12 19:15:00,2016-12-12 23:15:00,S,-598.2579036193921,False
2016-12-13 14:00:00,2016-12-13 17:00:00,S,2982.31564954267,True
2016-12-14 08:30:00,2016-12-14 10:45:00,S,-605.410076857162,False
2016-12-14 11:15:00,2016-12-14 11:30:00,S,-603.5938466265904,False
2016-12-14 11:45:00,2016-12-14 13:45:00,S,-601.7830650867107,False
2016-12-14 14:30:00,2016-12-14 19:00:00,S,2999.8885794572534,True
2016-12-16 08:15:00,2016-12-16 08:30:00,S,-608.9773816298224,False
2016-12-16 08:45:00,2016-12-16 09:30:00,S,-607.1504494849329,False
2016-12-16 11:30:00,2016-12-16 14:30:00,S,1304.8039644801847,True
2016-12-16 17:30:00,2016-12-16 17:45:00,S,-609.2434100299187,False
2016-12-16 18:00:00,2016-12-19 00:00:00,S,393.98671819071893,True
2016-12-19 08:30:00,2016-12-19 13:00:00,S,-608.5976399544011,False
2016-12-19 15:00:00,2016-12-19 15:15:00,S,-606.7718470345379,False
2016-12-19 16:45:00,2016-12-19 19:45:00,S,1247.4864565861049,True
2016-12-20 18:30:00,2016-12-21 01:30:00,S,350.8734029496297,True
2016-12-21 07:00:00,2016-12-21 08:45:00,S,3048.7330553602073,True
2016-12-22 07:45:00,2016-12-22 09:00:00,S,-618.8928102381221,False
2016-12-23 07:45:00,2016-12-23 08:30:00,S,-617.0361318074077,False
2016-12-23 16:15:00,2016-12-23 21:15:00,S,879.7197574251497,True
2017-01-04 14:00:00,2017-01-04 14:30:00,L,-617.824182684261,False
2017-01-04 20:00:00,2017-01-04 23:45:00,L,304.8234040625978,True
2017-01-05 14:15:00,2017-01-05 16:15:00,L,3084.42590174198,True
2017-01-05 19:30:00,2017-01-05 20:15:00,L,-626.138458053622,False
2017-01-06 17:00:00,2017-01-06 18:45:00,L,-624.2600426794611,False
2017-01-06 19:15:00,2017-01-09 00:15:00,L,1166.129270539943,True
2017-01-09 06:30:00,2017-01-09 08:15:00,L,3129.428251815213,True
2017-01-10 08:30:00,2017-01-10 09:15:00,L,-635.2739351184881,False
2017-01-10 09:45:00,2017-01-10 10:15:00,L,-633.3681133131327,False
2017-01-10 10:45:00,2017-01-10 14:00:00,L,-631.4680089731933,False
2017-01-11 11:00:00,2017-01-11 13:30:00,L,-629.5736049462737,False
2017-01-11 21:00:00,2017-01-12 02:45:00,L,1541.6209678877824,True
2017-01-12 15:15:00,2017-01-12 15:30:00,L,-632.3097470350982,False
2017-01-12 18:00:00,2017-01-12 18:15:00,L,-630.4128177939929,False
2017-01-12 18:30:00,2017-01-12 23:00:00,L,-628.521579340611,False
2017-01-13 15:15:00,2017-01-13 19:15:00,L,1680.8906980119448,True
2017-01-16 11:15:00,2017-01-16 11:30:00,L,-631.6786866966249,False
2017-01-16 14:30:00,2017-01-16 16:30:00,L,-629.783650636535,False
2017-01-16 23:00:00,2017-01-17 06:00:00,L,6185.328509330439,True
2017-01-17 13:15:00,2017-01-17 17:15:00,L,-175.85553895981693,False
2017-01-18 06:30:00,2017-01-18 08:00:00,L,-645.9227185957373,False
2017-01-23 09:45:00,2017-01-23 13:45:00,L,1779.8731155829894,True
2017-01-23 14:30:00,2017-01-23 14:45:00,L,-649.324569786699,False
2017-01-23 16:00:00,2017-01-23 16:15:00,L,-647.376596077339,False
2017-01-24 07:15:00,2017-01-24 07:45:00,L,-645.4344662891069,False
2017-01-24 08:15:00,2017-01-24 11:00:00,L,-643.4981628902397,False
2017-01-24 11:45:00,2017-01-24 14:45:00,L,2169.5526990137073,True
2017-01-26 18:45:00,2017-01-27 00:45:00,S,680.1058237977817,True
2017-01-31 09:45:00,2017-01-31 11:45:00,L,3250.5832198500166,True
2017-02-01 07:15:00,2017-02-01 07:45:00,L,-659.8683936295535,False
2017-02-01 09:15:00,2017-02-01 13:15:00,L,-657.8887884486649,False
2017-02-01 15:00:00,2017-02-01 15:15:00,L,-655.9151220833188,False
2017-02-01 15:45:00,2017-02-01 18:45:00,L,1078.7987596257594,True
2017-02-02 18:00:00,2017-02-03 00:00:00,L,-657.183772995946,False
2017-02-03 12:30:00,2017-02-03 13:00:00,L,-655.2122216769582,False
2017-02-03 13:45:00,2017-02-03 17:45:00,L,1352.9258282481096,True
2017-02-06 15:30:00,2017-02-06 21:00:00,L,3286.5268124833583,True
2017-02-07 08:30:00,2017-02-07 11:00:00,L,-667.1649429341218,False
2017-02-07 13:15:00,2017-02-07 13:30:00,L,-665.1634481053194,False
2017-02-07 13:45:00,2017-02-07 16:45:00,L,2305.1233743950193,True
2017-02-08 07:30:00,2017-02-08 09:00:00,L,3350.416639420942,True
2017-02-08 19:15:00,2017-02-08 23:15:00,L,606.8042469544556,True
2017-02-09 09:15:00,2017-02-09 10:30:00,L,-681.9549905433146,False
2017-02-09 12:45:00,2017-02-09 15:00:00,L,-679.9091255716846,False
2017-02-09 16:00:00,2017-02-09 16:30:00,L,-677.8693981949696,False
2017-02-09 18:15:00,2017-02-09 20:00:00,L,-675.8357900003847,False
2017-02-10 14:45:00,2017-02-10 16:30:00,L,3369.0414131519174,True
2017-02-10 19:45:00,2017-02-13 00:00:00,L,-683.9154068698392,False
2017-02-13 06:15:00,2017-02-13 10:15:00,L,-67.36141774113702,False
2017-02-13 10:45:00,2017-02-13 13:00:00,L,-681.6615763960064,False
2017-02-17 16:30:00,2017-02-17 19:30:00,L,-542.4570709822326,False
2017-02-20 07:00:00,2017-02-20 12:00:00,L,2074.1968281726627,True
2017-02-23 06:30:00,2017-02-23 12:15:00,L,3421.059054691948,True
2017-02-24 18:00:00,2017-02-24 21:00:00,L,126.1202099975362,True
2017-02-27 08:00:00,2017-02-27 08:15:00,L,-694.8533487324581,False
2017-02-27 08:30:00,2017-02-27 12:30:00,L,586.1741814107962,True
2017-02-28 10:15:00,2017-02-28 14:00:00,L,3472.636556152466,True
2017-03-09 14:30:00,2017-03-09 14:45:00,S,-704.9452208989505,False
2017-03-10 12:30:00,2017-03-10 13:15:00,S,-702.8303852362537,False
2017-03-10 14:15:00,2017-03-10 17:15:00,S,1639.4752969539086,True
2017-03-10 19:30:00,2017-03-10 20:00:00,S,-705.6403199714066,False
2017-03-13 08:30:00,2017-03-13 11:45:00,S,3517.616995057462,True
2017-03-14 10:00:00,2017-03-14 12:00:00,S,-714.0762499966648,False
2017-03-14 12:30:00,2017-03-14 14:15:00,S,-711.9340212466749,False
2017-03-14 14:45:00,2017-03-14 20:00:00,S,3548.9910959146746,True
2017-03-15 06:45:00,2017-03-15 10:45:00,S,2127.8296788262055,True
2017-03-16 12:15:00,2017-03-16 15:15:00,L,818.4169682965924,True
2017-03-16 16:00:00,2017-03-16 17:15:00,L,-729.2839324120473,False
2017-03-16 18:45:00,2017-03-16 23:00:00,L,-727.0960806148112,False
2017-03-17 18:15:00,2017-03-17 19:45:00,L,-724.9147923729668,False
2017-03-20 10:15:00,2017-03-20 12:00:00,L,-722.7400479958478,False
2017-03-20 12:30:00,2017-03-20 17:30:00,L,2448.193510795843,True
2017-03-22 10:30:00,2017-03-22 11:00:00,L,-727.9164083842479,False
2017-03-22 11:45:00,2017-03-22 12:15:00,L,-725.7326591590952,False
2017-03-22 12:30:00,2017-03-22 16:30:00,L,2502.8417880848365,True
2017-03-23 10:00:00,2017-03-23 12:30:00,L,3655.319932729362,True
2017-03-23 16:00:00,2017-03-23 16:15:00,L,-742.0299463440605,False
2017-03-23 18:15:00,2017-03-23 18:30:00,L,-739.8038565050283,False
2017-03-24 08:15:00,2017-03-24 13:15:00,L,2407.4318209455782,True
2017-03-27 10:45:00,2017-03-27 11:00:00,L,-744.8067403983499,False
2017-03-27 11:15:00,2017-03-27 14:00:00,L,-742.5723201771549,False
2017-03-27 14:30:00,2017-03-27 15:15:00,L,-740.3446032166235,False
2017-03-27 15:45:00,2017-03-27 17:00:00,L,-738.1235694069736,False
2017-03-28 16:30:00,2017-03-28 18:00:00,L,-735.9091986987527,False
2017-03-29 14:30:00,2017-03-29 16:15:00,L,-733.7014711026563,False
2017-03-29 16:45:00,2017-03-29 20:45:00,L,1361.7364224571945,True
2017-03-30 10:15:00,2017-03-30 12:30:00,L,-735.58557595672,False
2017-04-04 07:15:00,2017-04-04 15:00:00,L,-733.3788192288499,False
2017-04-04 16:30:00,2017-04-04 17:15:00,L,-731.1786827711634,False
2017-04-04 18:30:00,2017-04-04 23:45:00,L,-728.9851467228499,False
2017-04-05 11:15:00,2017-04-05 11:30:00,L,-726.7981912826813,False
2017-04-07 08:00:00,2017-04-07 12:30:00,L,3623.0889835441662,True
2017-04-07 13:30:00,2017-04-07 16:45:00,L,-735.4870636594658,False
2017-04-12 07:45:00,2017-04-12 09:15:00,L,-733.2806024684874,False
2017-04-12 11:00:00,2017-04-12 12:15:00,L,3655.4038033054094,True
2017-04-12 18:15:00,2017-04-12 20:00:00,L,3710.2348603549904,True
2017-04-13 06:30:00,2017-04-13 06:45:00,L,-753.177676652063,False
2017-04-13 09:15:00,2017-04-13 13:15:00,L,403.36576515780206,True
2017-04-13 14:00:00,2017-04-13 14:15:00,L,-752.1282409175802,False
2017-04-17 06:45:00,2017-04-17 11:45:00,L,319.87768664359504,True
2017-04-17 13:15:00,2017-04-17 14:30:00,L,3754.1574462737913,True
2017-04-18 07:15:00,2017-04-18 09:15:00,L,3810.469807967898,True
2017-04-18 15:15:00,2017-04-18 18:15:00,L,1160.670529290447,True
2017-04-19 07:30:00,2017-04-19 09:00:00,L,-777.0073826053547,False
2017-04-19 10:15:00,2017-04-19 13:45:00,L,-774.6763604575386,False
2017-04-20 17:15:00,2017-04-20 17:30:00,L,-772.352331376166,False
2017-05-01 12:15:00,2017-05-01 12:30:00,S,-770.0352743820375,False
2017-05-01 13:00:00,2017-05-01 14:00:00,S,-767.7251685588914,False
2017-05-01 14:30:00,2017-05-01 15:45:00,S,3827.109965266074,True
2017-05-02 17:30:00,2017-05-02 19:00:00,S,-776.903322949013,False
2017-05-05 06:30:00,2017-05-05 12:15:00,S,-774.5726129801659,False
2017-05-08 08:30:00,2017-05-08 10:00:00,S,-772.2488951412254,False
2017-05-08 10:45:00,2017-05-08 13:45:00,S,3664.0477476778447,True
2017-05-10 08:30:00,2017-05-10 10:45:00,S,-780.9242916988352,False
2017-05-10 12:00:00,2017-05-10 17:30:00,S,3892.907594118693,True
2017-05-11 07:30:00,2017-05-11 10:00:00,S,-790.2602416060947,False
2017-05-11 13:00:00,2017-05-11 13:30:00,S,-787.8894608812765,False
2017-05-11 16:45:00,2017-05-11 19:00:00,S,-785.5257924986327,False
2017-05-11 22:00:00,2017-05-12 01:00:00,S,486.72160080511577,True
2017-05-18 07:30:00,2017-05-18 15:00:00,L,-784.6293799235522,False
2017-05-18 15:45:00,2017-05-18 17:30:00,L,-782.2754917837815,False
2017-05-18 19:30:00,2017-05-18 20:15:00,L,-779.9286653084301,False
2017-05-23 08:00:00,2017-05-23 08:15:00,L,-777.5888793125049,False
2017-05-23 14:30:00,2017-05-23 15:00:00,L,-775.2561126745674,False
2017-05-25 08:00:00,2017-05-25 10:00:00,L,-772.9303443365436,False
2017-05-25 12:00:00,2017-05-25 12:15:00,L,-770.611553303534,False
2017-05-25 14:15:00,2017-05-25 14:30:00,L,-768.2997186436234,False
2017-05-25 15:00:00,2017-05-25 23:00:00,L,390.4046493658207,True
2017-05-29 14:00:00,2017-05-29 23:45:00,L,1746.6480404393365,True
2017-05-30 08:00:00,2017-05-30 12:00:00,L,-772.4059775571079,False
2017-05-30 12:45:00,2017-05-30 16:45:00,L,870.0820351805761,True
2017-06-01 09:15:00,2017-06-01 09:30:00,L,-772.6990057299782,False
2017-06-01 10:15:00,2017-06-01 12:15:00,L,-770.3809087127884,False
2017-06-05 16:15:00,2017-06-05 20:15:00,L,273.6874389995676,True
2017-06-07 11:30:00,2017-06-07 11:45:00,L,-768.8908283036486,False
2017-06-07 12:15:00,2017-06-07 16:15:00,L,80.25700485952076,True
2017-06-07 19:30:00,2017-06-08 02:30:00,L,442.31770387982317,True
2017-06-08 07:15:00,2017-06-08 07:30:00,L,-768.1518799449557,False
2017-06-08 09:30:00,2017-06-08 11:30:00,L,-765.8474243051207,False
2017-06-08 12:00:00,2017-06-08 12:15:00,L,-763.5498820322053,False
2017-06-16 09:00:00,2017-06-16 09:15:00,S,-761.2592323861088,False
2017-06-16 12:15:00,2017-06-16 12:30:00,S,-758.9754546889504,False
2017-06-16 15:00:00,2017-06-16 18:00:00,S,1041.0578069096234,True
2017-06-20 08:15:00,2017-06-20 08:30:00,S,-759.8217017456126,False
2017-06-20 10:30:00,2017-06-20 11:30:00,S,3787.711183201878,True
2017-06-20 12:30:00,2017-06-20 14:00:00,S,3844.5268509499065,True
2017-06-21 07:45:00,2017-06-21 08:00:00,S,-780.438950742831,False
2017-06-21 09:15:00,2017-06-21 09:30:00,S,-778.0976338906025,False
2017-06-21 11:15:00,2017-06-21 14:00:00,S,3878.816704944654,True
2017-06-21 22:00:00,2017-06-21 22:15:00,S,-787.3997911037646,False
2017-06-26 13:15:00,2017-06-26 13:30:00,S,-785.0375917304534,False
2017-06-26 14:00:00,2017-06-26 14:15:00,S,-782.682478955262,False
2017-06-26 15:45:00,2017-06-26 16:00:00,S,-780.3344315183963,False
2017-06-27 19:30:00,2017-06-28 04:00:00,S,-777.9934282238412,False
2017-06-30 14:45:00,2017-06-30 17:45:00,S,682.9031012538874,True
2017-07-04 06:45:00,2017-07-04 09:45:00,S,987.6026483221751,True
2017-07-05 08:15:00,2017-07-05 10:00:00,S,3903.354825939489,True
2017-07-05 11:45:00,2017-07-05 15:30:00,S,-792.3810296657163,False
2017-07-05 17:15:00,2017-07-05 17:30:00,S,-790.0038865767192,False
2017-07-05 18:15:00,2017-07-05 18:45:00,S,-787.6338749169889,False
2017-07-05 20:00:00,2017-07-05 20:45:00,S,-785.270973292238,False
2017-07-06 18:00:00,2017-07-06 22:00:00,S,-782.9151603723612,False
2017-07-07 16:15:00,2017-07-07 20:15:00,S,-591.1634278656032,False
2017-07-10 13:30:00,2017-07-10 18:00:00,S,-778.7929246076474,False
2017-07-11 15:00:00,2017-07-11 15:15:00,S,-776.4565458338245,False
2017-07-12 06:30:00,2017-07-12 11:30:00,S,2844.360021607317,True
2017-07-14 06:15:00,2017-07-14 06:30:00,S,-782.6602562611449,False
2017-07-14 06:45:00,2017-07-14 08:45:00,S,-780.3122754923616,False
2017-07-19 07:15:00,2017-07-19 07:45:00,L,-777.9713386658844,False
2017-07-19 09:00:00,2017-07-19 12:00:00,L,2469.7513944475318,True
2017-07-19 14:45:00,2017-07-19 20:45:00,L,209.1771766274257,True
2017-07-20 11:45:00,2017-07-20 14:30:00,L,3918.3710518155576,True
2017-07-24 16:45:00,2017-07-24 17:15:00,L,-795.4293235185581,False
2017-07-25 07:45:00,2017-07-25 08:00:00,L,-793.0430355480025,False
2017-07-25 08:15:00,2017-07-25 08:30:00,L,-790.6639064413586,False
2017-07-25 09:00:00,2017-07-25 09:15:00,L,-788.2919147220344,False
2017-07-25 10:30:00,2017-07-25 12:00:00,L,-785.9270389778684,False
2017-07-27 06:30:00,2017-07-27 06:45:00,L,-783.5692578609348,False
2017-07-27 08:45:00,2017-07-27 13:45:00,L,60.11368444735477,True
2017-07-27 15:15:00,2017-07-27 15:30:00,L,-781.3988911406941,False
2017-07-27 16:30:00,2017-07-27 20:30:00,L,1532.2571561242985,True
2017-07-28 06:15:00,2017-07-28 06:30:00,L,-783.6514659356449,False
2017-07-28 11:45:00,2017-07-28 12:30:00,L,3906.5025576891903,True
2017-07-31 07:45:00,2017-07-31 12:45:00,L,684.3328731884537,True
2017-07-31 13:30:00,2017-07-31 23:30:00,L,567.2905307236368,True
2017-08-01 06:30:00,2017-08-01 06:45:00,L,-796.7748894226418,False
2017-08-01 07:15:00,2017-08-01 08:45:00,L,-794.3845647543739,False
2017-08-01 10:00:00,2017-08-01 10:15:00,L,-792.0014110601107,False
2017-08-01 10:45:00,2017-08-01 12:15:00,L,-789.6254068269304,False
2017-08-02 14:00:00,2017-08-02 17:00:00,L,979.0945102039361,True
2017-08-03 08:30:00,2017-08-03 11:30:00,L,1942.9187246178033,True
2017-08-04 11:15:00,2017-08-04 11:45:00,L,-796.022570310915,False
2017-08-09 11:15:00,2017-08-09 13:00:00,L,3968.172512999911,True
2017-08-10 17:45:00,2017-08-10 23:45:00,L,1395.2410973098467,True
2017-08-11 06:30:00,2017-08-11 06:45:00,L,-809.7247434309114,False
2017-08-11 07:00:00,2017-08-11 12:00:00,L,2101.617237581039,True
2017-08-14 06:30:00,2017-08-14 07:15:00,L,-813.6004209133619,False
2017-08-14 11:45:00,2017-08-14 15:45:00,L,3240.3974811466287,True
2017-08-17 11:45:00,2017-08-17 13:00:00,L,-820.8808120940616,False
2017-08-18 16:00:00,2017-08-18 16:15:00,L,-818.4181696577795,False
2017-08-18 17:00:00,2017-08-18 20:00:00,L,-10.144369998949442,False
2017-08-22 08:30:00,2017-08-22 12:30:00,L,282.57005771326885,True
2017-08-23 14:15:00,2017-08-23 15:30:00,L,-816.780192211949,False
2017-08-23 16:00:00,2017-08-23 20:00:00,L,1817.78974153272,True
2017-08-24 09:00:00,2017-08-24 13:45:00,L,4098.9161042995565,True
2017-08-24 16:00:00,2017-08-24 18:45:00,L,-832.0799691728099,False
2017-08-29 17:00:00,2017-08-29 19:00:00,L,-829.5837292652914,False
2017-08-29 20:00:00,2017-08-30 00:00:00,L,29.128667001142205,True
2017-08-30 08:15:00,2017-08-30 13:00:00,L,-827.1823640784988,False
2017-08-30 13:30:00,2017-08-30 13:45:00,L,-824.7008169862635,False
2017-08-30 14:15:00,2017-08-30 14:45:00,L,-822.2267145353046,False
2017-08-30 18:45:00,2017-08-30 22:45:00,L,312.52958884558706,True
2017-09-01 08:30:00,2017-09-01 08:45:00,L,-820.6976231582354,False
2017-09-01 11:00:00,2017-09-01 13:00:00,L,4091.1776514438034,True
2017-09-04 16:45:00,2017-09-04 22:00:00,L,-830.5090632430921,False
2017-09-05 10:30:00,2017-09-05 10:45:00,L,-828.0175360533627,False
2017-09-06 06:30:00,2017-09-06 06:45:00,L,-825.5334834452027,False
2017-09-06 14:30:00,2017-09-06 17:00:00,L,-823.0568829948671,False
2017-09-06 17:30:00,2017-09-06 23:30:00,L,-419.11038666220225,False
2017-09-08 10:15:00,2017-09-08 12:15:00,L,-819.3303811858959,False
2017-09-08 13:15:00,2017-09-08 13:45:00,L,-816.8723900423381,False
2017-09-08 14:15:00,2017-09-08 14:45:00,L,-814.4217728722111,False
2017-09-08 15:15:00,2017-09-08 19:15:00,L,718.9937690046996,True
2017-09-18 06:15:00,2017-09-18 11:15:00,S,2141.976320719333,True
2017-09-19 14:15:00,2017-09-19 18:45:00,S,-820.5614178227667,False
2017-09-20 06:45:00,2017-09-20 09:00:00,S,-818.0997335692982,False
2017-09-20 10:00:00,2017-09-20 12:45:00,S,4078.227171842952,True
2017-09-21 16:30:00,2017-09-21 22:30:00,S,699.1605711660392,True
2017-09-22 18:30:00,2017-09-22 19:00:00,S,-829.9775975976172,False
2017-09-25 15:00:00,2017-09-25 16:15:00,L,4137.438324024121,True
2017-09-27 16:45:00,2017-09-27 22:45:00,S,1752.0682738798273,True
2017-09-28 10:15:00,2017-09-28 10:30:00,S,-845.1561845985362,False
2017-09-28 11:45:00,2017-09-28 12:00:00,S,-842.6207160447407,False
2017-09-28 12:30:00,2017-09-28 17:00:00,S,-840.0928538966065,False
2017-09-28 18:00:00,2017-09-28 18:15:00,S,-837.5725753349166,False
2017-09-29 07:15:00,2017-09-29 07:30:00,S,-835.0598576089118,False
2017-09-29 08:00:00,2017-09-29 08:30:00,S,-832.5546780360851,False
2017-09-29 08:45:00,2017-09-29 11:00:00,S,-830.0570140019769,False
2017-10-02 10:15:00,2017-10-02 12:15:00,S,-827.5668429599708,False
2017-10-02 15:15:00,2017-10-02 15:45:00,S,-825.084142431091,False
2017-10-03 12:00:00,2017-10-03 12:15:00,S,-822.6088900037977,False
2017-10-03 15:30:00,2017-10-03 16:00:00,S,-820.1410633337862,False
2017-10-03 16:30:00,2017-10-03 20:30:00,S,2370.263537787262,True
2017-10-04 06:15:00,2017-10-04 09:15:00,S,1821.0775642800822,True
2017-10-04 13:15:00,2017-10-04 18:15:00,S,1060.4858749136365,True
2017-10-04 22:00:00,2017-10-05 06:00:00,S,-54.06893994381803,False
2017-10-05 11:45:00,2017-10-05 13:15:00,S,4166.369571274482,True
2017-10-06 08:45:00,2017-10-06 09:45:00,S,-845.7730229687198,False
2017-10-06 11:00:00,2017-10-06 12:30:00,S,-843.2357038998136,False
2017-10-11 07:30:00,2017-10-11 11:30:00,L,782.0764866867665,True
2017-10-11 15:45:00,2017-10-11 16:15:00,L,-843.0522262481745,False
2017-10-11 17:00:00,2017-10-11 17:45:00,L,-840.5230695694299,False
2017-10-11 18:15:00,2017-10-12 00:15:00,L,3265.059500762954,True
2017-10-12 11:15:00,2017-10-12 13:00:00,L,-847.7966788630105,False
2017-10-12 15:15:00,2017-10-12 19:15:00,L,386.5473928297946,True
2017-10-12 20:00:00,2017-10-13 04:00:00,L,2789.5500358078334,True
2017-10-13 08:45:00,2017-10-13 09:00:00,L,-854.7815811123344,False
2017-10-13 09:45:00,2017-10-13 10:45:00,L,-852.2172363689973,False
2017-10-13 12:45:00,2017-10-13 14:00:00,L,-849.6605846598903,False
2017-10-17 18:45:00,2017-10-18 00:45:00,S,248.2925452483343,True
2017-10-18 13:45:00,2017-10-18 17:45:00,S,628.0468334017859,True
2017-10-19 08:15:00,2017-10-19 10:00:00,S,-849.740621041861,False
2017-10-19 10:30:00,2017-10-19 12:15:00,S,-847.1913991787354,False
2017-10-19 12:45:00,2017-10-19 13:30:00,S,-844.6498249811992,False
2017-10-19 15:45:00,2017-10-19 22:00:00,S,-842.1158755062556,False
2017-10-20 15:00:00,2017-10-20 18:00:00,S,1908.1984203372401,True
2017-10-24 07:15:00,2017-10-24 07:30:00,S,-845.3141231407486,False
2017-10-24 19:15:00,2017-10-25 02:15:00,S,2647.347788417924,True
2017-10-25 12:30:00,2017-10-25 13:00:00,S,-850.7202241365801,False
2017-10-25 13:30:00,2017-10-25 16:00:00,S,-848.1680634641704,False
2017-10-25 16:45:00,2017-10-25 22:45:00,S,-404.8538291066718,False
2017-10-27 08:45:00,2017-10-27 13:45:00,S,967.3115361085013,True
2017-10-27 16:00:00,2017-10-29 23:00:00,S,-847.3109323947833,False
2017-11-03 12:45:00,2017-11-03 15:00:00,S,4223.844997987995,True
2017-11-06 10:45:00,2017-11-06 11:00:00,S,-857.4405345915629,False
2017-11-06 11:15:00,2017-11-06 11:45:00,S,-854.8682129877883,False
2017-11-06 12:15:00,2017-11-06 15:15:00,S,18.560627446294102,True
2017-11-09 17:15:00,2017-11-09 21:15:00,L,-715.4081699418657,False
2017-11-13 06:30:00,2017-11-13 09:00:00,S,-850.2130657213381,False
2017-11-13 09:45:00,2017-11-13 12:00:00,S,-847.6624265241742,False
2017-11-13 12:45:00,2017-11-13 15:30:00,S,-845.1194392446017,False
2017-11-13 18:30:00,2017-11-13 21:30:00,S,1133.3062746645567,True
2017-11-14 12:15:00,2017-11-14 13:45:00,L,-845.9839997508615,False
2017-11-14 14:15:00,2017-11-14 14:45:00,L,-843.4460477516088,False
2017-11-17 06:15:00,2017-11-17 07:15:00,L,-840.9157096083541,False
2017-11-17 07:45:00,2017-11-17 10:45:00,L,1913.2623543416826,True
2017-11-21 17:15:00,2017-11-21 17:30:00,S,-844.132749542554,False
2017-11-21 17:45:00,2017-11-21 20:45:00,S,2155.3286995614335,True
2017-11-23 06:30:00,2017-11-23 07:00:00,L,-848.0663373926108,False
2017-11-24 09:45:00,2017-11-24 10:00:00,L,-845.5221383804329,False
2017-11-24 11:45:00,2017-11-24 15:45:00,L,846.2059242160909,True
2017-11-24 18:00:00,2017-11-26 23:45:00,L,-845.5241897379398,False
2017-11-28 08:30:00,2017-11-28 08:45:00,L,-842.987617168726,False
2017-12-01 07:15:00,2017-12-01 08:00:00,S,-840.4586543172198,False
2017-12-01 09:45:00,2017-12-01 13:30:00,S,4189.68639177134,True
2017-12-01 16:45:00,2017-12-01 20:45:00,S,1525.8653700245143,True
2017-12-04 09:15:00,2017-12-04 10:30:00,S,-855.0839336396557,False
2017-12-05 13:15:00,2017-12-05 14:00:00,S,4262.593409193684,True
2017-12-06 06:45:00,2017-12-06 08:00:00,S,-865.3064620663179,False
2017-12-06 08:30:00,2017-12-06 10:30:00,S,-862.7105426801189,False
2017-12-06 10:45:00,2017-12-06 13:15:00,S,4300.612055260393,True
2017-12-08 06:30:00,2017-12-08 07:30:00,S,-873.0242472178599,False
2017-12-08 17:00:00,2017-12-08 20:00:00,S,-238.5501045302603,False
2017-12-11 07:45:00,2017-12-11 10:00:00,S,-869.6895241626155,False
2017-12-11 12:15:00,2017-12-11 12:30:00,S,-867.0804555901276,False
2017-12-12 08:15:00,2017-12-12 08:30:00,S,-864.4792142233572,False
2017-12-13 18:30:00,2017-12-13 18:45:00,S,-861.8857765806872,False
2017-12-22 14:00:00,2017-12-22 15:30:00,L,4296.500596254726,True
2017-12-26 09:45:00,2017-12-26 11:45:00,L,-872.1896210397093,False
2017-12-27 06:15:00,2017-12-27 09:00:00,L,4347.865260882951,True
2017-12-28 13:30:00,2017-12-28 20:30:00,L,3656.0951100904495,True
2017-12-29 06:45:00,2017-12-29 07:00:00,L,-893.5849332895103,False
2017-12-29 07:30:00,2017-12-29 07:45:00,L,-890.9041784896418,False
2018-01-02 12:15:00,2018-01-02 15:00:00,L,-888.2314659541729,False
2018-01-02 17:15:00,2018-01-02 19:45:00,L,4427.833857781552,True
2018-01-03 13:00:00,2018-01-03 16:00:00,L,1255.8607599148957,True
2018-01-03 19:30:00,2018-01-04 00:30:00,L,-360.7277372769526,False
2018-01-05 07:15:00,2018-01-05 07:45:00,L,-901.535672197569,False
2018-01-05 10:30:00,2018-01-05 11:00:00,L,-898.8310651809762,False
2018-01-05 12:00:00,2018-01-05 13:30:00,L,4480.672859927166,True
2018-01-08 07:30:00,2018-01-08 07:45:00,L,-909.5765905652148,False
2018-01-08 09:45:00,2018-01-08 10:45:00,L,4534.239303967595,True
2018-01-08 17:45:00,2018-01-09 00:45:00,L,604.9170846461428,True
2018-01-09 10:00:00,2018-01-09 10:15:00,L,-922.2653299593604,False
2018-01-10 16:00:00,2018-01-10 16:30:00,L,-919.4985339694824,False
2018-01-10 19:45:00,2018-01-10 21:15:00,L,-916.740038367574,False
2018-01-11 08:00:00,2018-01-11 13:00:00,L,2670.6864208663947,True
2018-01-12 15:15:00,2018-01-12 19:00:00,L,4610.009387575353,True
2018-01-15 09:15:00,2018-01-15 13:15:00,L,973.2545916526166,True
2018-01-16 06:30:00,2018-01-16 07:00:00,L,-938.7516694527544,False
2018-01-16 07:15:00,2018-01-16 09:00:00,L,-935.9354144443962,False
2018-01-16 09:45:00,2018-01-16 10:00:00,L,-933.1276082010629,False
2018-01-16 11:30:00,2018-01-16 14:00:00,L,-930.3282253764597,False
2018-01-16 15:15:00,2018-01-16 19:15:00,L,3178.094608869141,True
2018-01-17 09:15:00,2018-01-17 13:15:00,L,-937.0715245269378,False
2018-01-19 12:45:00,2018-01-19 13:00:00,L,-934.260309953357,False
2018-01-19 13:15:00,2018-01-19 15:45:00,L,-931.4575290234969,False
2018-01-19 16:30:00,2018-01-19 18:15:00,L,-928.6631564364263,False
2018-01-19 19:00:00,2018-01-19 19:30:00,L,-925.8771669671171,False
2018-01-22 13:30:00,2018-01-22 14:30:00,L,-923.0995354662157,False
2018-01-23 14:30:00,2018-01-23 17:30:00,L,3579.4988816813993,True
2018-01-25 07:30:00,2018-01-25 08:00:00,L,-931.0687335048613,False
2018-01-25 08:45:00,2018-01-25 14:15:00,L,-928.2755273043467,False
2018-01-25 15:15:00,2018-01-25 20:00:00,L,-925.4907007224338,False
2018-01-26 16:00:00,2018-01-26 19:15:00,L,-922.7142286202663,False
2018-02-02 06:30:00,2018-02-02 06:45:00,L,-919.9460859344056,False
2018-02-02 07:15:00,2018-02-02 09:00:00,L,-917.1862476766023,False
2018-02-02 12:00:00,2018-02-02 14:00:00,L,-914.4346889335725,False
2018-02-07 08:00:00,2018-02-07 11:00:00,S,1780.687851119588,True
2018-02-08 08:00:00,2018-02-08 08:15:00,S,-917.0334484201305,False
2018-02-08 15:15:00,2018-02-08 16:00:00,S,-914.2823480748701,False
2018-02-08 17:45:00,2018-02-09 02:45:00,S,598.5613047209267,True
2018-02-09 07:30:00,2018-02-09 13:30:00,S,2121.0167365484517,True
2018-02-09 17:30:00,2018-02-11 23:30:00,S,554.8191036617393,True
2018-02-12 16:45:00,2018-02-12 18:00:00,S,-921.3626924654388,False
2018-02-12 18:45:00,2018-02-12 21:45:00,S,601.6709398707519,True
2018-02-13 16:00:00,2018-02-13 17:15:00,L,-920.4036172076549,False
2018-02-14 06:45:00,2018-02-14 07:30:00,L,-917.6424063560319,False
2018-02-14 11:15:00,2018-02-14 11:45:00,L,-914.8894791369637,False
2018-02-14 12:15:00,2018-02-14 16:00:00,L,4560.7240534977645,True
2018-02-15 17:45:00,2018-02-15 23:45:00,L,2166.6824865827625,True
2018-02-16 14:00:00,2018-02-16 14:15:00,L,-932.3270303197945,False
2018-02-16 14:45:00,2018-02-16 18:30:00,L,-929.5300492288352,False
2018-02-19 06:15:00,2018-02-19 12:45:00,L,-926.7414590811487,False
2018-02-19 13:45:00,2018-02-19 14:00:00,L,-923.9612347039053,False
2018-02-20 14:45:00,2018-02-20 16:15:00,S,4605.946754998969,True
2018-02-21 10:30:00,2018-02-21 10:45:00,S,-935.0071912647907,False
2018-02-21 11:15:00,2018-02-21 13:45:00,S,-932.2021696909964,False
2018-02-21 14:45:00,2018-02-21 15:00:00,S,-929.4055631819234,False
2018-02-22 11:15:00,2018-02-22 13:00:00,S,-926.6173464923777,False
2018-02-22 13:30:00,2018-02-22 13:45:00,S,-923.8374944529006,False
2018-02-22 15:45:00,2018-02-22 17:15:00,S,-921.0659819695419,False
2018-02-22 18:00:00,2018-02-22 18:30:00,S,-918.3027840236333,False
2018-02-22 19:00:00,2018-02-22 19:30:00,S,-915.5478756715625,False
2018-02-23 13:30:00,2018-02-23 13:45:00,S,-912.8012320445476,False
2018-02-28 11:15:00,2018-02-28 12:00:00,S,-910.0628283484141,False
2018-02-28 12:30:00,2018-02-28 14:30:00,S,-907.3326398633689,False
2018-03-01 16:15:00,2018-03-01 16:30:00,S,-904.6106419437788,False
2018-03-01 18:00:00,2018-03-01 19:30:00,S,-901.8968100179475,False
2018-03-02 07:15:00,2018-03-02 07:30:00,S,-899.1911195878937,False
2018-03-02 13:00:00,2018-03-02 13:30:00,S,-896.49354622913,False
2018-03-02 14:45:00,2018-03-02 18:45:00,S,119.12596841663243,True
2018-03-06 08:30:00,2018-03-06 11:30:00,L,4470.807217478461,True
2018-03-09 07:30:00,2018-03-09 07:45:00,S,-907.5738651481278,False
2018-03-09 09:30:00,2018-03-09 10:45:00,S,-904.8511435526834,False
2018-03-09 11:00:00,2018-03-09 12:00:00,S,-902.1365901220253,False
2018-03-09 19:15:00,2018-03-11 22:00:00,S,-899.4301803516593,False
2018-03-14 12:30:00,2018-03-14 18:30:00,S,1308.9250286917145,True
2018-03-16 09:00:00,2018-03-16 09:15:00,S,-900.6586648966794,False
2018-03-16 11:30:00,2018-03-16 14:00:00,S,4489.783444509947,True
2018-03-19 11:00:00,2018-03-19 13:15:00,S,-911.4260392355193,False
2018-03-20 15:45:00,2018-03-20 16:00:00,S,-908.6917611178128,False
2018-03-20 16:30:00,2018-03-20 17:15:00,S,-905.9656858344592,False
2018-03-22 07:15:00,2018-03-22 09:30:00,L,-903.2477887769559,False
2018-03-22 10:45:00,2018-03-22 11:00:00,L,-900.538045410625,False
2018-03-22 12:30:00,2018-03-22 12:45:00,L,-897.8364312743931,False
2018-03-22 17:30:00,2018-03-23 00:30:00,L,3320.8860470386376,True
2018-03-26 09:00:00,2018-03-26 12:00:00,L,1005.1459849728822,True
2018-03-27 14:30:00,2018-03-27 18:30:00,L,807.9583171426426,True
2018-03-29 06:15:00,2018-03-29 09:15:00,S,1153.4523531273894,True
2018-03-29 11:45:00,2018-03-29 15:30:00,S,4570.026250437074,True
2018-03-29 18:30:00,2018-03-29 20:00:00,S,-927.715328838726,False
2018-04-03 06:15:00,2018-04-03 07:15:00,L,-924.9321828522098,False
2018-04-03 08:30:00,2018-04-03 09:30:00,L,-922.1573863036531,False
2018-04-03 11:00:00,2018-04-03 13:15:00,L,-919.3909141447422,False
2018-04-06 12:45:00,2018-04-06 16:45:00,L,1850.9321608765954,True
2018-04-11 19:15:00,2018-04-12 05:00:00,L,-922.1855378849376,False
2018-04-12 08:30:00,2018-04-12 08:45:00,L,-919.4189812712827,False
2018-04-12 10:15:00,2018-04-12 10:30:00,L,-916.660724327469,False
2018-04-12 11:00:00,2018-04-12 12:15:00,L,-913.9107421544865,False
2018-04-16 09:15:00,2018-04-16 10:00:00,L,-911.1690099280231,False
2018-04-16 10:30:00,2018-04-16 10:45:00,L,-908.4355028982391,False
2018-04-16 11:45:00,2018-04-16 12:00:00,L,-905.7101963895444,False
2018-04-17 12:30:00,2018-04-17 12:45:00,L,-902.9930658003758,False
2018-04-17 13:30:00,2018-04-17 17:30:00,L,3867.6711358742336,True
2018-04-18 19:30:00,2018-04-19 00:30:00,L,1638.9010091903901,True
2018-04-24 06:45:00,2018-04-24 09:00:00,S,-916.8038030381683,False
2018-04-24 15:45:00,2018-04-24 16:15:00,S,-914.053391629054,False
2018-04-24 17:15:00,2018-04-24 17:30:00,S,-911.3112314541668,False
2018-04-24 19:30:00,2018-04-24 23:30:00,S,-726.1015882571908,False
2018-04-26 06:15:00,2018-04-26 06:30:00,S,-906.3989929950326,False
2018-04-27 08:15:00,2018-04-27 10:30:00,S,-903.6797960160475,False
2018-04-30 00:00:00,2018-04-30 04:00:00,S,1196.6162938203306,True
2018-04-30 19:45:00,2018-04-30 23:45:00,S,796.5571210517396,True
2018-05-02 07:45:00,2018-05-02 11:45:00,S,834.7023921521819,True
2018-05-03 06:15:00,2018-05-03 06:30:00,S,-909.452384049072,False
2018-05-03 08:00:00,2018-05-03 08:30:00,S,-906.7240268969248,False
2018-05-03 19:30:00,2018-05-04 01:30:00,S,514.315692466633,True
2018-05-09 11:45:00,2018-05-09 14:00:00,S,-905.5468018936339,False
2018-05-16 06:30:00,2018-05-16 06:45:00,S,-902.830161487953,False
2018-05-16 07:45:00,2018-05-16 09:15:00,S,4500.608355017445,True
2018-05-16 19:15:00,2018-05-17 02:00:00,S,-913.6234960685414,False
2018-05-18 06:45:00,2018-05-18 07:00:00,S,-910.8826255803358,False
2018-05-18 07:30:00,2018-05-18 09:45:00,S,4540.749888517974,True
2018-05-18 14:00:00,2018-05-18 14:15:00,S,-921.7722273691486,False
2018-05-18 15:45:00,2018-05-18 19:00:00,S,-919.0069106870412,False
2018-05-18 19:45:00,2018-05-21 01:45:00,S,2024.1540905259897,True
2018-05-21 15:00:00,2018-05-21 15:30:00,S,-922.3223522265581,False
2018-05-21 17:45:00,2018-05-21 18:00:00,S,-919.5553851698785,False
2018-05-21 18:30:00,2018-05-21 18:45:00,S,-916.7967190143689,False
2018-05-22 13:00:00,2018-05-22 13:30:00,S,-914.0463288573259,False
2018-05-23 12:15:00,2018-05-23 17:45:00,S,4556.5209493537695,True
2018-06-04 07:45:00,2018-06-04 10:30:00,S,-924.9737527188151,False
2018-06-04 13:45:00,2018-06-04 17:45:00,S,2321.366614961902,True
2018-06-05 10:30:00,2018-06-05 12:00:00,S,-929.1629313055444,False
2018-06-05 12:45:00,2018-06-05 13:00:00,S,-926.3754425116277,False
2018-06-05 13:45:00,2018-06-05 16:00:00,S,-923.5963161840929,False
2018-06-06 09:15:00,2018-06-06 11:45:00,S,-920.8255272355406,False
2018-06-06 17:30:00,2018-06-06 22:30:00,S,58.66925551225301,True
2018-06-12 11:00:00,2018-06-12 12:15:00,S,4591.195292101854,True
2018-06-13 09:15:00,2018-06-13 12:15:00,S,-932.0126442966764,False
2018-06-14 17:30:00,2018-06-14 17:45:00,L,-929.2166063637864,False
2018-06-14 18:45:00,2018-06-15 00:00:00,L,-926.428956544695,False
2018-06-18 09:45:00,2018-06-18 14:45:00,S,1989.1674063453715,True
2018-06-20 15:15:00,2018-06-20 18:30:00,S,4648.085859470486,True
2018-06-21 20:00:00,2018-06-22 01:00:00,S,-943.5614294725086,False
2018-06-22 07:00:00,2018-06-22 11:00:00,S,950.7199467429988,True
2018-06-25 10:15:00,2018-06-25 11:30:00,S,-943.58290502432,False
2018-06-25 12:30:00,2018-06-25 16:30:00,S,2845.717827982298,True
2018-06-25 19:15:00,2018-06-26 00:15:00,S,1004.4097732400355,True
2018-06-26 16:15:00,2018-06-26 19:15:00,S,1761.7185225054332,True
2018-06-27 12:15:00,2018-06-27 17:15:00,S,2693.283895992428,True
2018-06-28 11:15:00,2018-06-28 12:30:00,S,-965.6675463684074,False
2018-06-28 13:00:00,2018-06-28 17:00:00,S,2573.2008865317184,True
2018-06-29 06:45:00,2018-06-29 10:45:00,S,669.8148933952107,True
2018-06-29 14:45:00,2018-06-29 15:15:00,S,-972.4995910690832,False
2018-06-29 16:15:00,2018-06-29 16:45:00,S,-969.582092295876,False
2018-06-29 17:15:00,2018-06-29 20:15:00,S,1017.6689538574827,True
2018-07-02 12:30:00,2018-07-02 12:45:00,S,-969.726352880561,False
2018-07-03 07:30:00,2018-07-03 07:45:00,S,-966.8171738219194,False
2018-07-03 08:30:00,2018-07-03 08:45:00,S,-963.9167223004536,False
2018-07-03 10:30:00,2018-07-03 12:00:00,S,-961.0249721335522,False
2018-07-10 14:00:00,2018-07-10 14:15:00,S,-958.1418972171515,False
2018-07-11 07:00:00,2018-07-11 07:30:00,S,-955.2674715255001,False
2018-07-11 08:30:00,2018-07-11 12:00:00,S,4762.008345554617,True
2018-07-12 08:45:00,2018-07-12 11:45:00,S,860.5173350128058,True
2018-07-12 15:00:00,2018-07-12 15:30:00,S,-969.2692461526258,False
2018-07-12 17:15:00,2018-07-12 18:00:00,S,-966.361438414168,False
2018-07-16 06:30:00,2018-07-16 14:15:00,S,4817.311770494627,True
2018-07-16 18:30:00,2018-07-16 19:15:00,S,-977.9142894104094,False
2018-07-17 06:15:00,2018-07-17 06:30:00,S,-974.9805465421782,False
2018-07-17 11:15:00,2018-07-17 13:00:00,S,4860.278024512759,True
2018-07-18 15:15:00,2018-07-18 17:00:00,S,-986.6364389760901,False
2018-07-19 15:30:00,2018-07-19 17:00:00,S,-983.6765296591617,False
2018-07-19 17:30:00,2018-07-19 17:45:00,S,-980.7255000701844,False
2018-07-19 20:00:00,2018-07-20 04:00:00,S,1538.021530446738,True
2018-07-20 07:30:00,2018-07-20 08:00:00,S,-982.3973881613139,False
2018-07-20 08:45:00,2018-07-20 13:00:00,S,-979.4501959968298,False
2018-07-20 13:30:00,2018-07-20 17:15:00,S,-976.5118454088393,False
2018-07-24 08:30:00,2018-07-24 10:00:00,S,-973.5823098726129,False
2018-07-24 12:45:00,2018-07-24 13:00:00,S,-970.661562942995,False
2018-07-24 15:15:00,2018-07-24 22:15:00,S,2197.5037722615193,True
2018-07-27 07:15:00,2018-07-27 07:30:00,S,-974.3420895709504,False
2018-07-27 07:45:00,2018-07-27 08:15:00,S,4857.095316511188,True
2018-07-27 13:45:00,2018-07-27 14:00:00,S,-985.9903492517711,False
2018-07-27 15:15:00,2018-07-27 15:30:00,S,-983.0323782040158,False
2018-07-27 17:15:00,2018-07-29 22:15:00,S,1288.2490100954292,True
2018-07-30 08:30:00,2018-07-30 09:00:00,S,-983.9480280996901,False
2018-07-30 10:30:00,2018-07-30 11:00:00,S,-980.9961840153911,False
2018-07-30 15:00:00,2018-07-30 18:00:00,S,1865.8694891554776,True
2018-07-31 06:15:00,2018-07-31 07:00:00,S,-983.6508039308113,False
2018-07-31 07:15:00,2018-07-31 12:30:00,S,-980.6998515190188,False
2018-08-01 08:45:00,2018-08-01 15:00:00,S,4888.788759822309,True
2018-08-01 18:30:00,2018-08-02 02:30:00,S,48.38658249359081,True
2018-08-07 07:30:00,2018-08-07 08:15:00,S,-992.5692779914095,False
2018-08-07 12:30:00,2018-08-07 16:30:00,S,2088.698010668353,True
2018-08-10 17:15:00,2018-08-12 23:00:00,S,-995.8576641894402,False
2018-08-13 06:30:00,2018-08-13 10:00:00,S,4964.35045598436,True
2018-08-14 06:45:00,2018-08-14 11:45:00,S,710.8404528701451,True
2018-08-14 12:30:00,2018-08-14 12:45:00,S,-1009.8956639234354,False
2018-08-14 13:15:00,2018-08-14 13:30:00,S,-1006.8659769316653,False
2018-08-14 14:15:00,2018-08-14 14:30:00,S,-1003.8453790008703,False
2018-08-14 17:15:00,2018-08-14 23:15:00,S,-391.02836002463414,False
2018-08-16 07:15:00,2018-08-16 07:30:00,S,-999.6607577837938,False
2018-08-16 10:30:00,2018-08-16 11:15:00,S,-996.6617755104425,False
2018-08-16 13:00:00,2018-08-16 13:30:00,S,-993.671790183911,False
2018-08-16 15:00:00,2018-08-16 15:15:00,S,-990.6907748133592,False
2018-08-16 15:30:00,2018-08-16 19:30:00,S,3749.437216386243,True
2018-08-17 08:30:00,2018-08-17 12:30:00,S,759.2178377306856,True
2018-08-17 15:00:00,2018-08-17 15:15:00,S,-1001.2446676512701,False
2018-08-17 15:45:00,2018-08-17 18:45:00,S,-998.2409336483163,False
2018-08-20 08:15:00,2018-08-20 11:15:00,S,367.5100909165331,True
2018-08-23 13:00:00,2018-08-23 14:00:00,S,-996.348741120121,False
2018-08-27 09:45:00,2018-08-27 11:00:00,L,-993.3596948967606,False
2018-08-30 14:00:00,2018-08-30 14:15:00,S,-990.3796158120703,False
2018-09-03 09:30:00,2018-09-03 15:30:00,S,1378.7902096349876,True
2018-09-05 17:00:00,2018-09-05 17:15:00,S,-991.5448475935389,False
2018-09-07 12:45:00,2018-09-07 13:30:00,S,-988.5702130507583,False
2018-09-10 08:15:00,2018-09-10 09:15:00,S,-985.6045024116061,False
2018-09-10 09:45:00,2018-09-10 14:00:00,S,-982.6476889043712,False
2018-09-10 14:45:00,2018-09-10 18:45:00,S,869.1221864501813,True
2018-09-11 06:15:00,2018-09-11 06:30:00,S,-982.3071123970086,False
2018-09-11 09:00:00,2018-09-11 12:00:00,S,931.335728242683,True
2018-09-11 19:45:00,2018-09-11 20:00:00,S,-982.1541982445458,False
2018-09-17 07:30:00,2018-09-17 07:45:00,S,-979.2077356498121,False
2018-09-17 11:15:00,2018-09-17 11:30:00,S,-976.2701124428626,False
2018-09-18 07:15:00,2018-09-18 07:30:00,S,-973.341302105534,False
2018-09-19 18:15:00,2018-09-19 19:30:00,L,-970.4212781992175,False
2018-09-20 10:15:00,2018-09-20 13:00:00,L,4837.550071823099,True
2018-09-20 17:15:00,2018-09-20 17:45:00,L,-982.0226645800891,False
2018-09-24 07:30:00,2018-09-24 08:00:00,S,-979.0765965863488,False
2018-09-24 17:15:00,2018-09-24 20:15:00,S,1071.207498488439,True
2018-09-25 06:30:00,2018-09-25 06:45:00,S,-979.3529892920551,False
2018-09-25 10:30:00,2018-09-25 12:00:00,S,-976.414930324179,False
2018-09-25 12:30:00,2018-09-25 18:30:00,S,100.95213621993948,True
2018-09-27 06:15:00,2018-09-27 08:00:00,S,-973.7885419418662,False
2018-09-28 13:30:00,2018-09-28 13:45:00,S,-970.8671763160407,False
2018-09-28 18:30:00,2018-10-01 01:30:00,S,2729.538838993843,True
2018-10-01 17:30:00,2018-10-01 18:30:00,S,-976.1431913040741,False
2018-10-02 12:15:00,2018-10-02 12:45:00,L,4866.073808650809,True
2018-10-02 19:30:00,2018-10-03 01:30:00,L,3022.32266106693,True
2018-10-04 06:15:00,2018-10-04 08:00:00,L,4984.399755696576,True
2018-10-04 19:00:00,2018-10-05 00:00:00,L,109.92961954878847,True
2018-10-05 07:30:00,2018-10-05 09:30:00,L,5060.814696325257,True
2018-10-05 17:00:00,2018-10-08 02:00:00,L,-1027.3453833540273,False
2018-10-09 06:15:00,2018-10-09 11:00:00,S,5121.316736019825,True
2018-10-11 07:15:00,2018-10-11 11:00:00,L,5198.136487060123,True
2018-10-12 08:15:00,2018-10-12 08:30:00,L,-1055.2217068732048,False
2018-10-12 08:45:00,2018-10-12 12:00:00,L,5260.280208762925,True
2018-10-12 16:30:00,2018-10-12 20:30:00,L,-1067.836882378874,False
2018-10-15 13:30:00,2018-10-15 17:30:00,L,-288.8593161225894,False
2018-10-15 18:15:00,2018-10-15 18:45:00,L,-1063.7667937833694,False
2018-10-17 20:00:00,2018-10-17 20:15:00,L,-1060.5754934020194,False
2018-10-18 07:45:00,2018-10-18 12:45:00,L,3768.037642457637,True
2018-10-19 11:00:00,2018-10-19 13:30:00,L,-1068.6978798491864,False
2018-10-19 15:00:00,2018-10-19 15:15:00,L,-1065.4917862096388,False
2018-10-19 15:45:00,2018-10-19 17:15:00,L,-1062.2953108510098,False
2018-10-19 18:00:00,2018-10-21 23:00:00,L,1251.8637097531914,True
2018-10-22 06:15:00,2018-10-22 06:45:00,L,-1062.8640160477164,False
2018-10-23 15:45:00,2018-10-23 17:00:00,L,-1059.6754239995732,False
2018-10-23 17:30:00,2018-10-23 18:15:00,L,-1056.4963977275745,False
2018-10-23 19:30:00,2018-10-24 00:30:00,L,751.1635525733365,True
2018-10-24 06:45:00,2018-10-24 08:30:00,L,-1055.5803991921118,False
2018-10-24 11:00:00,2018-10-24 11:30:00,L,-1052.4136579945357,False
2018-10-24 14:15:00,2018-10-24 14:45:00,L,-1049.256417020552,False
2018-10-24 18:15:00,2018-10-25 02:15:00,L,4045.602895013883,True
2018-10-25 09:00:00,2018-10-25 09:45:00,L,-1058.245456454532,False
2018-10-25 15:30:00,2018-10-25 19:30:00,L,309.0181372347221,True
2018-10-26 07:15:00,2018-10-26 12:30:00,L,-1055.9977744968726,False
2018-10-31 11:45:00,2018-10-31 13:30:00,S,5264.148905866909,True
2018-11-02 15:30:00,2018-11-02 15:45:00,L,-1068.6222278909827,False
2018-11-02 17:15:00,2018-11-05 01:15:00,L,639.9385700735037,True
2018-11-05 06:30:00,2018-11-05 06:45:00,L,-1067.33617691753,False
2018-11-05 07:15:00,2018-11-05 09:30:00,L,-1064.1341683867777,False
2018-11-05 12:30:00,2018-11-05 12:45:00,L,-1060.9417658816174,False
2018-11-05 17:00:00,2018-11-06 02:00:00,L,700.8029157974711,True
2018-11-09 08:30:00,2018-11-09 12:30:00,S,3070.1954939997154,True
2018-11-13 15:00:00,2018-11-13 15:45:00,S,-1069.071935813364,False
2018-11-13 20:00:00,2018-11-13 20:45:00,S,-1065.8647200059238,False
2018-11-19 07:15:00,2018-11-19 07:30:00,L,-1062.667125845906,False
2018-11-20 10:30:00,2018-11-20 15:00:00,L,-1059.4791244683684,False
2018-11-20 15:30:00,2018-11-20 18:00:00,L,-1056.3006870949632,False
2018-11-20 18:45:00,2018-11-20 19:15:00,L,-1053.1317850336784,False
2018-11-20 19:30:00,2018-11-20 23:30:00,L,987.1302156795365,True
2018-11-23 08:00:00,2018-11-23 08:30:00,L,-1052.933780325616,False
2018-11-26 11:45:00,2018-11-26 15:00:00,L,-1049.7749789846391,False
2018-11-29 20:00:00,2018-11-30 00:00:00,L,126.30917277443913,True
2018-11-30 08:30:00,2018-11-30 09:15:00,L,-1047.0045815660085,False
2018-12-04 15:45:00,2018-12-04 16:00:00,L,-1043.8635678213104,False
2018-12-04 16:15:00,2018-12-05 00:15:00,L,-912.1458028195221,False
2018-12-05 06:30:00,2018-12-05 07:30:00,L,-1037.995539709388,False
2018-12-05 09:00:00,2018-12-05 18:00:00,L,3055.8910629635243,True
2018-12-05 20:00:00,2018-12-06 01:00:00,L,4397.568329523986,True
2018-12-06 08:45:00,2018-12-06 11:45:00,L,1008.1054698668536,True
2018-12-10 07:15:00,2018-12-10 07:30:00,L,-1060.2662476773226,False
2018-12-10 07:45:00,2018-12-10 09:00:00,L,-1057.0854489342905,False
2018-12-10 11:15:00,2018-12-10 11:45:00,L,-1053.9141925874876,False
2018-12-10 13:45:00,2018-12-10 18:00:00,L,-1050.7524500097252,False
2018-12-10 19:30:00,2018-12-10 23:30:00,L,1683.5178196094673,True
2018-12-11 11:30:00,2018-12-11 13:00:00,L,-1052.6507461185245,False
2018-12-11 14:45:00,2018-12-11 15:00:00,L,-1049.4927938801688,False
2018-12-11 15:45:00,2018-12-11 16:00:00,L,-1046.3443154985284,False
2018-12-11 16:15:00,2018-12-11 16:30:00,L,-1043.2052825520327,False
2018-12-11 17:00:00,2018-12-11 18:15:00,L,-1040.0756667043765,False
2018-12-12 08:15:00,2018-12-12 11:15:00,L,1512.967045970553,True
2018-12-12 12:30:00,2018-12-12 15:30:00,L,4113.0254084874605,True
2018-12-12 18:00:00,2018-12-12 18:15:00,L,-1053.8334170676376,False
2018-12-12 19:30:00,2018-12-12 23:30:00,L,1841.7098083208857,True
2018-12-18 07:15:00,2018-12-18 09:45:00,L,5280.985231206987,True
2018-12-18 14:45:00,2018-12-18 19:45:00,L,2756.8553058337498,True
2018-12-21 07:00:00,2018-12-21 13:00:00,L,473.0256923601147,True
2018-12-21 14:30:00,2018-12-21 14:45:00,L,-1081.7296449296,False
2018-12-21 16:15:00,2018-12-21 16:30:00,L,-1078.4844559948112,False
2018-12-21 19:15:00,2018-12-24 00:00:00,L,5376.245013134134,True
2018-12-24 10:30:00,2018-12-24 10:45:00,L,-1091.3777376662292,False
2018-12-24 11:15:00,2018-12-24 15:00:00,L,5440.518022266152,True
2018-12-26 10:30:00,2018-12-26 12:00:00,L,-1104.4251585200288,False
2018-12-26 12:45:00,2018-12-26 14:00:00,L,5505.559415222344,True
2018-12-27 08:00:00,2018-12-27 08:30:00,L,5588.142806450679,True
2018-12-28 13:45:00,2018-12-28 18:45:00,L,2166.2484184756117,True
2018-12-31 14:00:00,2018-12-31 15:15:00,L,-1140.8917349649146,False
2018-12-31 16:00:00,2018-12-31 18:15:00,L,-1137.46905976002,False
2019-01-02 15:00:00,2019-01-02 18:00:00,L,355.9652424713565,True
2019-01-02 19:30:00,2019-01-02 23:00:00,L,5675.622741540769,True
2019-01-04 15:15:00,2019-01-04 18:15:00,L,1293.7590444090833,True
2019-01-07 16:00:00,2019-01-07 16:15:00,L,-1156.0326936660035,False
2019-01-07 17:00:00,2019-01-07 20:00:00,L,754.4554778228552,True
2019-01-09 12:45:00,2019-01-09 15:00:00,L,5774.13981009237,True
2019-01-10 11:00:00,2019-01-10 13:30:00,L,-1172.1503814487512,False
2019-01-11 10:15:00,2019-01-11 14:00:00,L,-1168.633930304405,False
2019-01-11 14:45:00,2019-01-11 17:45:00,L,1245.1837948496352,True
2019-01-14 16:30:00,2019-01-14 23:30:00,L,1673.6029848224723,True
2019-01-15 09:00:00,2019-01-15 09:15:00,L,-1173.8843888525082,False
2019-01-15 10:00:00,2019-01-15 14:00:00,L,6770.32206452175,True
2019-01-15 17:15:00,2019-01-15 17:30:00,L,-1190.6737018795156,False
2019-01-15 19:15:00,2019-01-16 06:15:00,L,3614.8489395850247,True
2019-01-16 12:15:00,2019-01-16 12:30:00,L,-1197.9462275926323,False
2019-01-16 12:45:00,2019-01-16 16:00:00,L,5971.761944549272,True
2019-01-16 19:45:00,2019-01-17 01:45:00,L,3204.586247242722,True
2019-01-28 08:00:00,2019-01-28 08:15:00,L,-1221.8814334852302,False
2019-01-28 09:15:00,2019-01-28 09:30:00,L,-1218.2157891847746,False
2019-01-28 10:15:00,2019-01-28 10:45:00,L,-1214.5611418172202,False
2019-01-28 12:45:00,2019-01-28 14:00:00,L,-1210.9174583917684,False
2019-01-28 14:45:00,2019-01-28 21:45:00,L,3802.745649203976,True
2019-01-30 13:45:00,2019-01-30 14:00:00,L,-1218.692942964205,False
2019-01-30 14:30:00,2019-01-30 18:30:00,L,94.01310269071935,True
2019-01-30 21:00:00,2019-01-31 05:00:00,L,561.8293594815119,True
2019-01-31 19:00:00,2019-02-01 01:00:00,L,1687.57718380241,True
2019-02-01 06:30:00,2019-02-01 06:45:00,L,-1222.0671230732364,False
2019-02-01 08:15:00,2019-02-01 08:45:00,L,-1218.4009217040168,False
2019-02-01 17:00:00,2019-02-01 21:00:00,L,810.8928987894082,True
2019-02-04 08:00:00,2019-02-04 08:15:00,L,-1217.178397635273,False
2019-02-05 11:15:00,2019-02-05 18:15:00,L,2285.0288219008357,True
2019-02-08 09:00:00,2019-02-08 09:15:00,L,-1220.3819489080697,False
2019-02-11 06:15:00,2019-02-11 08:00:00,L,-1216.7208030613456,False
2019-02-12 16:30:00,2019-02-12 19:30:00,L,1246.0004716255837,True
2019-02-13 14:15:00,2019-02-13 14:30:00,L,6084.043210335192,True
2019-02-15 16:30:00,2019-02-15 18:45:00,L,6175.30385849022,True
2019-02-18 07:00:00,2019-02-18 07:45:00,L,-1253.5866832735144,False
2019-02-18 08:15:00,2019-02-18 12:15:00,L,6249.12961611847,True
2019-02-20 09:15:00,2019-02-20 14:15:00,L,2426.1513421078757,True
2019-02-20 19:45:00,2019-02-21 02:00:00,L,-1275.851766098373,False
2019-02-21 07:15:00,2019-02-21 09:00:00,L,-1272.0242108000778,False
2019-02-21 10:15:00,2019-02-21 14:45:00,L,-1268.2081381676776,False
2019-02-21 15:15:00,2019-02-21 17:00:00,L,-1264.4035137531746,False
2019-02-22 13:30:00,2019-02-22 16:30:00,L,6303.051516059576,True
2019-02-25 10:15:00,2019-02-25 10:30:00,L,-1279.519457760094,False
2019-02-28 08:00:00,2019-02-28 08:15:00,S,-1275.6808993868135,False
2019-03-01 15:15:00,2019-03-01 16:45:00,S,6359.2692834432655,True
2019-03-04 17:30:00,2019-03-05 01:30:00,S,2059.094062614166,True
2019-03-05 13:30:00,2019-03-05 15:30:00,S,6485.544733634126,True
2019-03-06 09:00:00,2019-03-06 13:00:00,S,835.384442680582,True
2019-03-07 10:30:00,2019-03-07 10:45:00,S,-1319.0717342557693,False
2019-03-07 13:00:00,2019-03-07 18:00:00,S,2592.0522013394643,True
2019-03-11 13:45:00,2019-03-11 17:45:00,S,5067.644558616992,True
2019-03-19 08:15:00,2019-03-19 13:00:00,L,6690.468046664357,True
2019-03-19 17:45:00,2019-03-19 20:00:00,L,-1358.1650134728645,False
2019-03-20 10:15:00,2019-03-20 14:45:00,L,-1354.090518432446,False
2019-03-20 18:15:00,2019-03-21 01:15:00,L,986.6773079427577,True
2019-03-21 10:15:00,2019-03-21 10:30:00,L,-1352.988278800977,False
2019-03-21 11:15:00,2019-03-21 13:45:00,L,-1348.929313964574,False
2019-03-21 15:30:00,2019-03-21 18:00:00,L,-1344.8825260226804,False
2019-03-21 19:30:00,2019-03-22 01:00:00,L,-1340.8478784446124,False
2019-03-22 12:45:00,2019-03-22 20:45:00,L,2075.285481505798,True
2019-03-26 06:15:00,2019-03-26 06:45:00,L,-1343.0511912537959,False
2019-03-26 08:15:00,2019-03-26 08:30:00,L,-1339.0220376800346,False
2019-03-26 12:15:00,2019-03-26 16:15:00,L,-488.8696263703486,False
2019-03-27 06:15:00,2019-03-27 12:30:00,L,-1333.5383626878834,False
2019-03-28 06:30:00,2019-03-28 08:30:00,S,6647.6887379990985,True
2019-03-29 09:45:00,2019-03-29 10:15:00,S,-1349.4808138138171,False
2019-03-29 10:45:00,2019-03-29 14:00:00,S,-1345.4323713723757,False
2019-03-29 14:30:00,2019-03-31 22:30:00,S,2050.4554201303126,True
2019-04-01 10:00:00,2019-04-01 19:00:00,S,4538.877342902933,True
2019-04-02 06:30:00,2019-04-02 09:30:00,S,1578.8414144934013,True
2019-04-02 10:15:00,2019-04-02 11:15:00,S,-1365.9005967908386,False
2019-04-02 11:45:00,2019-04-02 14:00:00,S,-1361.8028950004662,False
2019-04-02 14:45:00,2019-04-02 15:15:00,S,-1357.7174863154648,False
2019-04-02 15:45:00,2019-04-02 17:00:00,S,-1353.6443338565184,False
2019-04-03 11:30:00,2019-04-03 12:15:00,S,-1349.5834008549489,False
2019-04-03 16:45:00,2019-04-03 19:45:00,S,827.1544805168686,True
2019-04-04 06:15:00,2019-04-04 06:30:00,S,-1348.0161140939344,False
2019-04-04 07:00:00,2019-04-04 10:00:00,S,4346.984150340617,True
2019-04-04 15:45:00,2019-04-04 16:30:00,S,-1357.0130182026744,False
2019-04-05 09:15:00,2019-04-05 09:30:00,S,-1352.9419791480664,False
2019-04-05 11:00:00,2019-04-05 12:15:00,S,-1348.8831532106221,False
2019-04-05 17:30:00,2019-04-07 23:00:00,S,-1344.8365037509905,False
2019-04-09 20:00:00,2019-04-10 01:00:00,L,-1340.8019942397373,False
2019-04-12 07:15:00,2019-04-12 12:00:00,S,-1336.779588257018,False
2019-04-12 12:45:00,2019-04-12 16:45:00,S,1349.9746713997301,True
2019-04-15 17:30:00,2019-04-15 20:30:00,S,634.1030041866946,True
2019-04-16 08:15:00,2019-04-16 12:15:00,S,838.826342249755,True
2019-04-17 09:15:00,2019-04-17 12:15:00,S,46.59387196617335,True
2019-04-18 09:45:00,2019-04-18 15:45:00,S,2990.01056338475,True
2019-04-22 06:30:00,2019-04-22 08:45:00,S,-1350.3477748518085,False
2019-04-22 11:30:00,2019-04-22 13:00:00,S,6731.483657636264,True
2019-04-23 17:15:00,2019-04-24 00:15:00,S,778.6458454854688,True
2019-04-24 07:00:00,2019-04-24 07:45:00,S,-1368.8271200366182,False
2019-04-24 12:30:00,2019-04-24 12:45:00,S,-1364.720638676508,False
2019-04-24 14:45:00,2019-04-24 16:00:00,S,-1360.6264767604787,False
2019-04-24 16:45:00,2019-04-24 17:15:00,S,-1356.5445973301973,False
2019-04-24 18:30:00,2019-04-25 03:30:00,S,-288.6669737024141,False
2019-05-01 18:45:00,2019-05-01 23:00:00,S,-1351.6089626170992,False
2019-05-02 15:00:00,2019-05-02 15:30:00,S,-1347.554135729248,False
2019-05-02 18:45:00,2019-05-02 23:45:00,S,1598.5124944342374,True
2019-05-08 14:15:00,2019-05-08 18:15:00,S,4650.293379966801,True
2019-05-14 06:30:00,2019-05-14 06:45:00,L,-1362.2578909452634,False
2019-05-14 09:45:00,2019-05-14 11:00:00,L,-1358.1711172724276,False
2019-05-14 11:45:00,2019-05-14 14:15:00,L,-1354.0966039206105,False
2019-05-14 15:15:00,2019-05-14 15:30:00,L,-1350.0343141088485,False
2019-05-14 17:15:00,2019-05-15 01:15:00,L,2494.618847418048,True
2019-05-15 06:30:00,2019-05-15 06:45:00,L,-1353.4680677087763,False
2019-05-15 07:15:00,2019-05-15 08:45:00,L,6747.0383175282495,True
2019-05-17 06:15:00,2019-05-17 06:30:00,S,-1369.6487784582346,False
2019-05-17 06:45:00,2019-05-17 11:45:00,S,2294.314846883202,True
2019-05-20 07:45:00,2019-05-20 12:00:00,S,-1372.4227766635095,False
2019-05-20 12:30:00,2019-05-20 14:00:00,S,-1368.305508333519,False
2019-05-20 15:30:00,2019-05-20 19:30:00,S,-1007.6736947369654,False
2019-05-21 10:45:00,2019-05-21 11:15:00,S,6805.887853621538,True
2019-05-21 18:30:00,2019-05-21 18:45:00,S,-1381.5952342851722,False
2019-05-22 13:00:00,2019-05-22 18:00:00,S,1968.7572670614297,True
2019-05-23 06:15:00,2019-05-23 06:30:00,S,-1383.3567203835012,False
2019-05-23 11:00:00,2019-05-23 12:00:00,S,-1379.2066502223506,False
2019-05-24 12:15:00,2019-05-24 14:00:00,L,-1375.0690302716835,False
2019-05-27 12:45:00,2019-05-27 15:15:00,L,-1370.9438231808685,False
2019-06-03 08:15:00,2019-06-03 13:00:00,L,-1366.8309917113259,False
2019-06-04 11:15:00,2019-06-04 11:45:00,L,-1362.7304987361917,False
2019-06-04 13:00:00,2019-06-04 13:15:00,L,-1358.6423072399832,False
2019-06-04 13:30:00,2019-06-04 15:00:00,L,-1354.5663803182633,False
2019-06-04 16:00:00,2019-06-04 22:00:00,L,2231.418789133383,True
2019-06-07 07:00:00,2019-06-07 09:00:00,L,6785.984687723543,True
2019-06-10 12:15:00,2019-06-10 19:15:00,L,2468.497317569063,True
2019-06-12 14:30:00,2019-06-12 17:00:00,L,-1384.9603835605865,False
2019-06-12 17:30:00,2019-06-12 22:30:00,L,412.31004341197803,True
2019-06-14 13:45:00,2019-06-14 15:00:00,L,-1382.0424325401407,False
2019-06-14 18:45:00,2019-06-16 22:45:00,L,635.3427560824974,True
2019-06-17 13:15:00,2019-06-17 14:15:00,L,-1379.8023335107675,False
2019-06-18 16:00:00,2019-06-18 20:00:00,L,-36.95641315228548,False
2019-06-19 06:45:00,2019-06-19 08:00:00,L,-1375.5520572707785,False
2019-06-19 11:15:00,2019-06-19 11:30:00,L,-1371.4254010989662,False
2019-06-19 12:15:00,2019-06-19 12:45:00,L,-1367.3111248956693,False
2019-06-21 10:30:00,2019-06-21 14:30:00,L,548.6051800322002,True
2019-06-24 08:30:00,2019-06-24 11:30:00,L,4231.385649880826,True
2019-06-24 13:15:00,2019-06-24 16:00:00,L,6887.745820053607,True
2019-06-25 06:15:00,2019-06-25 12:15:00,L,706.0145257604947,True
2019-06-25 13:15:00,2019-06-25 16:30:00,L,-1400.3304450481637,False
2019-06-25 19:00:00,2019-06-25 23:00:00,L,-1396.129453713019,False
2019-06-26 10:45:00,2019-06-26 12:00:00,L,-1391.94106535188,False
2019-06-26 20:00:00,2019-06-27 02:00:00,L,-1387.7652421558246,False
2019-06-27 09:15:00,2019-06-27 12:15:00,L,2843.9278098521268,True
2019-06-28 06:15:00,2019-06-28 06:30:00,L,-1392.1337298589133,False
2019-06-28 07:00:00,2019-06-28 12:00:00,L,950.1672702419143,True
2019-06-28 14:00:00,2019-06-28 17:00:00,L,-442.7022573084897,False
2019-07-02 12:45:00,2019-07-02 15:00:00,L,6947.398618540684,True
2019-07-03 12:30:00,2019-07-03 12:45:00,L,-1410.321919563759,False
2019-07-03 14:15:00,2019-07-03 14:45:00,L,-1406.0909538050676,False
2019-07-04 14:15:00,2019-07-04 17:15:00,L,506.06623671674055,True
2019-07-11 06:45:00,2019-07-11 13:00:00,L,-1403.3908796538026,False
2019-07-11 18:15:00,2019-07-11 22:00:00,L,-1399.1807070148413,False
2019-07-12 10:00:00,2019-07-12 12:30:00,L,-1394.9831648937966,False
2019-07-15 15:30:00,2019-07-15 15:45:00,L,-1390.7982153991152,False
2019-07-15 16:45:00,2019-07-15 17:15:00,L,-1386.625820752918,False
2019-07-18 09:15:00,2019-07-18 10:00:00,L,-1382.4659432906592,False
2019-07-18 17:00:00,2019-07-18 19:00:00,L,6891.592727303936,True
2019-07-19 06:30:00,2019-07-19 06:45:00,L,-1398.993323642699,False
2019-07-19 08:00:00,2019-07-19 09:15:00,L,-1394.7963436717707,False
2019-07-19 14:15:00,2019-07-19 14:30:00,L,-1390.6119546407554,False
2019-07-19 19:15:00,2019-07-22 00:15:00,L,407.58472212214247,True
2019-07-22 06:45:00,2019-07-22 13:45:00,L,2472.29956362376,True
2019-07-22 14:30:00,2019-07-22 20:15:00,L,-1395.0797716340705,False
2019-07-24 16:30:00,2019-07-24 17:00:00,L,-1390.8945323191683,False
2019-07-24 17:30:00,2019-07-24 18:00:00,L,-1386.721848722211,False
2019-07-30 08:15:00,2019-07-30 12:30:00,L,6912.808415880222,True
2019-08-02 19:00:00,2019-08-02 19:30:00,L,-1403.3001084236848,False
2019-08-08 07:15:00,2019-08-08 09:45:00,L,-1399.0902080984138,False
2019-08-08 11:15:00,2019-08-08 12:30:00,L,-1394.8929374741185,False
2019-08-08 13:15:00,2019-08-08 18:00:00,L,6953.541293308481,True
2019-08-09 09:30:00,2019-08-09 11:30:00,L,-1411.5688825416216,False
2019-08-09 12:45:00,2019-08-09 13:00:00,L,-1407.3341758939969,False
2019-08-09 14:00:00,2019-08-09 17:00:00,L,-1403.112173366315,False
2019-08-09 17:30:00,2019-08-12 01:30:00,L,-593.2890681411183,False
2019-08-12 09:15:00,2019-08-12 12:15:00,L,740.5391305569207,True
2019-08-12 13:15:00,2019-08-12 16:15:00,L,1478.7451110062766,True
2019-08-13 12:45:00,2019-08-13 14:00:00,L,-1403.7808223664822,False
2019-08-15 06:45:00,2019-08-15 10:45:00,L,4790.7752125703355,True
2019-08-15 15:00:00,2019-08-15 19:00:00,L,1761.3846475651117,True
2019-08-16 07:45:00,2019-08-16 08:00:00,L,-1419.225959479789,False
2019-08-16 09:30:00,2019-08-16 13:30:00,L,3141.180278950479,True
2019-08-16 15:15:00,2019-08-16 20:15:00,L,2863.535758726205,True
2019-08-26 09:00:00,2019-08-26 17:00:00,L,884.4744091891861,True
2019-08-26 17:15:00,2019-08-26 22:15:00,L,74.04949027805908,True
2019-08-27 12:45:00,2019-08-27 14:45:00,L,7179.290007063908,True
2019-08-28 14:00:00,2019-08-28 17:00:00,L,-73.63081102259441,False
2019-08-29 11:30:00,2019-08-29 13:00:00,L,7285.8748950045265,True
2019-09-03 12:00:00,2019-09-03 13:45:00,L,7395.163018429595,True
2019-09-03 19:45:00,2019-09-04 02:00:00,L,-1501.2180927412078,False
2019-09-04 08:45:00,2019-09-04 11:00:00,L,-1496.7144384629842,False
2019-09-04 12:15:00,2019-09-04 14:00:00,L,7461.121475737977,True
2019-09-05 08:30:00,2019-09-05 09:45:00,L,-1514.607659574809,False
2019-09-05 10:45:00,2019-09-05 14:00:00,L,-1510.0638365960845,False
2019-09-10 07:30:00,2019-09-10 07:45:00,S,-1505.5336450862962,False
2019-09-10 08:00:00,2019-09-10 08:15:00,S,-1501.0170441510375,False
2019-09-10 09:00:00,2019-09-10 09:30:00,S,-1496.5139930185844,False
2019-09-10 10:00:00,2019-09-10 12:45:00,S,-1492.0244510395285,False
2019-09-10 16:00:00,2019-09-11 02:00:00,S,1600.2817641481245,True
2019-09-11 06:30:00,2019-09-11 06:45:00,S,-1492.3492229788544,False
2019-09-11 09:30:00,2019-09-11 15:00:00,S,-1487.8721753099178,False
2019-09-11 16:00:00,2019-09-11 17:30:00,S,-1483.408558783988,False
2019-09-11 19:45:00,2019-09-11 22:00:00,S,-1478.958333107636,False
2019-09-12 06:15:00,2019-09-12 06:45:00,S,-1474.521458108313,False
2019-09-12 10:45:00,2019-09-12 12:00:00,S,-1470.097893733988,False
2019-09-13 13:15:00,2019-09-13 13:30:00,S,-1465.6876000527861,False
2019-09-19 10:15:00,2019-09-19 10:30:00,S,-1461.2905372526277,False
2019-09-19 14:45:00,2019-09-19 19:45:00,S,3217.5850880772905,True
2019-09-20 10:30:00,2019-09-20 10:45:00,L,-1466.5594209051017,False
2019-09-20 12:45:00,2019-09-20 17:15:00,L,7310.798713211932,True
2019-09-23 12:30:00,2019-09-23 15:00:00,L,7420.460693910112,True
2019-09-24 13:00:00,2019-09-24 13:15:00,L,-1506.3535208637527,False
2019-09-24 13:30:00,2019-09-24 13:45:00,L,-1501.8344603011615,False
2019-09-24 14:00:00,2019-09-24 15:30:00,L,7486.644784601291,True
2019-09-25 06:30:00,2019-09-25 07:00:00,L,-1519.788891274062,False
2019-09-25 07:15:00,2019-09-25 10:15:00,L,-947.8839511028035,False
2019-09-25 11:15:00,2019-09-25 11:45:00,L,-1512.3858727469315,False
2019-09-27 17:30:00,2019-09-27 20:30:00,S,1206.034035146427,True
2019-10-01 11:45:00,2019-10-01 16:00:00,S,-1511.4668172341298,False
2019-10-01 16:45:00,2019-10-01 23:45:00,S,656.7747675444231,True
2019-10-02 07:45:00,2019-10-02 08:45:00,S,-1508.9027410850606,False
2019-10-02 09:00:00,2019-10-02 09:15:00,S,-1504.3760328618055,False
2019-10-02 10:45:00,2019-10-02 12:00:00,S,-1499.86290476322,False
2019-10-03 06:15:00,2019-10-03 06:30:00,L,-1495.3633160489305,False
2019-10-03 07:30:00,2019-10-03 11:30:00,L,3929.660391309868,True
2019-10-04 08:15:00,2019-10-04 11:00:00,L,-1502.6662072747133,False
2019-10-04 18:30:00,2019-10-07 00:30:00,L,1947.6441722944921,True
2019-10-08 15:30:00,2019-10-08 15:45:00,L,-1504.0011411697726,False
2019-10-08 18:00:00,2019-10-09 01:00:00,L,3551.3352151996824,True
2019-10-09 11:15:00,2019-10-09 14:15:00,L,5914.94714461533,True
2019-10-11 09:15:00,2019-10-11 11:15:00,S,7639.439924128542,True
2019-10-14 06:45:00,2019-10-14 08:00:00,S,-1550.8063045980941,False
2019-10-14 08:45:00,2019-10-14 09:00:00,S,-1546.1538856842997,False
2019-10-14 13:00:00,2019-10-14 13:30:00,S,-1541.5154240272468,False
2019-10-15 14:15:00,2019-10-15 18:15:00,S,1577.4094554253488,True
2019-10-16 06:15:00,2019-10-16 07:00:00,S,-1541.6231061214412,False
2019-10-16 08:00:00,2019-10-16 08:15:00,S,-1536.9982368030767,False
2019-10-16 08:30:00,2019-10-16 09:00:00,S,-1532.3872420926675,False
2019-10-16 17:45:00,2019-10-17 00:30:00,S,-1527.7900803663895,False
2019-10-21 12:00:00,2019-10-21 12:15:00,S,-1523.2067101252903,False
2019-10-21 13:30:00,2019-10-21 15:00:00,S,7593.185449974572,True
2019-10-22 08:00:00,2019-10-22 08:15:00,S,-1541.4166463448382,False
2019-10-22 09:15:00,2019-10-22 13:15:00,S,646.1593148468844,True
2019-10-24 07:45:00,2019-10-24 09:15:00,L,-1538.7308743503445,False
2019-10-24 10:15:00,2019-10-24 12:15:00,L,7670.573408636466,True
2019-10-25 17:45:00,2019-10-27 23:45:00,L,288.8983009709514,True
2019-10-29 08:45:00,2019-10-29 11:00:00,S,7789.9654842805785,True
2019-10-30 18:45:00,2019-10-31 00:45:00,L,5688.571157921111,True
2019-11-01 06:45:00,2019-11-01 07:00:00,L,-1598.4287067827206,False
2019-11-01 11:30:00,2019-11-01 11:45:00,L,-1593.6334206623724,False
2019-11-01 14:00:00,2019-11-01 14:45:00,L,-1588.8525204003852,False
2019-11-01 15:15:00,2019-11-01 17:00:00,L,-1584.0859628391838,False
2019-11-01 18:00:00,2019-11-01 18:15:00,L,-1579.3337049506663,False
2019-11-04 06:45:00,2019-11-04 08:00:00,L,-1574.5957038358144,False
2019-11-04 08:45:00,2019-11-04 13:45:00,L,818.5259160991943,True
2019-11-04 17:00:00,2019-11-05 01:00:00,L,-146.32944442242018,False
2019-11-06 09:15:00,2019-11-06 09:30:00,S,-1571.888506139337,False
2019-11-06 11:15:00,2019-11-06 13:30:00,S,-1567.1728406209193,False
2019-11-06 14:15:00,2019-11-06 16:15:00,S,-1562.4713220990564,False
2019-11-06 17:15:00,2019-11-06 19:15:00,S,-1557.7839081327593,False
2019-11-07 14:45:00,2019-11-07 16:00:00,S,7765.552782041805,True
2019-11-08 07:15:00,2019-11-08 07:30:00,S,-1576.4072147544864,False
2019-11-08 09:15:00,2019-11-08 12:15:00,S,7858.389965551114,True
2019-11-08 16:45:00,2019-11-08 20:45:00,S,4462.615046321545,True
2019-11-11 09:30:00,2019-11-11 09:45:00,S,-1608.6410081458407,False
2019-11-11 11:15:00,2019-11-11 13:00:00,S,8019.075425607016,True
2019-11-12 11:00:00,2019-11-12 15:00:00,S,2434.3107137604125,True
2019-11-12 15:15:00,2019-11-12 17:45:00,S,-1635.1752435395056,False
2019-11-12 18:15:00,2019-11-12 19:15:00,S,-1630.269717808887,False
2019-11-13 07:00:00,2019-11-13 07:15:00,S,-1625.3789086554602,False
2019-11-13 07:45:00,2019-11-13 09:00:00,S,-1620.5027719294937,False
2019-11-13 11:15:00,2019-11-13 11:30:00,S,-1615.6412636137054,False
2019-11-13 12:00:00,2019-11-13 12:30:00,S,-1610.7943398228642,False
2019-11-13 13:00:00,2019-11-13 16:00:00,S,-827.339566580878,False
2019-11-14 08:00:00,2019-11-14 08:15:00,S,-1603.4799381036532,False
2019-11-15 09:15:00,2019-11-15 11:00:00,S,-1598.669498289342,False
2019-11-15 11:45:00,2019-11-15 12:00:00,S,-1593.873489794474,False
2019-11-15 12:15:00,2019-11-15 16:00:00,S,-1589.0918693250908,False
2019-11-15 19:15:00,2019-11-18 01:00:00,S,-1584.3245937171152,False
2019-11-22 06:30:00,2019-11-22 06:45:00,S,-1579.571619935964,False
2019-11-25 15:45:00,2019-11-25 20:45:00,S,4313.825801857614,True
2019-11-26 07:15:00,2019-11-26 10:00:00,S,-1587.7743824817292,False
2019-11-26 12:15:00,2019-11-26 15:30:00,S,-1583.011059334284,False
2019-11-26 16:00:00,2019-11-26 16:15:00,S,-1578.262026156281,False
2019-11-26 16:45:00,2019-11-26 18:00:00,S,-1573.5272400778122,False
2019-11-26 19:15:00,2019-11-26 20:00:00,S,-1568.806658357579,False
2019-11-28 08:30:00,2019-11-28 12:30:00,S,3658.029595920714,True
2019-12-02 07:15:00,2019-12-02 07:30:00,S,-1575.0743271702684,False
2019-12-02 12:00:00,2019-12-02 13:15:00,S,-1570.3491041887576,False
2019-12-03 06:45:00,2019-12-03 07:45:00,L,7828.190284380957,True
2019-12-04 10:45:00,2019-12-04 13:45:00,L,2349.0511374683165,True
2019-12-04 14:30:00,2019-12-04 14:45:00,L,-1596.1697811417391,False
2019-12-04 17:15:00,2019-12-04 23:15:00,L,1226.1201164537479,True
2019-12-05 12:00:00,2019-12-05 13:30:00,L,-1595.059632147675,False
2019-12-05 15:15:00,2019-12-05 15:30:00,L,-1590.2744532512322,False
2019-12-05 20:00:00,2019-12-06 00:00:00,L,-1585.5036298914783,False
2019-12-06 13:45:00,2019-12-06 17:45:00,S,4496.721926783455,True
2019-12-09 07:00:00,2019-12-09 07:15:00,S,-1594.2372847821543,False
2019-12-09 13:30:00,2019-12-09 13:45:00,S,-1589.4545729278082,False
2019-12-09 14:00:00,2019-12-09 18:00:00,S,6129.443512898177,True
2019-12-10 16:15:00,2019-12-10 17:15:00,S,-1603.0745397477192,False
2019-12-12 12:45:00,2019-12-12 13:00:00,S,-1598.2653161284761,False
2019-12-12 15:15:00,2019-12-12 15:30:00,S,-1593.4705201800907,False
2019-12-13 15:15:00,2019-12-13 20:15:00,L,4167.574382793819,True
2019-12-16 14:15:00,2019-12-16 15:15:00,L,-1601.1928317679321,False
2019-12-16 18:30:00,2019-12-16 19:00:00,L,-1596.3892532726281,False
2019-12-17 15:00:00,2019-12-17 15:15:00,L,-1591.6000855128102,False
2019-12-17 15:30:00,2019-12-17 15:45:00,L,-1586.8252852562716,False
2019-12-17 16:00:00,2019-12-18 00:00:00,L,-295.49039642599655,False
2019-12-20 09:00:00,2019-12-20 10:30:00,L,-1581.178338211225,False
2019-12-20 12:00:00,2019-12-20 15:15:00,L,7882.174015982956,True
2019-12-20 19:15:00,2019-12-20 21:00:00,L,-1600.0813252445403,False
2019-12-23 13:30:00,2019-12-23 16:30:00,L,1672.749087149096,True
2019-12-24 13:30:00,2019-12-24 16:00:00,L,8001.496642651269,True
2019-12-27 11:15:00,2019-12-27 11:30:00,L,-1624.3038184582076,False
2019-12-27 21:00:00,2019-12-30 02:45:00,L,8097.154535014165,True
2019-12-30 07:15:00,2019-12-30 10:00:00,L,-1643.7223706078755,False
2019-12-30 13:15:00,2019-12-30 13:30:00,L,-1638.7912034960518,False
2019-12-30 13:45:00,2019-12-30 20:45:00,L,5179.88659900691,True
2019-12-31 11:30:00,2019-12-31 11:45:00,L,-1649.4144896825846,False
2019-12-31 12:15:00,2019-12-31 12:30:00,L,-1644.466246213537,False
2019-12-31 13:00:00,2019-12-31 13:15:00,L,-1639.5328474748965,False
2019-12-31 13:30:00,2019-12-31 13:45:00,L,-1634.6142489324716,False
2019-12-31 14:00:00,2019-12-31 14:30:00,L,-1629.7104061856742,False
2020-01-03 20:00:00,2020-01-05 23:00:00,L,8124.106374835586,True
2020-01-06 15:15:00,2020-01-06 15:30:00,L,-1649.193594091624,False
2020-01-06 16:15:00,2020-01-06 16:30:00,L,-1644.2460133093493,False
2020-01-06 17:00:00,2020-01-06 17:30:00,L,-1639.3132752694212,False
2020-01-06 18:00:00,2020-01-06 23:00:00,L,826.7533422586404,True
2020-01-08 07:45:00,2020-01-08 08:15:00,L,-1636.8755954703886,False
2020-01-08 10:15:00,2020-01-08 10:30:00,L,-1631.9649686839773,False
2020-01-16 09:15:00,2020-01-16 13:15:00,L,852.2634061120204,True
2020-01-17 08:00:00,2020-01-17 08:30:00,L,-1629.6258639962614,False
2020-01-17 10:15:00,2020-01-17 12:15:00,L,8123.684932021362,True
2020-01-17 14:15:00,2020-01-17 20:15:00,L,5111.520676647855,True
2020-01-20 10:00:00,2020-01-20 10:15:00,L,-1664.4426032302802,False
2020-01-20 15:15:00,2020-01-20 23:15:00,L,577.5340974652474,True
2020-01-21 12:15:00,2020-01-21 15:00:00,L,-1661.1818777129852,False
2020-01-21 15:30:00,2020-01-21 20:30:00,L,1678.1088618434467,True
2020-01-22 08:15:00,2020-01-22 13:15:00,L,1609.3249967181173,True
2020-01-22 16:00:00,2020-01-22 16:45:00,L,-1666.060633655531,False
2020-01-23 06:45:00,2020-01-23 08:00:00,L,-1661.0624517545646,False
2020-01-24 08:30:00,2020-01-24 08:45:00,L,-1656.0792643993007,False
2020-01-24 09:00:00,2020-01-24 12:00:00,L,1229.4684406676947,True
2020-01-24 13:30:00,2020-01-24 15:00:00,L,8273.99715964053,True
2020-01-27 07:15:00,2020-01-27 07:30:00,L,-1679.6214234070278,False
2020-01-27 07:45:00,2020-01-27 08:15:00,L,-1674.5825591368068,False
2020-01-27 08:45:00,2020-01-27 11:00:00,L,8347.794057296982,True
2020-01-27 17:00:00,2020-01-27 17:15:00,L,-1694.6021936312873,False
2020-01-27 19:45:00,2020-01-28 00:45:00,L,1021.5048509597462,True
2020-01-28 14:00:00,2020-01-28 16:00:00,L,-1692.5829016032728,False
2020-01-29 17:15:00,2020-01-30 00:15:00,L,7167.472872395612,True
2020-01-30 07:15:00,2020-01-30 13:15:00,L,-115.16681339267312,False
2020-01-30 13:45:00,2020-01-30 15:00:00,L,-1708.6620710754719,False
2020-02-07 16:15:00,2020-02-07 16:30:00,L,-1703.5360848622454,False
2020-02-07 16:45:00,2020-02-07 21:45:00,L,3059.4865510048085,True
2020-02-13 13:30:00,2020-02-13 19:30:00,L,3302.0277344929355,True
2020-02-14 13:30:00,2020-02-14 16:00:00,L,8587.55009732076,True
2020-02-17 07:30:00,2020-02-17 07:45:00,L,-1743.2726697561143,False
2020-02-17 09:15:00,2020-02-17 09:45:00,L,-1738.042851746846,False
2020-02-19 15:15:00,2020-02-19 20:15:00,L,2781.605551829292,True
2020-02-20 07:45:00,2020-02-20 12:00:00,L,8705.867699235467,True
2020-02-24 15:30:00,2020-02-24 15:45:00,L,-1767.2911429447997,False
2020-02-24 16:45:00,2020-02-24 19:15:00,L,-1761.9892695159651,False
2020-02-24 19:45:00,2020-02-24 23:00:00,L,-1756.7033017074173,False
2020-02-25 08:15:00,2020-02-25 11:30:00,L,-1751.4331918022951,False
2020-02-25 16:45:00,2020-02-25 17:00:00,L,-1746.178892226888,False
2020-02-25 18:00:00,2020-02-25 18:45:00,L,-1740.9403555502074,False
2020-02-25 19:30:00,2020-02-25 21:00:00,L,-1735.7175344835566,False
2020-02-26 14:15:00,2020-02-26 14:30:00,L,-1730.510381880106,False
2020-02-26 15:00:00,2020-02-26 18:00:00,L,1951.7602120893107,True
2020-02-27 07:45:00,2020-02-27 10:45:00,L,1494.2952190230571,True
2020-02-27 18:45:00,2020-02-27 19:15:00,L,-1735.6570170278026,False
2020-02-27 20:00:00,2020-02-27 20:30:00,L,-1730.4500459767191,False
2020-03-02 11:00:00,2020-03-02 13:30:00,S,8626.293479193944,True
2020-03-04 08:45:00,2020-03-04 09:00:00,L,-1751.1375762763707,False
2020-03-04 09:15:00,2020-03-04 13:15:00,L,5189.590704800329,True
2020-03-04 15:45:00,2020-03-04 18:45:00,L,-241.66991559515273,False
2020-03-06 15:45:00,2020-03-06 18:45:00,L,3596.612302337638,True
2020-03-09 06:15:00,2020-03-09 12:15:00,L,2177.423427458022,True
2020-03-09 14:30:00,2020-03-09 16:00:00,L,-1778.0500331045444,False
2020-03-09 16:30:00,2020-03-09 19:30:00,L,4485.993956723043,True
2020-03-10 07:15:00,2020-03-10 07:30:00,L,-1786.1738648753999,False
2020-03-11 09:30:00,2020-03-11 11:45:00,L,8904.076716403868,True
2020-03-12 08:45:00,2020-03-12 09:00:00,S,-1807.527573429985,False
2020-03-12 09:30:00,2020-03-12 12:00:00,S,9010.524953548476,True
2020-03-13 08:15:00,2020-03-13 10:30:00,S,-1829.1365655703405,False
2020-03-13 13:15:00,2020-03-13 15:00:00,S,9118.245779368146,True
2020-03-16 16:00:00,2020-03-16 20:45:00,S,-1851.0038932117336,False
2020-03-17 13:45:00,2020-03-17 14:00:00,S,-1845.4508815320985,False
2020-03-18 12:30:00,2020-03-18 16:30:00,S,4886.632639577381,True
2020-03-19 07:15:00,2020-03-19 12:15:00,S,6727.534176904058,True
2020-03-19 17:30:00,2020-03-19 23:30:00,S,3441.2375164407554,True
2020-03-20 08:45:00,2020-03-20 12:45:00,S,3108.7661930158515,True
2020-03-24 06:30:00,2020-03-24 09:30:00,L,9472.035202326582,True
2020-03-25 09:30:00,2020-03-25 15:30:00,L,-1922.8231460722961,False
2020-03-26 06:30:00,2020-03-26 07:15:00,L,-1917.0546766340792,False
2020-03-26 18:45:00,2020-03-26 22:30:00,L,-1911.303512604177,False
2020-03-30 06:30:00,2020-03-30 11:30:00,L,5336.407144150209,True
2020-03-30 13:00:00,2020-03-30 17:00:00,L,583.340016210039,True
2020-03-31 08:15:00,2020-03-31 08:30:00,S,9616.644217737226,True
2020-04-03 06:45:00,2020-04-03 12:00:00,L,9760.893881003285,True
2020-04-07 08:00:00,2020-04-07 12:00:00,L,2283.514773921188,True
2020-04-07 18:00:00,2020-04-07 18:30:00,L,-1988.3120021654304,False
2020-04-07 19:30:00,2020-04-08 01:00:00,L,-1982.347066158934,False
2020-04-08 07:15:00,2020-04-08 10:45:00,L,-1976.4000249604574,False
2020-04-14 07:15:00,2020-04-14 08:00:00,L,9852.35412442788,True
2020-04-14 13:00:00,2020-04-14 18:00:00,L,4176.304970236227,True
2020-04-14 19:30:00,2020-04-14 23:00:00,L,-2012.5568021695685,False
2020-04-15 09:45:00,2020-04-15 12:45:00,L,313.57009090866165,True
2020-04-15 16:45:00,2020-04-16 00:45:00,L,1630.2939309816227,True
2020-04-16 13:45:00,2020-04-16 15:30:00,L,-2012.350723828731,False
2020-04-16 17:00:00,2020-04-16 17:30:00,L,-2006.3136716572446,False
2020-04-21 07:15:00,2020-04-21 08:00:00,L,-2000.294730642273,False
2020-04-23 19:15:00,2020-04-24 00:15:00,L,-667.7700047087441,False
2020-04-24 06:30:00,2020-04-24 09:30:00,L,2211.3418073518005,True
2020-04-24 16:30:00,2020-04-24 19:30:00,L,5501.46107676008,True
2020-04-27 07:15:00,2020-04-27 07:30:00,L,-2015.4289450885556,False
2020-04-29 17:30:00,2020-04-29 19:30:00,L,10046.91329126645,True
2020-04-30 11:15:00,2020-04-30 12:15:00,L,-2039.5233981270892,False
2020-05-08 13:00:00,2020-05-08 20:00:00,L,-2033.404827932708,False
2020-05-14 06:15:00,2020-05-14 11:15:00,L,755.0857640339512,True
2020-05-18 12:30:00,2020-05-18 12:45:00,L,-2029.5698707410118,False
2020-05-18 14:15:00,2020-05-18 15:00:00,L,-2023.4811611287887,False
2020-05-18 18:15:00,2020-05-19 00:15:00,L,229.41209735516838,True
2020-05-19 07:30:00,2020-05-19 14:15:00,L,10090.494769687337,True
2020-05-20 06:45:00,2020-05-20 09:00:00,L,-2048.3704382465294,False
2020-05-20 15:30:00,2020-05-20 15:45:00,L,-2042.2253269317898,False
2020-05-22 16:15:00,2020-05-22 20:15:00,L,1418.075284209114,True
2020-05-27 08:30:00,2020-05-27 11:45:00,S,10201.764384018108,True
2020-05-27 16:45:00,2020-05-27 18:00:00,S,-2070.958169955676,False
2020-06-01 11:00:00,2020-06-01 11:15:00,L,-2064.7452954458095,False
2020-06-01 11:45:00,2020-06-01 12:15:00,L,-2058.551059559472,False
2020-06-01 12:30:00,2020-06-01 13:00:00,L,-2052.3754063807937,False
2020-06-01 13:30:00,2020-06-01 14:00:00,L,-2046.2182801616514,False
2020-06-02 07:45:00,2020-06-02 13:15:00,L,10200.398126605833,True
2020-06-04 06:15:00,2020-06-04 07:00:00,S,-2070.6808197009836,False
2020-06-04 13:15:00,2020-06-04 16:15:00,S,-2064.468777241881,False
2020-06-05 18:15:00,2020-06-05 18:45:00,S,-2058.2753709101553,False
2020-06-05 19:15:00,2020-06-05 19:45:00,S,-2052.100544797425,False
2020-06-08 06:15:00,2020-06-08 06:30:00,S,-2045.9442431630328,False
2020-06-08 06:45:00,2020-06-08 09:00:00,S,-2039.8064104335438,False
2020-06-08 10:15:00,2020-06-08 13:15:00,S,7897.159683553865,True
2020-06-09 19:30:00,2020-06-10 02:30:00,L,4489.1246459196755,True
2020-06-10 15:15:00,2020-06-10 16:45:00,L,-2070.8458441906637,False
2020-06-10 18:15:00,2020-06-10 18:45:00,L,-2064.633306658092,False
2020-06-11 06:45:00,2020-06-11 10:45:00,L,357.0805998754816,True
2020-06-11 12:45:00,2020-06-11 15:00:00,L,10297.55324268872,True
2020-06-11 17:15:00,2020-06-11 19:00:00,L,-2090.40330826581,False
2020-06-11 19:45:00,2020-06-12 00:00:00,L,-2084.132098341013,False
2020-06-12 18:00:00,2020-06-12 18:15:00,L,-2077.8797020459897,False
2020-06-12 19:00:00,2020-06-12 20:45:00,L,-2071.6460629398516,False
2020-06-16 06:15:00,2020-06-16 09:15:00,L,5404.170116629671,True
2020-06-16 13:30:00,2020-06-16 14:15:00,L,-2081.643635100921,False
2020-06-22 07:30:00,2020-06-22 10:30:00,L,-295.4368170002708,False
2020-06-23 08:15:00,2020-06-23 12:15:00,L,1801.6469316411747,True
2020-06-24 15:15:00,2020-06-24 15:30:00,L,-2079.9173345395407,False
2020-06-24 18:00:00,2020-06-24 22:00:00,L,-2073.6775825359223,False
2020-06-25 12:45:00,2020-06-25 14:00:00,L,-2067.4565497883145,False
2020-06-26 14:30:00,2020-06-26 15:30:00,L,10306.270900694746,True
2020-06-29 06:45:00,2020-06-29 07:00:00,L,-2092.1729928410336,False
2020-06-29 08:15:00,2020-06-29 09:15:00,L,-2085.896473862511,False
2020-06-29 09:45:00,2020-06-29 12:15:00,L,-2079.6387844409232,False
2020-06-30 09:45:00,2020-06-30 10:45:00,L,-2073.3998680876007,False
2020-06-30 13:30:00,2020-06-30 14:30:00,L,10335.898342416687,True
2020-07-01 11:15:00,2020-07-01 11:30:00,L,-2098.187363510588,False
2020-07-01 12:00:00,2020-07-01 12:15:00,L,-2091.892801420056,False
2020-07-02 12:45:00,2020-07-02 13:00:00,L,-2085.617123015796,False
2020-07-02 13:15:00,2020-07-02 16:15:00,L,6294.243271108174,True
2020-07-03 06:30:00,2020-07-03 14:30:00,L,685.8333912192678,True
2020-07-07 06:30:00,2020-07-07 06:45:00,L,-2100.3005016337306,False
2020-07-07 08:45:00,2020-07-07 09:00:00,L,-2093.999600128829,False
2020-07-07 11:00:00,2020-07-07 13:30:00,L,10438.588006642214,True
2020-07-09 08:00:00,2020-07-09 11:00:00,L,-2119.0333653483694,False
2020-07-09 12:45:00,2020-07-09 15:00:00,L,-2112.6762652523244,False
2020-07-09 17:00:00,2020-07-09 23:00:00,L,2748.4910047187605,True
2020-07-10 07:30:00,2020-07-10 08:30:00,L,10572.91854735362,True
2020-07-10 14:15:00,2020-07-10 14:30:00,L,-2146.3024651127844,False
2020-07-10 16:15:00,2020-07-10 16:30:00,L,-2139.8635577174464,False
2020-07-10 17:30:00,2020-07-12 22:30:00,L,1010.8248377239295,True
2020-07-13 14:45:00,2020-07-13 20:00:00,L,-2136.476441557466,False
2020-07-15 11:45:00,2020-07-15 13:15:00,L,-2130.0670122327933,False
2020-07-16 08:45:00,2020-07-16 10:00:00,L,-2123.676811196095,False
2020-07-16 13:30:00,2020-07-16 16:15:00,L,-2117.3057807625064,False
2020-07-22 07:45:00,2020-07-22 09:00:00,L,-2110.953863420219,False
2020-07-22 09:30:00,2020-07-22 14:30:00,L,4436.627325328442,True
2020-07-24 10:45:00,2020-07-24 14:00:00,L,10589.654419029719,True
2020-07-28 09:15:00,2020-07-28 12:15:00,L,-1098.2296526867997,False
2020-07-29 06:15:00,2020-07-29 13:15:00,L,2445.6461144692466,True
2020-07-29 14:30:00,2020-07-29 18:30:00,L,7696.191982791814,True
2020-07-30 07:00:00,2020-07-30 07:15:00,L,-2176.8306723967557,False
2020-07-30 07:45:00,2020-07-30 08:45:00,L,-2170.3001803795655,False
2020-07-30 15:00:00,2020-07-30 20:00:00,L,4724.126860738282,True
2020-07-31 13:00:00,2020-07-31 13:15:00,L,-2177.9616604206417,False
2020-07-31 13:45:00,2020-07-31 17:45:00,L,3969.8706376046043,True
2020-08-03 07:45:00,2020-08-03 11:00:00,L,-2183.3373873521937,False
2020-08-03 11:15:00,2020-08-03 13:00:00,L,-2176.7873751901366,False
2020-08-03 13:30:00,2020-08-03 13:45:00,L,-2170.2570130645663,False
2020-08-03 14:15:00,2020-08-03 17:15:00,L,2769.565314393739,True
2020-08-05 17:15:00,2020-08-05 22:15:00,L,2148.6820306352765,True
2020-08-06 08:15:00,2020-08-06 11:15:00,L,2963.63851304092,True
2020-08-06 17:45:00,2020-08-06 18:00:00,L,-2187.3918995995823,False
2020-08-06 18:30:00,2020-08-06 22:15:00,L,10904.14861950392,True
2020-08-07 11:00:00,2020-08-07 11:15:00,L,-2213.5421697592956,False
2020-08-07 12:15:00,2020-08-07 12:30:00,L,-2206.9015432500178,False
2020-08-07 12:45:00,2020-08-07 14:00:00,L,-2200.2808386202673,False
2020-08-07 14:45:00,2020-08-07 17:00:00,L,-2193.6799961044067,False
2020-08-07 18:15:00,2020-08-09 22:15:00,L,156.49001820057455,True
2020-08-10 12:15:00,2020-08-10 12:30:00,L,-2187.568426170695,False
2020-08-12 08:45:00,2020-08-12 13:00:00,S,-2181.005720892183,False
2020-08-12 13:45:00,2020-08-12 16:30:00,S,-2174.4627037295063,False
2020-08-12 17:15:00,2020-08-12 22:00:00,S,10839.696578091589,True
2020-08-18 14:45:00,2020-08-18 19:45:00,L,3759.861554761948,True
2020-08-19 07:15:00,2020-08-19 12:15:00,L,1689.832781457983,True
2020-08-24 06:45:00,2020-08-24 07:00:00,S,-2216.8074883612526,False
2020-08-24 07:45:00,2020-08-24 09:15:00,S,-2210.1570658961687,False
2020-08-24 13:15:00,2020-08-24 14:45:00,S,11017.6329734924,True
2020-08-27 13:45:00,2020-08-27 20:45:00,S,4319.3886992464495,True
2020-08-31 06:45:00,2020-08-31 07:15:00,L,-2249.537659716697,False
2020-08-31 08:00:00,2020-08-31 11:00:00,L,5352.079750738688,True
2020-08-31 16:15:00,2020-08-31 19:15:00,L,-2258.845285989763,False
2020-09-01 13:15:00,2020-09-01 13:30:00,L,-2252.0687501317934,False
2020-09-01 17:30:00,2020-09-01 19:00:00,L,-2245.312543881398,False
2020-09-01 22:00:00,2020-09-02 05:00:00,L,-2238.576606249754,False
2020-09-03 15:15:00,2020-09-03 18:15:00,S,2121.139304838088,True
2020-09-03 19:30:00,2020-09-03 23:30:00,S,-828.0792515185132,False
2020-09-04 09:30:00,2020-09-04 12:00:00,S,-2235.740056590964,False
2020-09-04 19:15:00,2020-09-04 19:45:00,S,-2229.0328364211905,False
2020-09-04 20:00:00,2020-09-07 00:00:00,S,434.4086767588589,True
2020-09-08 14:45:00,2020-09-08 15:00:00,S,-2223.648963942204,False
2020-09-08 18:45:00,2020-09-08 22:45:00,S,1538.1124175139025,True
2020-09-10 08:30:00,2020-09-10 13:00:00,L,11107.961771514594,True
2020-09-14 06:45:00,2020-09-14 09:15:00,L,-2254.9162396174625,False
2020-09-14 12:15:00,2020-09-14 15:00:00,L,11240.75745449305,True
2020-09-15 09:00:00,2020-09-15 11:00:00,L,11409.368816310449,True
2020-09-15 13:45:00,2020-09-15 14:00:00,L,-2316.1018697110208,False
2020-09-15 17:15:00,2020-09-15 17:45:00,L,-2309.1535641018872,False
2020-09-15 20:00:00,2020-09-16 06:00:00,L,6148.160469253018,True
2020-09-16 14:15:00,2020-09-16 14:30:00,L,-2320.6705848173406,False
2020-09-16 14:45:00,2020-09-16 19:00:00,L,-2313.7085730628887,False
2020-09-16 19:45:00,2020-09-17 00:30:00,L,-2306.7674473437,False
2020-09-18 14:15:00,2020-09-18 19:15:00,L,1618.4113037080172,True
2020-09-22 13:30:00,2020-09-22 19:30:00,S,6897.088466534949,True
2020-09-23 11:30:00,2020-09-23 14:00:00,S,11626.96822156199,True
2020-09-24 09:15:00,2020-09-24 10:45:00,S,-2360.2745489770837,False
2020-09-24 14:15:00,2020-09-24 17:00:00,S,-2353.1937253301526,False
2020-09-24 18:15:00,2020-09-25 00:15:00,S,1122.1148469212908,True
2020-09-25 07:15:00,2020-09-25 07:30:00,S,-2349.500488694926,False
2020-09-25 07:45:00,2020-09-25 10:15:00,S,11712.259936144208,True
2020-09-25 19:45:00,2020-09-28 02:45:00,S,2642.039742768629,True
2020-09-28 13:00:00,2020-09-28 13:15:00,S,-2385.51488626558,False
2020-09-28 13:45:00,2020-09-28 16:00:00,S,-2378.358341606783,False
2020-10-07 07:30:00,2020-10-07 13:30:00,S,8089.295150901147,True
2020-10-08 07:15:00,2020-10-08 10:15:00,S,-11.084172763221684,False
2020-10-08 12:00:00,2020-10-08 12:15:00,S,-2395.4578995163765,False
2020-10-08 12:45:00,2020-10-08 14:00:00,S,11941.357629089136,True
2020-10-08 14:15:00,2020-10-08 18:45:00,S,-2424.0955987050947,False
2020-10-12 08:00:00,2020-10-12 08:15:00,L,-2416.8233119089796,False
2020-10-12 09:45:00,2020-10-12 10:45:00,L,-2409.5728419732527,False
2020-10-12 12:15:00,2020-10-12 12:30:00,L,-2402.344123447333,False
2020-10-13 19:15:00,2020-10-13 23:15:00,S,859.9676423157881,True
2020-10-14 07:15:00,2020-10-14 07:30:00,S,-2397.716994003938,False
2020-10-14 09:15:00,2020-10-14 10:30:00,S,-2390.5238430219265,False
2020-10-14 14:30:00,2020-10-14 15:00:00,S,-2383.3522714928604,False
2020-10-14 16:00:00,2020-10-15 00:00:00,S,3783.852431369075,True
2020-10-15 08:15:00,2020-10-15 09:30:00,S,11937.768859862446,True
2020-10-16 12:30:00,2020-10-16 15:15:00,S,12116.835392760384,True
2020-10-21 09:15:00,2020-10-21 12:15:00,L,2128.703622444036,True
2020-10-21 20:00:00,2020-10-21 23:15:00,L,-2466.10369559769,False
2020-10-23 12:45:00,2020-10-23 15:00:00,S,12293.526922554483,True
2020-10-26 12:15:00,2020-10-26 12:30:00,S,-2495.5859652785603,False
2020-10-26 12:45:00,2020-10-26 13:45:00,S,-2488.0992073827247,False
2020-10-26 14:15:00,2020-10-26 19:15:00,S,3270.053121203175,True
2020-10-28 07:15:00,2020-10-28 07:30:00,S,-2490.445069124186,False
2020-10-29 07:45:00,2020-10-29 12:00:00,S,12414.868669584066,True
2020-10-30 11:00:00,2020-10-30 11:45:00,S,-2520.2183399255655,False
2020-10-30 14:00:00,2020-10-30 20:00:00,S,6210.447151669376,True
2020-11-02 06:30:00,2020-11-02 07:45:00,S,-2531.289026360797,False
2020-11-03 06:45:00,2020-11-03 07:15:00,L,-2523.6951592817145,False
2020-11-03 07:45:00,2020-11-03 09:30:00,L,12580.620369019347,True
2020-11-04 11:15:00,2020-11-04 12:15:00,L,12769.329674554638,True
2020-11-04 19:00:00,2020-11-04 23:00:00,L,4784.650400139007,True
2020-11-06 06:15:00,2020-11-06 06:30:00,L,-2606.5278751350083,False
2020-11-06 06:45:00,2020-11-06 10:45:00,L,11327.32789164088,True
2020-11-06 15:30:00,2020-11-06 18:30:00,L,2279.632975325915,True
2020-11-10 06:30:00,2020-11-10 06:45:00,S,-2639.529174110504,False
2020-11-10 10:15:00,2020-11-10 11:30:00,S,-2631.6105865881723,False
2020-11-10 15:45:00,2020-11-10 16:00:00,S,-2623.7157548284076,False
2020-11-10 16:45:00,2020-11-10 19:45:00,S,4428.107352391001,True
2020-11-11 19:00:00,2020-11-12 00:00:00,S,-1257.7336571162173,False
2020-11-12 11:30:00,2020-11-12 13:30:00,S,-2625.355728649747,False
2020-11-12 16:00:00,2020-11-12 20:00:00,S,1894.6168027528104,True
2020-11-13 08:30:00,2020-11-13 12:00:00,S,-2623.163511872056,False
2020-11-16 17:15:00,2020-11-16 21:15:00,S,4310.127120975621,True
2020-11-17 07:15:00,2020-11-17 08:30:00,S,-2628.224402699367,False
2020-11-18 09:15:00,2020-11-18 10:30:00,S,13101.698647456344,True
2020-11-18 14:45:00,2020-11-18 15:15:00,S,-2659.644825433638,False
2020-11-18 17:15:00,2020-11-18 23:15:00,S,8643.270937783102,True
2020-11-20 06:15:00,2020-11-20 10:15:00,S,1099.1634182874118,True
2020-11-24 19:00:00,2020-11-24 20:30:00,S,-2680.8931940255484,False
2020-11-25 09:00:00,2020-11-25 09:30:00,S,-2672.850514443472,False
2020-11-25 10:15:00,2020-11-25 12:15:00,S,-2664.8319629001417,False
2020-11-25 15:00:00,2020-11-25 20:00:00,S,6818.011799314341,True
2020-11-26 08:00:00,2020-11-26 08:15:00,S,-2677.291502409384,False
2020-11-26 08:30:00,2020-11-26 13:30:00,S,3457.2767088928076,True
2020-11-30 14:15:00,2020-11-30 14:30:00,S,-2679.6314580288345,False
2020-11-30 14:45:00,2020-11-30 15:00:00,S,-2671.5925636547477,False
2020-11-30 15:15:00,2020-11-30 16:15:00,S,-2663.5777859637838,False
2020-12-01 08:30:00,2020-12-01 08:45:00,S,-2655.587052605892,False
2020-12-01 09:15:00,2020-12-01 09:30:00,S,-2647.6202914480746,False
2020-12-07 11:30:00,2020-12-07 14:30:00,L,13198.387152868652,True
2020-12-08 07:30:00,2020-12-08 07:45:00,L,-2679.2725920323364,False
2020-12-08 10:15:00,2020-12-08 10:45:00,L,-2671.2347742562392,False
2020-12-08 12:15:00,2020-12-08 12:30:00,L,-2663.2210699334705,False
2020-12-08 13:30:00,2020-12-08 21:30:00,L,5939.723136939218,True
2020-12-10 13:30:00,2020-12-10 13:45:00,S,-2673.0505761344875,False
2020-12-10 14:15:00,2020-12-10 14:30:00,S,-2665.031424406084,False
2020-12-10 15:15:00,2020-12-10 18:15:00,S,7623.498284767837,True
2020-12-11 17:15:00,2020-12-13 23:15:00,S,5563.413045893085,True
2020-12-14 15:00:00,2020-12-14 18:00:00,S,3112.0022163917743,True
2020-12-15 16:15:00,2020-12-16 00:15:00,L,4911.355503844396,True
2020-12-16 08:15:00,2020-12-16 10:00:00,L,13603.335686427785,True
2020-12-16 14:15:00,2020-12-16 14:30:00,L,-2761.477144344841,False
2020-12-18 08:45:00,2020-12-18 14:45:00,L,5448.644849908877,True
2020-12-21 08:15:00,2020-12-21 09:00:00,L,-2769.538647461533,False
2020-12-21 09:30:00,2020-12-21 09:45:00,L,-2761.2300315191483,False
2020-12-24 11:15:00,2020-12-24 12:00:00,L,-2752.9463414245906,False
2020-12-28 06:45:00,2020-12-28 12:00:00,L,-2744.6875024003166,False
2020-12-28 13:15:00,2020-12-28 14:30:00,L,13682.267199465578,True
2020-12-29 15:30:00,2020-12-29 18:30:00,L,1313.3060818882889,True
2020-12-29 20:00:00,2020-12-29 21:15:00,L,-2781.440159737177,False
2020-12-30 06:15:00,2020-12-30 08:00:00,L,-2773.0958392579655,False
2020-12-30 11:15:00,2020-12-30 11:45:00,L,-2764.7765517401917,False
2020-12-30 12:30:00,2020-12-30 13:00:00,L,-2756.482222084971,False
2020-12-31 15:15:00,2020-12-31 16:30:00,L,-2748.212775418716,False
2020-12-31 18:45:00,2020-12-31 21:45:00,L,7177.5584200741805,True
2021-01-05 06:30:00,2021-01-05 12:00:00,L,13807.504061763411,True
2021-01-06 13:15:00,2021-01-06 13:30:00,L,-2802.9233245379723,False
2021-01-11 06:45:00,2021-01-11 07:00:00,S,-2794.5145545643586,False
2021-01-11 08:30:00,2021-01-11 12:30:00,S,3760.840763010554,True
2021-01-11 19:00:00,2021-01-12 04:00:00,S,-2797.4135331896973,False
2021-01-12 13:00:00,2021-01-12 13:15:00,S,13945.106462950642,True
2021-01-12 19:45:00,2021-01-12 20:30:00,S,-2830.85661197898,False
2021-01-13 14:30:00,2021-01-13 14:45:00,S,-2822.364042143043,False
2021-01-13 18:30:00,2021-01-14 02:15:00,S,14069.48475008307,True
2021-01-14 12:30:00,2021-01-14 16:00:00,S,-2856.1054042668634,False
2021-01-14 16:45:00,2021-01-14 17:45:00,S,-2847.5370880540627,False
2021-01-14 19:15:00,2021-01-15 02:00:00,S,-2838.9944767899005,False
2021-01-15 10:15:00,2021-01-15 14:00:00,S,14152.387466797652,True
2021-01-18 07:15:00,2021-01-18 10:15:00,S,4192.116847694237,True
2021-01-18 11:30:00,2021-01-18 12:45:00,S,-2885.511006303006,False
2021-01-19 07:30:00,2021-01-19 08:00:00,S,-2876.854473284097,False
2021-01-19 09:15:00,2021-01-19 10:30:00,S,-2868.223909864245,False
2021-01-19 11:45:00,2021-01-19 12:45:00,S,14298.096190673261,True
2021-01-19 16:45:00,2021-01-19 21:45:00,S,1069.6327502630434,True
2021-01-20 10:45:00,2021-01-20 11:00:00,L,-2905.7224249574615,False
2021-01-20 13:30:00,2021-01-20 16:00:00,L,14485.026288412946,True
2021-01-21 07:45:00,2021-01-21 12:45:00,L,-2940.460336547828,False
2021-01-21 14:15:00,2021-01-21 19:15:00,L,5178.692842600905,True
2021-01-25 19:00:00,2021-01-26 01:00:00,S,2502.58224866335,True
2021-01-27 06:15:00,2021-01-27 08:00:00,S,-2954.682780811977,False
2021-01-27 08:15:00,2021-01-27 11:15:00,S,10787.629437390675,True
2021-01-27 18:00:00,2021-01-27 19:00:00,S,-2978.1816207817133,False
2021-01-28 08:30:00,2021-01-28 09:00:00,S,-2969.247075919368,False
2021-01-28 09:45:00,2021-01-28 10:00:00,S,-2960.33933469161,False
2021-01-28 10:45:00,2021-01-28 11:00:00,S,-2951.458316687535,False
2021-01-28 11:30:00,2021-01-28 14:00:00,S,-2942.6039417374723,False
2021-01-29 07:15:00,2021-01-29 07:30:00,S,-2933.7761299122603,False
2021-02-03 13:30:00,2021-02-03 18:30:00,S,7193.247798842969,True
2021-02-04 08:15:00,2021-02-04 10:15:00,S,14732.772724595261,True
2021-02-05 06:45:00,2021-02-05 07:00:00,S,-2990.752863092838,False
2021-02-05 07:45:00,2021-02-05 08:00:00,S,-2981.7806045035595,False
2021-02-05 09:15:00,2021-02-05 10:30:00,S,-2972.835262690049,False
2021-02-05 18:00:00,2021-02-05 21:45:00,S,-2963.9167569019787,False
2021-02-08 14:00:00,2021-02-08 14:15:00,S,-2955.025006631273,False
2021-02-12 17:15:00,2021-02-15 00:15:00,S,3162.3113071764164,True
2021-02-15 13:00:00,2021-02-15 16:00:00,S,6253.816235406772,True
2021-02-15 17:30:00,2021-02-16 01:00:00,S,-2974.4083142391282,False
2021-02-17 15:15:00,2021-02-17 19:15:00,S,4730.78806920615,True
2021-02-18 06:15:00,2021-02-18 06:30:00,S,-2979.6774535040295,False
2021-02-18 08:00:00,2021-02-18 08:30:00,S,-2970.7384211435174,False
2021-02-18 09:30:00,2021-02-18 13:00:00,S,-2961.826205880087,False
2021-02-19 06:30:00,2021-02-19 13:30:00,S,-479.46723528245667,False
2021-02-19 14:15:00,2021-02-19 14:45:00,S,-2951.5023255565993,False
2021-02-24 19:15:00,2021-02-24 20:45:00,S,-2942.6478185799297,False
2021-03-01 07:00:00,2021-03-01 07:15:00,S,-2933.81987512419,False
2021-03-01 09:00:00,2021-03-01 12:30:00,S,14625.092077494086,True
2021-03-02 07:45:00,2021-03-02 08:00:00,S,-2968.8936917313,False
2021-03-02 11:45:00,2021-03-02 12:45:00,S,-2959.987010656106,False
2021-03-02 13:30:00,2021-03-02 16:45:00,S,-2951.1070496241377,False
2021-03-02 18:15:00,2021-03-02 18:30:00,S,-2942.2537284752652,False
2021-03-02 19:15:00,2021-03-02 20:00:00,S,-2933.4269672898395,False
2021-03-03 16:45:00,2021-03-03 20:45:00,S,3543.6145808727138,True
2021-03-04 06:30:00,2021-03-04 06:45:00,S,-2935.257530130588,False
2021-03-04 08:00:00,2021-03-04 12:15:00,S,-2926.4517575401965,False
2021-03-04 12:45:00,2021-03-04 13:00:00,S,-2917.6724022675758,False
2021-03-04 13:15:00,2021-03-04 17:15:00,S,5042.769936991112,True
2021-03-05 09:00:00,2021-03-05 10:30:00,S,-2924.0476948717464,False
2021-03-05 12:45:00,2021-03-05 14:00:00,S,-2915.275551787131,False
2021-03-05 14:30:00,2021-03-05 17:30:00,S,1267.7030210271532,True
2021-03-05 18:30:00,2021-03-07 23:00:00,S,-2910.332834194851,False
2021-03-08 14:30:00,2021-03-08 19:30:00,S,7788.916057503572,True
2021-03-09 07:15:00,2021-03-09 07:30:00,S,-2924.968583864777,False
2021-03-09 08:15:00,2021-03-09 08:30:00,S,-2916.1936781131826,False
2021-03-09 08:45:00,2021-03-09 09:00:00,S,-2907.4450970788434,False
2021-03-09 10:45:00,2021-03-09 12:00:00,S,-2898.722761787607,False
2021-03-22 07:15:00,2021-03-22 11:00:00,S,-2890.026593502244,False
2021-03-24 06:15:00,2021-03-24 07:00:00,S,-2881.3565137217374,False
2021-03-24 16:45:00,2021-03-24 20:45:00,S,3890.8909589816653,True
2021-03-25 06:15:00,2021-03-25 14:00:00,S,-2884.385117057517,False
2021-03-25 14:30:00,2021-03-25 17:00:00,S,14378.659808531724,True
2021-03-26 08:00:00,2021-03-26 08:15:00,S,-2918.86794113194,False
2021-03-26 10:00:00,2021-03-26 15:00:00,S,-2910.111337308544,False
2021-03-29 17:30:00,2021-03-29 23:30:00,S,3941.0277702204526,True
2021-03-31 07:00:00,2021-03-31 10:30:00,S,-2913.20408660728,False
2021-03-31 11:00:00,2021-03-31 11:15:00,S,-2904.464474347458,False
2021-03-31 11:30:00,2021-03-31 12:30:00,S,-2895.751080924416,False
2021-03-31 13:00:00,2021-03-31 13:30:00,S,-2887.0638276816426,False
2021-03-31 18:15:00,2021-04-01 04:00:00,S,-2878.4026361985975,False
2021-04-06 07:30:00,2021-04-06 13:30:00,L,10890.298717155392,True
2021-04-07 12:00:00,2021-04-07 12:15:00,L,-2902.438324441468,False
2021-04-07 12:30:00,2021-04-07 20:30:00,L,2577.177549840209,True
2021-04-08 23:00:00,2021-04-09 04:00:00,L,-2901.4625421176643,False
2021-04-09 07:45:00,2021-04-09 08:15:00,L,-2892.7581544913114,False
2021-04-09 08:45:00,2021-04-09 10:00:00,L,-2884.079880027837,False
2021-04-09 10:30:00,2021-04-09 12:15:00,L,-2875.427640387754,False
2021-04-09 14:00:00,2021-04-09 19:00:00,L,4758.8318201766715,True
2021-04-15 12:15:00,2021-04-15 12:30:00,L,-2881.0778529271206,False
2021-04-15 20:00:00,2021-04-15 20:45:00,L,-2872.434619368339,False
2021-04-19 13:45:00,2021-04-19 17:45:00,L,-245.15470212773036,False
2021-04-19 19:00:00,2021-04-19 19:30:00,L,-2863.081851403851,False
2021-04-19 19:45:00,2021-04-20 01:00:00,L,-2854.49260584964,False
2021-04-20 07:30:00,2021-04-20 08:15:00,L,-2845.929128032091,False
2021-04-20 08:45:00,2021-04-20 09:15:00,L,-2837.3913406479946,False
2021-04-20 10:00:00,2021-04-20 12:30:00,L,-2828.879166626051,False
2021-04-21 11:00:00,2021-04-21 12:30:00,L,14101.962645630865,True
2021-04-22 11:15:00,2021-04-22 12:00:00,L,-2862.6984170630653,False
2021-04-22 12:30:00,2021-04-22 15:15:00,L,-2854.110321811876,False
2021-04-22 15:45:00,2021-04-22 16:00:00,L,-2845.5479908464404,False
2021-04-22 16:30:00,2021-04-22 23:30:00,L,4003.5247884203345,True
2021-04-23 06:45:00,2021-04-23 07:15:00,L,-2849.021921239162,False
2021-04-23 07:45:00,2021-04-23 11:45:00,L,8978.059781637305,True
2021-05-04 06:30:00,2021-05-04 10:00:00,L,-2867.4090348203563,False
2021-05-04 10:45:00,2021-05-04 11:30:00,L,-2858.806807715895,False
2021-05-04 11:45:00,2021-05-04 14:00:00,L,14251.151936463737,True
2021-05-07 06:45:00,2021-05-07 09:45:00,L,3026.111605298178,True
2021-05-07 12:30:00,2021-05-07 12:45:00,L,14510.310889590164,True
2021-05-10 19:00:00,2021-05-11 02:00:00,L,779.9631852227199,True
2021-05-11 06:30:00,2021-05-11 06:45:00,L,-2947.9330001424714,False
2021-05-11 07:30:00,2021-05-11 12:00:00,L,14695.44600571022,True
2021-05-11 13:45:00,2021-05-11 18:45:00,L,8769.48288193476,True
2021-05-17 12:45:00,2021-05-17 13:00:00,L,-3009.483987804979,False
2021-05-17 13:15:00,2021-05-17 15:00:00,L,15002.27767920782,True
2021-05-18 10:30:00,2021-05-18 11:00:00,L,-3045.4623688791876,False
2021-05-18 11:45:00,2021-05-18 13:00:00,L,-3036.3259817725498,False
2021-05-18 13:30:00,2021-05-18 13:45:00,L,-3027.2170038272325,False
2021-05-18 14:45:00,2021-05-18 18:45:00,L,3932.0501622445654,True
2021-05-19 09:00:00,2021-05-19 09:15:00,L,-3029.9315033024845,False
2021-05-19 12:15:00,2021-05-19 14:00:00,L,15104.208543962885,True
2021-05-19 18:30:00,2021-05-19 18:45:00,L,-3066.1543344244656,False
2021-05-19 19:15:00,2021-05-20 03:15:00,L,7477.11842288144,True
2021-05-20 08:15:00,2021-05-20 08:30:00,L,-3079.3872266898366,False
2021-05-20 11:15:00,2021-05-20 12:15:00,L,-3070.149065009767,False
2021-05-20 12:45:00,2021-05-20 14:00:00,L,15304.69308907369,True
2021-05-20 19:30:00,2021-05-20 23:45:00,L,-3106.852697081959,False
2021-05-21 07:15:00,2021-05-21 10:15:00,L,11477.759058782078,True
2021-05-21 14:30:00,2021-05-21 14:45:00,L,-3131.965416167059,False
2021-05-21 15:00:00,2021-05-21 16:00:00,L,-3122.569519918558,False
2021-05-21 16:30:00,2021-05-21 16:45:00,L,-3113.2018113588024,False
2021-05-21 17:15:00,2021-05-23 22:15:00,L,8588.461693296336,True
2021-05-24 07:30:00,2021-05-24 08:30:00,L,-3129.627591004615,False
2021-05-24 08:45:00,2021-05-24 11:45:00,L,4062.907913631897,True
2021-05-25 12:00:00,2021-05-25 14:00:00,L,15662.137159862485,True
2021-05-26 09:30:00,2021-05-26 12:30:00,L,9915.654391050699,True
2021-05-27 09:00:00,2021-05-27 10:00:00,L,-3209.160806625237,False
2021-05-27 10:30:00,2021-05-27 11:00:00,L,-3199.5333242053616,False
2021-05-27 13:00:00,2021-05-27 13:15:00,L,-3189.934724232746,False
2021-05-27 15:15:00,2021-05-27 19:15:00,L,8248.155487047847,True
2021-05-28 08:00:00,2021-05-28 12:00:00,L,1317.7071036326786,True
2021-05-28 12:30:00,2021-05-28 16:30:00,L,13378.182841522843,True
2021-05-31 07:30:00,2021-05-31 10:15:00,L,-3249.1970563566574,False
2021-05-31 10:45:00,2021-05-31 11:00:00,L,-3239.4494651875875,False
2021-05-31 11:30:00,2021-05-31 14:30:00,L,2893.217265289779,True
2021-06-01 11:30:00,2021-06-01 13:30:00,L,-3238.4107685878944,False
2021-06-01 14:30:00,2021-06-01 14:45:00,L,-3228.695536282131,False
2021-06-01 15:15:00,2021-06-01 20:15:00,L,1285.504045885981,True
2021-06-02 14:15:00,2021-06-02 14:45:00,L,-3222.8659618109423,False
2021-06-04 18:00:00,2021-06-07 01:00:00,L,1398.1219124517627,True
2021-06-08 06:15:00,2021-06-08 09:00:00,L,-3217.3917296628642,False
2021-06-08 12:00:00,2021-06-08 12:45:00,L,-3207.7395544738756,False
2021-06-10 12:15:00,2021-06-10 12:30:00,L,-3198.116335810454,False
2021-06-14 15:15:00,2021-06-14 19:15:00,S,-38.313537071432094,False
2021-06-15 09:15:00,2021-06-15 09:30:00,S,-3188.407046191808,False
2021-06-15 13:45:00,2021-06-15 16:30:00,S,15894.209125266163,True
2021-06-16 06:15:00,2021-06-16 06:30:00,S,-3226.5244524290315,False
2021-06-16 10:00:00,2021-06-16 16:00:00,S,1377.2210333749115,True
2021-06-16 17:00:00,2021-06-16 17:45:00,S,-3220.9765421718694,False
2021-06-16 19:15:00,2021-06-16 22:00:00,S,16056.568062726768,True
2021-06-17 19:45:00,2021-06-17 23:45:00,S,1165.6347169628366,True
2021-06-18 08:15:00,2021-06-18 08:30:00,S,-3262.9802208844235,False
2021-06-18 08:45:00,2021-06-18 09:15:00,S,-3253.1912802217703,False
2021-06-18 09:30:00,2021-06-18 09:45:00,S,-3243.431706381105,False
2021-06-18 10:00:00,2021-06-18 12:15:00,S,16168.507056309809,True
2021-06-21 11:30:00,2021-06-21 16:30:00,S,569.5596954507972,True
2021-06-22 12:15:00,2021-06-22 17:15:00,S,5057.08406615598,True
2021-06-23 09:00:00,2021-06-23 09:15:00,S,-3299.086863715712,False
2021-06-23 09:30:00,2021-06-23 13:00:00,S,-3289.189603124565,False
2021-06-23 18:15:00,2021-06-24 01:15:00,S,3950.7809665717823,True
2021-06-24 06:45:00,2021-06-24 09:00:00,S,-3291.1743772149066,False
2021-06-24 12:30:00,2021-06-24 13:30:00,S,-3281.300854083262,False
2021-06-25 06:15:00,2021-06-25 10:00:00,S,-3271.456951521013,False
2021-06-25 10:30:00,2021-06-25 10:45:00,S,-3261.6425806664492,False
2021-06-25 16:00:00,2021-06-25 20:00:00,S,-394.0365680854375,False
2021-06-28 07:15:00,2021-06-28 08:15:00,S,16253.37771610097,True
2021-06-28 13:45:00,2021-06-28 17:45:00,S,1765.3560569908161,True
2021-06-29 12:30:00,2021-06-29 15:30:00,S,5233.526277419752,True
2021-06-29 17:00:00,2021-06-29 18:15:00,S,-3320.4323233717287,False
2021-06-29 19:00:00,2021-06-29 23:00:00,S,4292.627710796541,True
2021-06-30 12:30:00,2021-06-30 12:45:00,S,-3323.3489095340024,False
2021-06-30 15:30:00,2021-06-30 17:00:00,S,-3313.3788628054003,False
2021-06-30 17:45:00,2021-06-30 19:30:00,S,-3303.438726216984,False
2021-06-30 20:00:00,2021-07-01 03:00:00,S,-3293.528410038333,False
2021-07-09 07:15:00,2021-07-09 12:00:00,L,-3283.6478248082176,False
2021-07-12 07:00:00,2021-07-12 12:00:00,L,-1664.888250637297,False
2021-07-12 12:30:00,2021-07-12 13:30:00,L,-3268.8022165818807,False
2021-07-12 15:15:00,2021-07-12 19:15:00,L,2230.7238553841844,True
2021-07-15 10:45:00,2021-07-15 13:00:00,L,-3265.687981498288,False
2021-07-15 13:15:00,2021-07-15 15:00:00,L,-3255.8909175537933,False
2021-07-16 06:30:00,2021-07-16 06:45:00,L,-3246.123244801132,False
2021-07-16 07:15:00,2021-07-16 07:30:00,L,-3236.384875066729,False
2021-07-16 07:45:00,2021-07-16 11:00:00,L,-3226.6757204415285,False
2021-07-16 11:30:00,2021-07-16 14:15:00,L,-3216.9956932802033,False
2021-07-20 12:15:00,2021-07-20 12:30:00,S,-3207.3447062003634,False
2021-07-20 14:15:00,2021-07-20 14:45:00,S,15988.61336040881,True
2021-07-21 07:15:00,2021-07-21 10:30:00,S,16228.442560814945,True
2021-07-22 07:45:00,2021-07-22 10:00:00,S,16471.86919922717,True
2021-07-22 15:45:00,2021-07-22 16:00:00,S,-3343.7894474431155,False
2021-07-22 19:00:00,2021-07-22 23:00:00,S,-1220.9690899082284,False
2021-07-23 08:15:00,2021-07-23 11:00:00,S,16650.475859155307,True
2021-07-23 17:45:00,2021-07-23 18:00:00,S,-3380.0465994085275,False
2021-07-23 18:45:00,2021-07-25 23:45:00,S,1777.735327395405,True
2021-07-27 09:00:00,2021-07-27 09:15:00,S,-3375.2396655924877,False
2021-07-27 13:00:00,2021-07-27 13:30:00,S,-3365.11394659571,False
2021-07-27 18:15:00,2021-07-27 23:15:00,S,4344.9177485786795,True
2021-08-02 14:15:00,2021-08-02 19:15:00,L,3371.7831709828447,True
2021-08-09 07:00:00,2021-08-09 07:30:00,S,-3378.168707514607,False
2021-08-09 09:00:00,2021-08-09 17:00:00,S,16840.171006960314,True
2021-08-10 07:30:00,2021-08-10 07:45:00,S,-3418.554714412944,False
2021-08-10 17:00:00,2021-08-10 17:15:00,S,-3408.2990502697053,False
2021-08-10 19:00:00,2021-08-10 23:00:00,S,3412.0637575065807,True
2021-08-11 09:45:00,2021-08-11 10:15:00,S,-3408.3103443914165,False
2021-08-11 11:15:00,2021-08-11 11:30:00,S,-3398.085413358242,False
2021-08-11 12:15:00,2021-08-11 12:30:00,S,-3387.8911571181675,False
2021-08-11 14:15:00,2021-08-11 14:45:00,S,-3377.7274836468127,False
2021-08-11 16:15:00,2021-08-11 18:00:00,S,-3367.594301195873,False
2021-08-12 06:45:00,2021-08-12 09:00:00,S,-3357.4915182922855,False
2021-08-12 09:45:00,2021-08-12 12:15:00,S,16737.09521868704,True
2021-08-12 16:45:00,2021-08-12 19:15:00,S,-3397.6303293934698,False
2021-08-16 06:30:00,2021-08-16 06:45:00,L,-3387.437438405289,False
2021-08-16 07:15:00,2021-08-16 12:00:00,L,-3377.2751260900727,False
2021-08-17 13:45:00,2021-08-17 18:00:00,L,-3367.1433007118026,False
2021-08-17 20:00:00,2021-08-18 00:00:00,L,2797.806964012257,True
2021-08-18 13:15:00,2021-08-18 13:30:00,L,-3365.435291701704,False
2021-08-18 14:15:00,2021-08-18 14:30:00,L,-3355.338985826599,False
2021-08-18 17:00:00,2021-08-18 17:45:00,L,-3345.2729688691193,False
2021-08-18 18:15:00,2021-08-19 00:15:00,L,1205.1980641416437,True
2021-08-23 09:00:00,2021-08-23 13:00:00,L,16694.263720774685,True
2021-08-25 07:45:00,2021-08-25 08:00:00,L,-3388.935535317261,False
2021-08-26 13:00:00,2021-08-26 15:00:00,L,16893.843643556545,True
2021-08-26 19:45:00,2021-08-27 01:45:00,L,8095.582045720359,True
2021-08-27 11:30:00,2021-08-27 13:00:00,L,-3453.7370057791404,False
2021-08-27 14:00:00,2021-08-27 16:30:00,L,17216.878973809016,True
2021-08-30 09:00:00,2021-08-30 12:00:00,L,5933.804723649465,True
2021-08-30 13:15:00,2021-08-30 13:30:00,L,-3512.827845854179,False
2021-08-30 14:15:00,2021-08-30 14:30:00,L,-3502.289362316616,False
2021-08-30 14:45:00,2021-08-30 15:00:00,L,-3491.782494229666,False
2021-08-30 19:15:00,2021-08-31 03:15:00,L,7986.250933168162,True
2021-08-31 12:15:00,2021-08-31 12:30:00,L,-3505.2658995464817,False
2021-08-31 13:30:00,2021-08-31 14:45:00,L,-3494.750101847842,False
2021-09-01 08:30:00,2021-09-01 12:30:00,L,7192.70860720372,True
2021-09-03 12:15:00,2021-09-03 12:30:00,L,17529.219886819552,True
2021-09-06 07:45:00,2021-09-06 09:00:00,L,-3558.431637024369,False
2021-09-06 12:00:00,2021-09-06 12:15:00,L,-3547.756342113296,False
2021-09-06 12:45:00,2021-09-06 13:00:00,L,-3537.1130730869563,False
2021-09-06 13:15:00,2021-09-06 15:00:00,L,-3526.5017338676953,False
2021-09-06 15:30:00,2021-09-07 02:30:00,L,12468.49279458281,True
2021-09-08 09:00:00,2021-09-08 12:00:00,S,-3553.3277070498407,False
2021-09-08 12:30:00,2021-09-08 14:00:00,S,17713.338619643455,True
2021-09-09 09:15:00,2021-09-09 09:30:00,S,-3595.807739787621,False
2021-09-09 13:15:00,2021-09-09 14:30:00,S,17925.10158284129,True
2021-09-09 18:30:00,2021-09-10 04:00:00,S,-3638.7956213167818,False
2021-09-10 08:45:00,2021-09-10 10:30:00,S,18139.396172264154,True
2021-09-13 07:15:00,2021-09-13 07:30:00,S,-3682.2974229696233,False
2021-09-13 12:30:00,2021-09-13 13:15:00,S,-3671.250530700714,False
2021-09-13 15:15:00,2021-09-13 20:15:00,S,3828.5507174941285,True
2021-09-14 12:15:00,2021-09-14 12:30:00,L,-3671.7224312610947,False
2021-09-15 12:45:00,2021-09-15 15:45:00,S,11220.921279252623,True
2021-09-17 07:45:00,2021-09-17 08:15:00,S,-3694.370027805069,False
2021-09-17 09:30:00,2021-09-17 09:45:00,S,-3683.286917721654,False
2021-09-17 10:15:00,2021-09-17 12:00:00,S,18361.185284842446,True
2021-09-20 07:30:00,2021-09-20 07:45:00,S,-3727.3206128230167,False
2021-09-20 08:15:00,2021-09-20 08:30:00,S,-3716.1386509845474,False
2021-09-20 11:00:00,2021-09-20 13:00:00,S,-3704.990235031594,False
2021-09-20 14:30:00,2021-09-20 14:45:00,S,-3693.8752643264993,False
2021-09-20 15:15:00,2021-09-21 00:15:00,S,-6.970451650943343,False
2021-09-21 11:00:00,2021-09-21 11:30:00,S,-3682.7727271785666,False
2021-09-23 12:30:00,2021-09-23 13:00:00,S,18358.622044985153,True
2021-09-24 06:45:00,2021-09-24 08:15:00,S,-3726.8002751319864,False
2021-09-24 08:45:00,2021-09-24 11:00:00,S,-3715.61987430659,False
2021-09-27 17:15:00,2021-09-27 22:15:00,S,3058.767751146221,True
2021-09-28 15:45:00,2021-09-28 20:45:00,S,2880.859296300831,True
2021-09-29 13:15:00,2021-09-29 13:30:00,S,-3722.2918958260116,False
2021-10-07 18:00:00,2021-10-08 01:45:00,S,-3711.1250201385333,False
2021-10-11 12:30:00,2021-10-11 13:30:00,S,-3699.991645078118,False
2021-10-11 14:45:00,2021-10-11 19:45:00,S,2672.894041910285,True
2021-10-12 07:15:00,2021-10-12 07:30:00,S,-3696.9103522686146,False
2021-10-13 13:15:00,2021-10-13 14:00:00,L,18429.098106059042,True
2021-10-14 15:15:00,2021-10-14 16:30:00,L,-3741.106915529985,False
2021-10-18 12:30:00,2021-10-18 13:15:00,S,-3729.883594783395,False
2021-10-18 13:45:00,2021-10-18 18:45:00,S,-117.49598516562544,False
2021-10-19 17:00:00,2021-10-20 03:00:00,L,5247.30750870898,True
2021-10-20 13:45:00,2021-10-20 14:00:00,L,-3734.083378569674,False
2021-10-21 08:30:00,2021-10-21 11:00:00,L,-3722.8811284339654,False
2021-10-21 13:15:00,2021-10-21 13:45:00,L,-3711.7124850486634,False
2021-10-21 18:30:00,2021-10-22 00:30:00,L,10515.855705444448,True
2021-10-22 16:30:00,2021-10-25 01:30:00,L,444.50196352189505,True
2021-10-26 09:15:00,2021-10-26 12:15:00,L,3573.630749440302,True
2021-10-27 06:15:00,2021-10-27 10:00:00,L,-3744.1793128487375,False
2021-10-27 10:45:00,2021-10-27 13:30:00,L,18664.733874550955,True
2021-10-27 14:30:00,2021-10-27 20:30:00,L,9715.149530835432,True
2021-10-28 10:45:00,2021-10-28 13:15:00,L,19090.432125631753,True
2021-11-03 10:00:00,2021-11-03 12:00:00,S,-3875.3577215032456,False
2021-11-03 12:45:00,2021-11-03 14:00:00,S,19318.65824169368,True
2021-11-04 18:15:00,2021-11-04 18:30:00,L,-3921.6876230638163,False
2021-11-04 19:00:00,2021-11-04 23:30:00,L,-3909.922560194625,False
2021-11-05 10:00:00,2021-11-05 10:15:00,L,-3898.192792514041,False
2021-11-05 10:45:00,2021-11-05 11:00:00,L,-3886.4982141364985,False
2021-11-05 11:45:00,2021-11-05 13:00:00,L,-3874.8387194940888,False
2021-11-08 09:15:00,2021-11-08 14:00:00,L,19316.07101667803,True
2021-11-09 08:15:00,2021-11-09 12:15:00,L,-215.6944829749103,False
2021-11-09 16:30:00,2021-11-09 21:30:00,L,9718.256989225501,True
2021-11-10 06:30:00,2021-11-10 06:45:00,L,-3949.6701039043924,False
2021-11-10 07:00:00,2021-11-10 07:15:00,L,-3937.8210935926795,False
2021-11-10 09:15:00,2021-11-10 09:45:00,L,-3926.0076303119013,False
2021-11-12 13:15:00,2021-11-12 17:15:00,L,10049.532999524525,True
2021-11-15 07:30:00,2021-11-15 11:30:00,L,13271.802962549953,True
2021-11-15 16:30:00,2021-11-15 16:45:00,L,-3984.1936153071892,False
2021-11-16 07:45:00,2021-11-16 09:00:00,L,19861.205172306338,True
2021-11-16 14:45:00,2021-11-16 16:15:00,L,-4031.824649978187,False
2021-11-17 06:15:00,2021-11-17 08:45:00,L,20098.645880141263,True
2021-11-18 07:45:00,2021-11-18 08:30:00,L,-4080.025113668676,False
2021-11-18 09:00:00,2021-11-18 09:45:00,L,-4067.78503832767,False
2021-11-18 12:15:00,2021-11-18 13:00:00,L,-4055.5816832126875,False
2021-11-18 13:45:00,2021-11-18 14:00:00,L,-4043.4149381630496,False
2021-11-18 19:00:00,2021-11-18 19:45:00,L,-4031.2846933485603,False
2021-11-19 08:15:00,2021-11-19 08:30:00,L,-4019.190839268515,False
2021-11-19 09:30:00,2021-11-19 09:45:00,L,-4007.1332667507095,False
2021-11-19 14:30:00,2021-11-19 19:00:00,L,-3995.111866950457,False
2021-11-22 09:45:00,2021-11-22 10:30:00,S,19915.63265674803,True
2021-11-25 09:00:00,2021-11-25 13:00:00,S,14643.345342882605,True
2021-11-26 12:45:00,2021-11-26 16:30:00,S,20434.017326742487,True
2021-11-29 08:15:00,2021-11-29 08:30:00,S,-4148.105517328725,False
2021-11-29 09:15:00,2021-11-29 12:15:00,S,9883.619167540184,True
2021-11-30 06:15:00,2021-11-30 06:45:00,S,-4165.312058279359,False
2021-11-30 08:30:00,2021-11-30 09:15:00,S,-4152.816122104521,False
2021-11-30 10:30:00,2021-11-30 10:45:00,S,-4140.357673738208,False
2021-11-30 11:00:00,2021-11-30 14:00:00,S,820.2701861833925,True
2021-11-30 14:30:00,2021-11-30 14:45:00,S,-4130.397411275544,False
2021-12-01 13:00:00,2021-12-01 13:15:00,S,-4118.0062190417175,False
2021-12-01 15:15:00,2021-12-01 15:30:00,S,-4105.652200384592,False
2021-12-02 11:30:00,2021-12-02 12:00:00,S,-4093.3352437834383,False
2021-12-02 15:15:00,2021-12-02 15:30:00,S,-4081.055238052088,False
2021-12-03 06:15:00,2021-12-03 12:15:00,S,6355.00225502909,True
2021-12-03 13:15:00,2021-12-03 13:30:00,S,-4087.8770791030192,False
2021-12-06 17:30:00,2021-12-06 21:30:00,S,5742.406519173471,True
2021-12-07 12:45:00,2021-12-07 13:30:00,S,20464.203337116152,True
2021-12-15 13:45:00,2021-12-15 14:00:00,S,-4154.23327743458,False
2021-12-17 14:45:00,2021-12-17 15:45:00,L,-4141.770577602276,False
2021-12-21 06:15:00,2021-12-21 08:00:00,S,-4129.345265869469,False
2021-12-21 12:15:00,2021-12-21 12:45:00,S,-4116.95723007186,False
2021-12-21 15:15:00,2021-12-22 00:15:00,S,1826.4995189292454,True
2021-12-22 08:15:00,2021-12-22 08:30:00,L,-4110.085856938433,False
2021-12-22 09:00:00,2021-12-22 12:00:00,L,15547.83592747049,True
2021-12-23 11:45:00,2021-12-23 12:15:00,L,-4144.399107150029,False
2021-12-23 12:45:00,2021-12-23 13:30:00,L,20659.829549142894,True
2021-12-23 15:00:00,2021-12-23 19:00:00,L,11490.668622180396,True
2021-12-27 11:00:00,2021-12-27 13:15:00,L,-4228.417404342548,False
2021-12-27 13:45:00,2021-12-27 17:45:00,L,4945.082361261548,True
2021-12-27 18:30:00,2021-12-28 02:30:00,L,1501.0809575752353,True
2021-12-28 14:30:00,2021-12-28 16:00:00,L,-4235.0706420860315,False
2021-12-28 16:30:00,2021-12-28 18:30:00,L,-4222.3654301597735,False
2021-12-28 19:30:00,2021-12-28 20:45:00,L,-4209.698333869294,False
2022-01-05 08:15:00,2022-01-05 16:00:00,L,20985.346194338435,True
2022-01-05 19:30:00,2022-01-05 19:45:00,L,-4260.025277450703,False
2022-01-07 12:15:00,2022-01-07 13:30:00,S,-4247.245201618351,False
2022-01-10 12:15:00,2022-01-10 14:15:00,S,21172.517330067476,True
2022-01-11 13:00:00,2022-01-11 13:30:00,L,-4298.0210180036975,False
2022-01-11 14:30:00,2022-01-11 18:00:00,L,21425.634774748432,True
2022-01-12 09:00:00,2022-01-12 09:15:00,L,-4349.403859273932,False
2022-01-12 09:30:00,2022-01-12 13:30:00,L,21681.778238480547,True
2022-01-13 10:00:00,2022-01-13 13:00:00,L,5916.023609841827,True
2022-01-13 13:45:00,2022-01-13 14:00:00,L,-4419.149053241077,False
2022-01-13 16:15:00,2022-01-13 19:15:00,L,10891.714298571667,True
2022-01-14 13:00:00,2022-01-14 14:30:00,L,-4438.5667489770685,False
2022-01-14 19:45:00,2022-01-16 23:45:00,L,-1717.7869104581232,False
2022-01-18 13:45:00,2022-01-18 14:15:00,L,-4420.097687998762,False
2022-01-19 08:15:00,2022-01-19 11:15:00,L,15564.027239574263,True
2022-01-20 06:45:00,2022-01-20 07:45:00,L,-4453.529476653489,False
2022-01-20 12:00:00,2022-01-20 12:15:00,L,-4440.1688882235285,False
2022-01-21 10:00:00,2022-01-21 16:00:00,L,1054.8831655285571,True
2022-01-21 18:45:00,2022-01-23 23:45:00,L,9962.155785035202,True
2022-01-24 11:45:00,2022-01-24 14:00:00,L,-4459.899498410548,False
2022-01-24 14:15:00,2022-01-24 14:30:00,L,-4446.519799915317,False
2022-01-24 15:45:00,2022-01-24 21:45:00,L,17622.980281194657,True
2022-01-25 10:45:00,2022-01-25 14:45:00,L,15452.402992673218,True
2022-01-26 09:15:00,2022-01-26 11:15:00,L,-4532.406390337174,False
2022-01-27 07:30:00,2022-01-27 09:00:00,S,-4518.809171166163,False
2022-01-27 10:45:00,2022-01-27 13:00:00,S,22526.26371826332,True
2022-01-28 06:15:00,2022-01-28 08:15:00,S,22864.15767403727,True
2022-01-31 11:45:00,2022-01-31 12:00:00,S,-4641.424007829565,False
2022-01-31 12:15:00,2022-01-31 15:00:00,S,-4627.499735806077,False
2022-01-31 15:45:00,2022-01-31 16:00:00,S,-4613.617236598659,False
2022-01-31 16:30:00,2022-01-31 16:45:00,S,-4599.776384888863,False
2022-01-31 17:30:00,2022-01-31 18:30:00,S,-4585.977055734196,False
2022-02-01 00:00:00,2022-02-01 04:00:00,S,4170.492395930386,True
2022-02-01 07:45:00,2022-02-01 08:00:00,S,-4584.730601754784,False
2022-02-02 13:15:00,2022-02-02 13:30:00,S,-4570.9764099495205,False
2022-02-07 11:15:00,2022-02-07 19:00:00,L,22786.31740359836,True
2022-02-08 06:45:00,2022-02-08 07:00:00,L,-4625.622432930467,False
2022-02-08 09:00:00,2022-02-08 09:15:00,L,-4611.745565631676,False
2022-02-09 08:00:00,2022-02-09 14:00:00,L,-3387.441625475448,False
2022-02-10 10:00:00,2022-02-10 12:15:00,L,-4587.748004058355,False
2022-02-10 12:45:00,2022-02-10 13:00:00,L,-4573.98476004618,False
2022-02-10 13:45:00,2022-02-10 14:00:00,L,-4560.26280576604,False
2022-02-14 07:00:00,2022-02-14 12:45:00,L,-4546.582017348743,False
2022-02-15 14:15:00,2022-02-15 14:30:00,L,-4532.942271296696,False
2022-02-15 15:15:00,2022-02-15 15:30:00,L,-4519.343444482806,False
2022-02-16 14:15:00,2022-02-16 19:00:00,L,22528.92707074679,True
2022-02-18 07:30:00,2022-02-18 10:15:00,L,-4573.372195361599,False
2022-02-18 11:00:00,2022-02-18 11:15:00,L,-4559.6520787755135,False
2022-02-18 11:30:00,2022-02-18 19:30:00,L,18267.975499117532,True
2022-02-21 07:45:00,2022-02-21 10:45:00,L,12800.571693341124,True
2022-02-22 12:45:00,2022-02-22 15:30:00,L,-4639.178764116563,False
2022-02-23 09:45:00,2022-02-23 13:15:00,L,23126.306139121065,True
2022-02-24 15:45:00,2022-02-24 17:00:00,L,-4694.640146241576,False
2022-02-28 10:15:00,2022-02-28 15:15:00,L,17178.66072166356,True
2022-02-28 18:00:00,2022-02-28 21:00:00,L,11680.06812583995,True
2022-03-02 06:15:00,2022-03-02 07:45:00,L,23835.662061726816,True
2022-03-02 10:00:00,2022-03-02 10:15:00,L,-4838.639398530544,False
2022-03-02 10:30:00,2022-03-02 15:30:00,L,11173.054953775752,True
2022-03-02 16:30:00,2022-03-02 16:45:00,L,-4857.64264519628,False
2022-03-02 17:30:00,2022-03-02 21:30:00,L,8276.149915926175,True
2022-03-03 14:15:00,2022-03-03 16:00:00,L,-4867.898167008469,False
2022-03-03 16:30:00,2022-03-04 00:30:00,L,22119.15272228729,True
2022-03-04 06:45:00,2022-03-04 08:00:00,L,-4919.651930674305,False
2022-03-07 06:30:00,2022-03-07 10:15:00,L,24524.46487441141,True
2022-03-07 14:30:00,2022-03-07 19:30:00,L,16628.19410704901,True
2022-03-09 08:30:00,2022-03-09 08:45:00,L,-5028.350951826664,False
2022-03-09 10:45:00,2022-03-09 11:00:00,L,-5013.265898971184,False
2022-03-09 11:30:00,2022-03-09 13:00:00,L,-4998.22610127427,False
2022-03-09 13:15:00,2022-03-09 13:30:00,L,-4983.231422970447,False
2022-03-09 15:15:00,2022-03-09 17:30:00,L,-4968.281728701535,False
2022-03-10 08:15:00,2022-03-10 12:00:00,L,24766.88441757716,True
2022-03-10 15:30:00,2022-03-10 20:30:00,L,5164.537313187021,True
2022-03-15 17:45:00,2022-03-16 00:45:00,S,6656.78942510046,True
2022-03-16 10:15:00,2022-03-16 10:30:00,S,-5063.141516983025,False
2022-03-16 12:00:00,2022-03-16 14:00:00,S,25239.76046216038,True
2022-03-18 11:45:00,2022-03-18 13:15:00,S,25618.356869092786,True
2022-03-22 06:30:00,2022-03-22 10:00:00,S,26002.632222129178,True
2022-03-24 07:15:00,2022-03-24 08:45:00,L,-5278.534341092223,False
2022-03-25 07:45:00,2022-03-25 10:30:00,L,-5262.698738068946,False
2022-03-25 13:45:00,2022-03-25 18:45:00,L,10800.712655936677,True
2022-03-28 12:30:00,2022-03-28 16:30:00,S,4646.791964574175,True
2022-03-29 06:15:00,2022-03-29 06:45:00,S,-5293.253155716272,False
2022-03-29 14:45:00,2022-03-29 15:45:00,S,-5277.373396249123,False
2022-03-29 20:00:00,2022-03-29 22:00:00,S,-5261.541276060376,False
2022-04-01 19:15:00,2022-04-01 19:30:00,S,-5245.756652232195,False
2022-04-04 14:15:00,2022-04-04 17:15:00,L,5034.487024171441,True
2022-04-04 18:15:00,2022-04-04 22:15:00,L,6684.939928044088,True
2022-04-05 07:15:00,2022-04-05 10:15:00,S,8681.16829420458,True
2022-04-05 15:15:00,2022-04-05 18:15:00,S,11475.101697549475,True
2022-04-06 10:45:00,2022-04-06 13:30:00,S,-5325.6464731074075,False
2022-04-06 16:15:00,2022-04-06 18:00:00,S,-5309.669533688086,False
2022-04-07 08:00:00,2022-04-07 08:15:00,S,-5293.7405250870215,False
2022-04-07 09:00:00,2022-04-07 09:30:00,S,-5277.85930351176,False
2022-04-07 10:30:00,2022-04-07 12:00:00,S,-5262.025725601225,False
2022-04-08 07:15:00,2022-04-08 10:15:00,L,10092.5024336443,True
2022-04-08 13:00:00,2022-04-08 15:00:00,L,26382.585778626773,True
2022-04-11 15:00:00,2022-04-11 16:15:00,L,-5355.664913061235,False
2022-04-11 17:30:00,2022-04-12 00:30:00,L,12369.00233118984,True
2022-04-12 08:30:00,2022-04-12 08:45:00,L,-5376.70492531562,False
2022-04-12 09:15:00,2022-04-12 12:30:00,L,26802.874052698367,True
2022-04-13 07:45:00,2022-04-13 10:45:00,L,23126.07966288024,True
2022-04-14 08:00:00,2022-04-14 08:45:00,L,-5510.361671686408,False
2022-04-14 09:45:00,2022-04-14 12:00:00,L,27469.152933356745,True
2022-04-14 12:15:00,2022-04-14 12:30:00,L,-5576.238045471419,False
2022-04-14 15:15:00,2022-04-14 15:30:00,L,-5559.509331335005,False
2022-04-18 15:30:00,2022-04-18 16:45:00,L,-5542.830803341,False
2022-04-18 19:00:00,2022-04-18 23:00:00,L,-5526.202310930977,False
2022-04-19 06:30:00,2022-04-19 06:45:00,L,-5509.623703998184,False
2022-04-19 07:15:00,2022-04-19 10:15:00,L,-5493.09483288619,False
2022-04-22 06:15:00,2022-04-22 08:15:00,S,27383.077741937654,True
2022-04-25 19:45:00,2022-04-26 00:15:00,S,-5558.764781613344,False
2022-04-26 06:15:00,2022-04-26 09:15:00,S,3962.832397781981,True
2022-04-26 11:30:00,2022-04-26 17:30:00,S,6635.518614352278,True
2022-04-27 06:45:00,2022-04-27 08:00:00,S,27869.41770152453,True
2022-04-27 11:45:00,2022-04-27 12:00:00,S,-5657.491793409479,False
2022-04-27 12:45:00,2022-04-27 13:30:00,S,28202.59659014626,True
2022-04-28 07:45:00,2022-04-28 10:00:00,S,-5725.12710779969,False
2022-04-28 12:00:00,2022-04-28 12:30:00,S,-5707.951726476291,False
2022-04-28 18:45:00,2022-04-29 00:00:00,S,-5690.827871296862,False
2022-05-03 12:15:00,2022-05-03 14:00:00,S,-5673.755387682972,False
2022-05-03 15:30:00,2022-05-03 19:30:00,S,10193.708830679252,True
2022-05-04 06:15:00,2022-05-04 06:30:00,S,-5687.315248011961,False
2022-05-04 08:30:00,2022-05-04 17:30:00,S,2353.830417463051,True
2022-05-05 14:15:00,2022-05-05 19:15:00,S,15681.100981636948,True
2022-05-06 07:00:00,2022-05-06 07:15:00,S,-5724.358096465225,False
2022-05-06 07:45:00,2022-05-06 10:00:00,S,-5707.185022175829,False
2022-05-09 12:45:00,2022-05-09 13:00:00,S,-5690.063467109301,False
2022-05-09 13:30:00,2022-05-09 17:30:00,S,15104.80498231594,True
2022-05-10 06:30:00,2022-05-10 08:45:00,S,-5718.307691654922,False
2022-05-11 11:30:00,2022-05-11 13:00:00,S,28505.76384289978,True
2022-05-11 15:00:00,2022-05-11 18:00:00,S,-5786.670060108656,False
2022-05-16 11:15:00,2022-05-16 12:30:00,S,-5769.31004992833,False
2022-05-16 13:30:00,2022-05-16 13:45:00,S,-5752.002119778545,False
2022-05-16 18:30:00,2022-05-16 18:45:00,S,-5734.74611341921,False
2022-05-17 12:30:00,2022-05-17 12:45:00,S,-5717.541875078951,False
2022-05-18 10:45:00,2022-05-18 15:30:00,S,-5700.389249453715,False
2022-05-18 16:15:00,2022-05-18 20:15:00,S,9264.235461421655,True
2022-05-24 19:15:00,2022-05-25 02:00:00,L,-5711.080788089618,False
2022-05-26 08:00:00,2022-05-26 14:00:00,S,-4328.259752605751,False
2022-05-26 14:45:00,2022-05-26 18:45:00,S,-3519.8383963536617,False
2022-05-31 10:00:00,2022-05-31 12:00:00,S,-5670.403251278471,False
2022-06-01 08:30:00,2022-06-01 11:30:00,S,9112.93842189201,True
2022-06-02 07:15:00,2022-06-02 10:15:00,L,12399.468005352546,True
2022-06-06 12:30:00,2022-06-06 15:00:00,S,28589.646304031845,True
2022-06-07 09:00:00,2022-06-07 09:15:00,S,-5803.698199718465,False
2022-06-07 12:00:00,2022-06-07 13:45:00,S,-5786.287105119309,False
2022-06-09 19:30:00,2022-06-10 02:30:00,S,4673.512857455384,True
2022-06-10 12:45:00,2022-06-10 13:00:00,L,-5782.948782376317,False
2022-06-14 07:15:00,2022-06-14 11:45:00,S,28827.999680145942,True
2022-06-15 07:00:00,2022-06-15 07:15:00,S,-5852.083935069626,False
2022-06-15 08:00:00,2022-06-15 09:00:00,S,-5834.527683264417,False
2022-06-15 13:00:00,2022-06-15 14:45:00,S,29085.12050107312,True
2022-06-15 19:45:00,2022-06-16 01:45:00,S,3145.3237766127327,True
2022-06-16 08:45:00,2022-06-16 09:00:00,S,-5913.7154330476815,False
2022-06-16 09:30:00,2022-06-16 11:00:00,S,29479.871433742694,True
2022-06-21 14:15:00,2022-06-21 14:30:00,S,-5984.4139010497665,False
2022-06-21 15:00:00,2022-06-21 18:00:00,S,14183.119285755054,True
2022-06-23 09:15:00,2022-06-23 11:00:00,S,30045.050086019408,True
2022-06-23 16:15:00,2022-06-23 18:15:00,S,30495.7258373097,True
2022-06-24 08:30:00,2022-06-24 09:45:00,S,-6190.632344973868,False
2022-06-24 10:15:00,2022-06-24 14:00:00,S,-6172.060447938947,False
2022-06-24 14:45:00,2022-06-24 15:00:00,S,-6153.54426659513,False
2022-06-24 17:00:00,2022-06-24 17:15:00,S,-6135.083633795345,False
2022-06-28 07:00:00,2022-06-28 11:15:00,S,30583.391914469794,True
2022-06-29 13:45:00,2022-06-29 16:45:00,S,9771.21931822931,True
2022-06-29 19:00:00,2022-06-29 20:00:00,S,-6237.742216592056,False
2022-06-30 14:30:00,2022-06-30 17:30:00,S,10797.602841071193,True
2022-07-01 16:30:00,2022-07-01 17:45:00,S,-6251.421798465493,False
2022-07-01 19:45:00,2022-07-01 20:45:00,S,-6232.667533070097,False
2022-07-04 07:30:00,2022-07-04 10:30:00,S,15061.0807388998,True
2022-07-04 13:00:00,2022-07-04 15:00:00,S,-6259.152772687586,False
2022-07-04 15:15:00,2022-07-04 18:15:00,S,258.975042899679,True
2022-07-06 07:45:00,2022-07-06 14:00:00,S,31205.761197491112,True
2022-07-06 19:30:00,2022-07-06 23:30:00,S,4715.3371994578965,True
2022-07-07 06:30:00,2022-07-07 11:30:00,S,10883.099828407001,True
2022-07-07 17:15:00,2022-07-07 20:15:00,S,1020.0259107463179,True
2022-07-08 08:30:00,2022-07-08 14:00:00,S,-6384.62491190653,False
2022-07-08 18:00:00,2022-07-10 23:00:00,S,154.7317547419813,True
2022-07-11 15:15:00,2022-07-11 22:15:00,S,11230.680476154152,True
2022-07-12 07:45:00,2022-07-12 11:15:00,S,-6399.627273863498,False
2022-07-12 11:45:00,2022-07-12 14:45:00,S,20977.121522358513,True
2022-07-13 09:30:00,2022-07-13 12:30:00,S,32216.798783044913,True
2022-07-13 12:45:00,2022-07-13 13:00:00,S,-6540.010152958118,False
2022-07-13 15:45:00,2022-07-13 20:45:00,S,4125.666886664268,True
2022-07-15 06:15:00,2022-07-15 10:15:00,S,17936.993480776284,True
2022-07-15 12:15:00,2022-07-15 12:30:00,S,-6586.578103601565,False
2022-07-18 10:15:00,2022-07-18 13:30:00,S,-6566.8183692907605,False
2022-07-19 06:15:00,2022-07-19 08:00:00,S,-6547.117914182889,False
2022-07-19 10:00:00,2022-07-19 10:15:00,S,-6527.476560440339,False
2022-07-19 11:30:00,2022-07-19 12:15:00,S,32539.47065379509,True
2022-07-20 10:15:00,2022-07-20 13:15:00,S,-6605.512542720404,False
2022-07-20 13:45:00,2022-07-20 18:45:00,S,23136.15682472792,True
2022-07-28 12:45:00,2022-07-28 13:00:00,L,-6655.104475566426,False
2022-07-29 10:00:00,2022-07-29 12:00:00,L,-6635.139162139726,False
2022-08-01 07:15:00,2022-08-01 07:30:00,L,-6615.233744653308,False
2022-08-02 08:45:00,2022-08-02 15:15:00,L,32976.94021709674,True
2022-08-03 12:00:00,2022-08-03 12:15:00,L,-6694.3188640706385,False
2022-08-03 17:30:00,2022-08-03 23:30:00,L,9828.611537988934,True
2022-08-05 06:45:00,2022-08-05 08:00:00,L,-6703.721742092392,False
2022-08-05 08:45:00,2022-08-05 09:30:00,L,-6683.6105768661155,False
2022-08-05 11:30:00,2022-08-05 12:30:00,L,-6663.559745135517,False
2022-08-05 16:15:00,2022-08-07 22:15:00,L,1174.5089306591715,True
2022-08-10 08:00:00,2022-08-10 08:15:00,L,-6647.092592692088,False
2022-08-10 18:45:00,2022-08-10 19:00:00,L,-6627.151314914012,False
2022-08-11 06:15:00,2022-08-11 06:30:00,L,-6607.26986096927,False
2022-08-11 07:00:00,2022-08-11 14:00:00,L,44340.82537305538,True
2022-08-11 15:45:00,2022-08-11 17:00:00,L,-6720.470527505528,False
2022-08-11 19:30:00,2022-08-11 19:45:00,L,-6700.309115923011,False
2022-08-12 09:00:00,2022-08-12 12:00:00,L,-6680.208188575242,False
2022-08-17 06:15:00,2022-08-17 08:00:00,S,33300.837820047585,True
2022-08-17 13:45:00,2022-08-17 16:45:00,S,17771.04543666795,True
2022-08-17 19:00:00,2022-08-17 23:00:00,S,13585.473097485677,True
2022-08-18 13:15:00,2022-08-18 13:30:00,S,-6854.139633072118,False
2022-08-19 08:00:00,2022-08-19 13:00:00,S,-6833.577214172902,False
2022-08-19 13:45:00,2022-08-19 18:45:00,S,14963.190109059187,True
2022-08-22 06:15:00,2022-08-22 08:15:00,S,34289.830264287804,True
2022-08-22 14:30:00,2022-08-22 14:45:00,S,-6960.835543650424,False
2022-08-22 15:00:00,2022-08-22 19:00:00,S,2057.6301927030986,True
2022-08-23 09:00:00,2022-08-23 12:30:00,S,34730.62963798792,True
2022-08-23 14:30:00,2022-08-23 14:45:00,S,-7050.317816511547,False
2022-08-23 16:15:00,2022-08-23 22:15:00,S,4006.769827505977,True
2022-08-26 06:45:00,2022-08-26 07:45:00,S,35205.93586272265,True
2022-08-29 12:15:00,2022-08-29 12:30:00,S,-7146.804980132698,False
2022-08-29 14:45:00,2022-08-29 18:45:00,S,618.5449028511266,True
2022-08-30 08:45:00,2022-08-30 14:15:00,S,35636.10099950427,True
2022-08-31 15:15:00,2022-08-31 22:15:00,S,24200.816940354507,True
2022-09-01 18:45:00,2022-09-01 23:45:00,S,-4378.786897387226,False
2022-09-02 07:15:00,2022-09-02 07:30:00,S,-7293.594593028269,False
2022-09-02 08:15:00,2022-09-02 08:30:00,S,-7271.713809249185,False
2022-09-02 15:30:00,2022-09-02 15:45:00,S,-7249.898667821438,False
2022-09-02 16:30:00,2022-09-05 00:30:00,S,26721.68369617632,True
2022-09-05 06:15:00,2022-09-05 08:30:00,S,-7308.314022906502,False
2022-09-05 10:30:00,2022-09-05 14:30:00,S,16926.509301044633,True
2022-09-07 10:45:00,2022-09-07 14:15:00,S,-7337.168608740915,False
2022-09-08 20:00:00,2022-09-08 20:15:00,S,-7315.157102914693,False
2022-09-13 12:15:00,2022-09-13 12:30:00,S,36466.058158029744,True
2022-09-13 12:45:00,2022-09-13 16:45:00,S,9690.197740313877,True
2022-09-14 08:30:00,2022-09-14 08:45:00,S,-7431.680399300981,False
2022-09-14 09:00:00,2022-09-14 12:45:00,S,-7409.385358103078,False
2022-09-14 13:15:00,2022-09-14 16:15:00,S,8993.241077760316,True
2022-09-16 11:15:00,2022-09-16 11:30:00,S,-7414.13692526205,False
2022-09-16 12:15:00,2022-09-16 15:00:00,S,-7391.894514486264,False
2022-09-16 15:45:00,2022-09-16 19:00:00,S,-7369.718830942805,False
2022-09-16 19:30:00,2022-09-18 22:00:00,S,-7347.609674449977,False
2022-09-19 13:00:00,2022-09-19 13:30:00,S,-7325.566845426627,False
2022-09-19 15:00:00,2022-09-19 15:15:00,S,-7303.590144890347,False
2022-09-19 15:45:00,2022-09-19 18:45:00,S,3448.3967229929235,True
2022-09-21 06:45:00,2022-09-21 07:00:00,S,-7292.024564624654,False
2022-09-21 11:00:00,2022-09-21 11:45:00,S,-7270.14849093078,False
2022-09-21 19:30:00,2022-09-22 00:30:00,S,28358.280110739994,True
2022-09-22 08:30:00,2022-09-22 11:30:00,S,12540.281528400517,True
2022-09-22 14:45:00,2022-09-22 16:45:00,S,-7371.0337303754095,False
2022-09-23 06:45:00,2022-09-23 09:00:00,S,36744.603145921414,True
2022-09-26 07:45:00,2022-09-26 14:45:00,S,1700.7126423267746,True
2022-09-27 06:15:00,2022-09-27 06:30:00,S,-7464.256576549029,False
2022-09-27 07:00:00,2022-09-27 07:15:00,S,-7441.863806819382,False
2022-09-27 07:45:00,2022-09-27 12:15:00,S,-7419.538215398924,False
2022-09-27 13:00:00,2022-09-27 13:15:00,S,-7397.279600752728,False
2022-09-27 14:15:00,2022-09-27 19:15:00,S,14755.527619526436,True
2022-09-28 10:30:00,2022-09-28 10:45:00,S,-7419.354344809049,False
2022-09-28 11:15:00,2022-09-28 12:15:00,S,-7397.096281774621,False
2022-10-03 07:00:00,2022-10-03 08:00:00,L,-7374.904992929297,False
2022-10-03 08:30:00,2022-10-03 08:45:00,L,-7352.78027795051,False
2022-10-03 10:00:00,2022-10-03 14:00:00,L,25794.94581302465,True
2022-10-04 11:45:00,2022-10-04 15:00:00,L,37040.53387277866,True
2022-10-05 06:15:00,2022-10-05 07:45:00,L,-7519.228376174066,False
2022-10-05 08:45:00,2022-10-05 09:30:00,L,-7496.670691045545,False
2022-10-05 10:30:00,2022-10-05 11:30:00,L,-7474.180678972409,False
2022-10-05 12:00:00,2022-10-05 17:00:00,L,6747.2255146252555,True
2022-10-06 09:15:00,2022-10-06 10:45:00,L,-7471.999813479367,False
2022-10-06 11:45:00,2022-10-06 13:00:00,L,-7449.583814038929,False
2022-10-06 13:45:00,2022-10-06 15:00:00,L,-7427.235062596812,False
2022-10-06 16:30:00,2022-10-06 19:30:00,L,10594.339090872238,True
2022-10-07 09:15:00,2022-10-07 09:30:00,L,-7436.736374681637,False
2022-10-07 10:45:00,2022-10-07 12:30:00,L,-7414.426165557592,False
2022-10-11 06:45:00,2022-10-11 14:30:00,S,-7392.18288706092,False
2022-10-11 17:30:00,2022-10-11 18:45:00,S,36850.03169199868,True
2022-10-12 07:00:00,2022-10-12 14:00:00,S,4622.705571733619,True
2022-10-12 18:45:00,2022-10-12 23:45:00,S,-1353.5148270768607,False
2022-10-13 19:30:00,2022-10-13 23:30:00,S,384.71992431139745,True
2022-10-14 07:00:00,2022-10-14 08:45:00,S,37457.59082741319,True
2022-10-17 06:30:00,2022-10-17 07:00:00,S,-7603.890937964878,False
2022-10-17 08:30:00,2022-10-17 08:45:00,S,-7581.079265150983,False
2022-10-17 11:45:00,2022-10-17 12:00:00,S,-7558.336027355529,False
2022-10-17 12:15:00,2022-10-17 12:30:00,S,-7535.661019273462,False
2022-10-17 13:15:00,2022-10-17 13:30:00,S,-7513.054036215643,False
2022-10-18 13:15:00,2022-10-18 15:30:00,S,37452.57437053498,True
2022-10-20 06:30:00,2022-10-20 07:45:00,S,-7602.872597218601,False
2022-10-20 12:45:00,2022-10-20 14:00:00,S,-7580.0639794269455,False
2022-10-20 15:30:00,2022-10-20 19:15:00,S,37786.61893744333,True
2022-10-21 08:00:00,2022-10-21 11:00:00,S,-7670.683644300995,False
2022-10-21 11:15:00,2022-10-21 12:45:00,S,-7647.671593368093,False
2022-10-21 13:15:00,2022-10-21 13:30:00,S,-7624.728578587989,False
2022-10-21 14:30:00,2022-10-21 14:45:00,S,-7601.854392852225,False
2022-10-21 16:00:00,2022-10-21 19:00:00,S,-4374.632994645414,False
2022-10-25 06:45:00,2022-10-25 08:45:00,S,37829.62465344866,True
2022-10-31 13:00:00,2022-10-31 14:00:00,S,-7679.413804650079,False
2022-10-31 15:15:00,2022-10-31 15:45:00,S,-7656.375563236128,False
2022-11-01 07:30:00,2022-11-01 08:00:00,S,-7633.40643654642,False
2022-11-02 13:30:00,2022-11-02 15:00:00,S,38052.53108618391,True
2022-11-02 18:45:00,2022-11-03 01:45:00,S,23331.44769140404,True
2022-11-03 15:15:00,2022-11-03 18:30:00,S,-7794.658153569547,False
2022-11-03 20:00:00,2022-11-04 00:00:00,S,6763.15473649692,True
2022-11-07 06:45:00,2022-11-07 07:00:00,L,-7791.56364331833,False
2022-11-07 07:45:00,2022-11-07 09:00:00,L,38840.94476194188,True
2022-11-08 06:15:00,2022-11-08 09:00:00,L,-7884.7117866742,False
2022-11-08 09:30:00,2022-11-08 12:30:00,L,7855.045745556893,True
2022-11-08 19:45:00,2022-11-09 00:45:00,L,-1479.983222568947,False
2022-11-09 10:45:00,2022-11-09 13:00:00,L,-7880.182838883141,False
2022-11-09 13:30:00,2022-11-09 15:00:00,L,39282.71145183245,True
2022-11-10 08:15:00,2022-11-10 08:45:00,L,-7974.390424721989,False
2022-11-11 11:45:00,2022-11-11 18:45:00,L,13143.685764308158,True
2022-11-14 11:00:00,2022-11-14 11:15:00,L,-7989.898310740748,False
2022-11-14 13:00:00,2022-11-14 13:15:00,L,-7965.928615808525,False
2022-11-15 07:00:00,2022-11-15 07:15:00,L,39710.1541498055,True
2022-11-15 16:15:00,2022-11-15 16:30:00,L,-8061.161292410517,False
2022-11-15 17:00:00,2022-11-15 18:30:00,L,40184.88904266642,True
2022-11-16 15:45:00,2022-11-16 19:00:00,L,-8157.5324756612845,False
2022-11-16 20:00:00,2022-11-17 03:00:00,L,-8133.0598782343,False
2022-11-17 07:15:00,2022-11-17 09:30:00,L,-8108.660698599598,False
2022-11-17 12:00:00,2022-11-17 12:30:00,L,-8084.3347165037985,False
2022-11-24 06:15:00,2022-11-24 10:15:00,L,30755.304106526743,True
2022-11-25 14:30:00,2022-11-28 00:45:00,L,16489.94281184254,True
2022-11-29 13:00:00,2022-11-29 13:15:00,L,-8201.817453109394,False
2022-11-29 14:00:00,2022-11-29 14:15:00,L,-8177.212000750066,False
2022-11-29 14:45:00,2022-11-29 17:45:00,L,4031.6475229785647,True
2022-11-30 07:15:00,2022-11-30 07:30:00,L,-8164.775307316751,False
2022-11-30 14:15:00,2022-11-30 14:45:00,L,-8140.2809813948015,False
2022-11-30 16:00:00,2022-11-30 18:15:00,L,-8115.860138450616,False
2022-11-30 18:45:00,2022-11-30 21:45:00,L,22588.055912495536,True
2022-12-01 09:15:00,2022-12-01 14:00:00,L,40796.383628863754,True
2022-12-02 13:15:00,2022-12-02 13:30:00,L,-8281.665876659343,False
2022-12-02 16:00:00,2022-12-02 21:00:00,L,25748.5150014922,True
2022-12-07 12:30:00,2022-12-07 14:30:00,L,41670.3321201692,True
2022-12-08 09:00:00,2022-12-08 09:30:00,L,-8459.07742039435,False
2022-12-08 12:00:00,2022-12-08 13:30:00,L,42168.50094066583,True
2022-12-09 08:00:00,2022-12-09 08:15:00,L,-8560.205690955163,False
2022-12-09 10:15:00,2022-12-09 12:15:00,L,42672.62536941148,True
2022-12-12 06:45:00,2022-12-12 11:15:00,L,43312.714749952655,True
2022-12-13 10:30:00,2022-12-13 13:30:00,L,43962.40547120194,True
2022-12-14 09:30:00,2022-12-14 09:45:00,L,-8924.368310653996,False
2022-12-14 11:15:00,2022-12-14 11:30:00,L,-8897.595205722033,False
2022-12-14 14:15:00,2022-12-14 14:30:00,L,-8870.902420104867,False
2022-12-14 18:45:00,2022-12-14 19:00:00,L,-8844.289712844553,False
2022-12-19 06:30:00,2022-12-19 08:15:00,L,44088.78421853009,True
2022-12-19 13:45:00,2022-12-19 19:00:00,L,-8950.02319636161,False
2022-12-20 21:00:00,2022-12-21 03:00:00,L,-4652.674726133974,False
2022-12-21 06:30:00,2022-12-21 06:45:00,L,-8909.215102594122,False
2022-12-21 07:00:00,2022-12-21 07:15:00,L,-8882.48745728634,False
2022-12-21 07:30:00,2022-12-21 09:15:00,L,-8855.83999491448,False
2022-12-21 12:15:00,2022-12-21 15:00:00,L,44146.36237464868,True
2022-12-21 18:45:00,2022-12-21 21:00:00,L,-8961.711562053682,False
2022-12-22 07:30:00,2022-12-22 11:30:00,L,-1952.4659808274425,False
2022-12-22 12:00:00,2022-12-22 13:30:00,L,-8928.96902942504,False
2022-12-27 16:15:00,2022-12-27 16:30:00,L,-8902.182122336762,False
2022-12-28 06:15:00,2022-12-28 07:00:00,L,-8875.475575969753,False
2022-12-28 07:30:00,2022-12-28 09:00:00,L,-8848.849149241845,False
2022-12-28 16:30:00,2022-12-29 00:30:00,L,14082.922706969834,True
2022-12-29 07:45:00,2022-12-29 13:45:00,L,38345.834757182376,True
2022-12-30 08:00:00,2022-12-30 09:15:00,L,-8979.588874186575,False
2022-12-30 10:45:00,2022-12-30 14:00:00,L,44763.25053782007,True
2022-12-30 15:30:00,2022-12-30 15:45:00,L,-9086.939859177477,False
2022-12-30 17:00:00,2023-01-03 01:00:00,L,49432.68673081297,True
2023-01-03 16:00:00,2023-01-03 16:15:00,L,-9207.977099792382,False
2023-01-03 17:00:00,2023-01-03 21:00:00,L,9857.516767730142,True
2023-01-05 07:15:00,2023-01-05 07:45:00,L,-9209.925718796194,False
2023-01-05 08:30:00,2023-01-05 08:45:00,L,-9182.295941639806,False
2023-01-05 09:00:00,2023-01-05 14:00:00,L,-9154.749053814889,False
2023-01-06 09:30:00,2023-01-06 09:45:00,L,-9127.284806653443,False
2023-01-06 11:00:00,2023-01-06 12:00:00,L,-9099.902952233482,False
2023-01-09 08:30:00,2023-01-09 08:45:00,L,-9072.603243376783,False
2023-01-09 11:00:00,2023-01-09 14:00:00,L,30436.25549562997,True
2023-01-09 18:30:00,2023-01-09 18:45:00,L,-9136.694200133543,False
2023-01-10 13:15:00,2023-01-10 17:15:00,L,4730.0809959651815,True
2023-01-10 18:45:00,2023-01-11 01:30:00,L,-9123.474360521037,False
2023-01-11 12:30:00,2023-01-11 14:30:00,L,-9096.103937439475,False
2023-01-11 16:00:00,2023-01-11 16:15:00,L,-9068.815625627156,False
2023-01-11 16:30:00,2023-01-11 21:30:00,L,25694.31145153498,True
2023-01-13 08:15:00,2023-01-13 11:15:00,L,9280.953158232021,True
2023-01-13 13:00:00,2023-01-13 16:00:00,L,45732.67486289788,True
2023-01-16 07:45:00,2023-01-16 08:00:00,L,-9283.73299716827,False
2023-01-16 09:15:00,2023-01-16 16:15:00,L,10571.654855793897,True
2023-01-17 11:00:00,2023-01-17 13:30:00,L,46437.983813720726,True
2023-01-18 06:15:00,2023-01-18 08:00:00,L,47134.553570926546,True
2023-01-20 09:30:00,2023-01-20 09:45:00,L,-9568.31437489809,False
2023-01-20 18:15:00,2023-01-22 23:00:00,L,-9539.609431773395,False
2023-01-23 09:15:00,2023-01-23 13:30:00,L,-9510.990603478074,False
2023-01-23 15:30:00,2023-01-23 20:30:00,L,32733.337682442798,True
2023-01-24 14:00:00,2023-01-24 14:15:00,L,-9580.657644714967,False
2023-01-24 14:30:00,2023-01-24 14:45:00,L,-9551.915671780822,False
2023-01-24 15:15:00,2023-01-24 18:15:00,L,16836.097344259524,True
2023-01-25 08:15:00,2023-01-25 08:45:00,L,-9573.76821679826,False
2023-01-25 09:45:00,2023-01-25 12:00:00,L,-9545.046912147865,False
2023-01-25 12:45:00,2023-01-25 14:00:00,L,-9516.411771411422,False
2023-01-26 07:00:00,2023-01-26 07:15:00,L,-9487.862536097187,False
2023-01-26 07:30:00,2023-01-26 09:15:00,L,-9459.398948488895,False
2023-01-26 10:00:00,2023-01-26 16:00:00,L,-9431.02075164343,False
2023-01-31 12:45:00,2023-01-31 13:45:00,L,47013.638446942496,True
2023-02-01 08:30:00,2023-02-01 12:30:00,L,28072.717531356375,True
2023-02-01 17:30:00,2023-02-01 17:45:00,L,-9627.986757323395,False
2023-02-02 11:30:00,2023-02-02 12:45:00,L,-9599.102797051424,False
2023-02-06 07:00:00,2023-02-06 08:00:00,S,-9570.305488660271,False
2023-02-06 08:30:00,2023-02-06 08:45:00,S,-9541.59457219429,False
2023-02-06 19:30:00,2023-02-07 02:00:00,S,-9512.969788477705,False
2023-02-07 09:30:00,2023-02-07 11:15:00,S,47422.15439556137,True
2023-02-07 18:00:00,2023-02-07 23:00:00,S,19761.526372883964,True
2023-02-08 07:00:00,2023-02-08 07:15:00,S,-9685.981921417608,False
2023-02-08 08:15:00,2023-02-08 08:30:00,S,-9656.923975653355,False
2023-02-08 12:15:00,2023-02-08 14:45:00,S,48139.76601863197,True
2023-02-09 10:00:00,2023-02-09 10:45:00,S,-9772.37250178229,False
2023-02-09 11:15:00,2023-02-09 13:45:00,S,-9743.055384276944,False
2023-02-09 15:15:00,2023-02-09 19:30:00,S,48569.13109062057,True
2023-02-10 10:00:00,2023-02-10 14:00:00,S,-9859.533611395975,False
2023-02-13 07:00:00,2023-02-13 07:15:00,S,-9829.955010561787,False
2023-02-13 07:45:00,2023-02-13 09:45:00,S,49002.32572765052,True
2023-02-14 08:30:00,2023-02-14 09:00:00,S,-9947.472122713054,False
2023-02-14 10:15:00,2023-02-14 13:30:00,S,-9917.629706344915,False
2023-02-15 15:00:00,2023-02-15 19:00:00,S,-9887.876817225879,False
2023-02-15 19:30:00,2023-02-16 01:30:00,S,-9858.213186774201,False
2023-02-16 08:30:00,2023-02-16 13:45:00,S,49143.192736069395,True
2023-02-17 18:00:00,2023-02-19 23:00:00,S,-185.216211412389,False
2023-02-20 13:45:00,2023-02-21 00:15:00,S,28358.647208144463,True
2023-02-21 15:00:00,2023-02-21 15:15:00,S,-10060.58841841228,False
2023-02-22 06:30:00,2023-02-22 07:30:00,S,-10030.406653157044,False
2023-02-22 08:15:00,2023-02-22 12:15:00,S,-5056.548915593934,False
2023-02-22 12:45:00,2023-02-22 17:30:00,S,49925.72893225396,True
2023-02-23 08:15:00,2023-02-23 13:15:00,S,17746.66328555135,True
2023-02-23 14:30:00,2023-02-23 17:30:00,S,18672.012993148866,True
2023-02-23 19:30:00,2023-02-24 00:30:00,S,-6233.136855286519,False
2023-02-27 11:45:00,2023-02-27 13:00:00,S,-10225.479591517795,False
2023-02-27 15:45:00,2023-02-27 17:00:00,S,-10194.803152743241,False
2023-02-27 18:30:00,2023-02-27 18:45:00,S,-10164.218743285011,False
2023-02-27 19:30:00,2023-02-28 00:30:00,S,6774.495018911142,True
2023-03-08 07:30:00,2023-03-08 08:00:00,S,-10154.04957211189,False
2023-03-08 08:15:00,2023-03-08 08:30:00,S,-10123.587423395553,False
2023-03-08 17:15:00,2023-03-08 23:15:00,S,3489.012725718342,True
2023-03-09 10:00:00,2023-03-09 12:00:00,S,-10103.68369930252,False
2023-03-09 12:45:00,2023-03-09 13:30:00,S,-10073.372648204615,False
2023-03-13 07:45:00,2023-03-13 09:30:00,L,50215.7626513,True
2023-03-14 09:00:00,2023-03-14 09:30:00,L,-10193.7998182139,False
2023-03-14 11:30:00,2023-03-14 12:30:00,L,-10163.21841875926,False
2023-03-14 14:00:00,2023-03-14 19:00:00,L,10324.050952016187,True
2023-03-15 06:45:00,2023-03-15 07:15:00,L,-10163.70091635903,False
2023-03-15 07:45:00,2023-03-15 08:00:00,L,-10133.209813609952,False
2023-03-15 08:45:00,2023-03-15 09:00:00,L,-10102.810184169122,False
2023-03-15 09:45:00,2023-03-15 11:30:00,L,50362.50876808308,True
2023-03-15 20:00:00,2023-03-16 01:00:00,L,-10223.589279920865,False
2023-03-16 18:00:00,2023-03-16 23:00:00,L,8705.112566496073,True
2023-03-17 08:30:00,2023-03-17 13:00:00,L,51095.16924890296,True
2023-03-20 12:00:00,2023-03-20 12:30:00,L,-10372.319357527302,False
2023-03-20 17:15:00,2023-03-20 23:15:00,L,3051.106105207135,True
2023-03-21 08:30:00,2023-03-21 08:45:00,L,-10350.35571777034,False
2023-03-21 09:15:00,2023-03-21 12:00:00,L,-10319.304650617029,False
2023-03-21 12:30:00,2023-03-21 13:00:00,L,-10288.346736665178,False
2023-03-21 14:30:00,2023-03-21 16:00:00,L,-10257.481696455183,False
2023-03-22 15:15:00,2023-03-22 15:30:00,L,-10226.709251365817,False
2023-03-23 08:45:00,2023-03-23 13:00:00,L,-10196.02912361172,False
2023-03-24 09:00:00,2023-03-24 12:30:00,L,50827.205181204416,True
2023-03-27 07:15:00,2023-03-27 07:30:00,L,-10317.922651784496,False
2023-03-27 07:45:00,2023-03-27 08:30:00,L,-10286.968883829144,False
2023-03-29 08:15:00,2023-03-29 08:30:00,L,-10256.107977177657,False
2023-03-30 14:30:00,2023-03-30 16:45:00,L,51126.69826623061,True
2023-03-31 08:15:00,2023-03-31 08:30:00,L,-10378.719748044816,False
2023-03-31 09:15:00,2023-03-31 15:00:00,L,-10347.58358880068,False
2023-03-31 17:00:00,2023-03-31 17:15:00,L,-10316.540838034278,False
2023-03-31 18:45:00,2023-03-31 19:00:00,L,-10285.591215520175,False
2023-04-05 12:00:00,2023-04-05 12:30:00,L,51273.67220936807,True
2023-04-05 14:45:00,2023-04-05 19:45:00,L,10005.423893751818,True
2023-04-11 13:30:00,2023-04-11 18:30:00,L,25836.160780376336,True
2023-04-12 11:30:00,2023-04-12 11:45:00,L,-10516.080212524104,False
2023-04-12 12:45:00,2023-04-12 13:00:00,L,-10484.53197188653,False
2023-04-12 14:00:00,2023-04-12 18:00:00,L,7905.801421909808,True
2023-04-14 09:00:00,2023-04-14 11:00:00,L,-10476.7957802366,False
2023-04-14 13:45:00,2023-04-14 17:00:00,L,-10445.36539289589,False
2023-04-26 06:15:00,2023-04-26 09:15:00,L,14879.390848832563,True
2023-04-27 08:45:00,2023-04-27 09:15:00,L,-10458.6674692637,False
2023-04-27 10:15:00,2023-04-27 11:45:00,L,-10427.29146685591,False
2023-04-28 12:45:00,2023-04-28 15:00:00,L,51980.047962276716,True
2023-05-03 06:30:00,2023-05-03 08:00:00,L,-10551.949736342172,False
2023-05-03 08:30:00,2023-05-03 11:30:00,L,-10520.293887133146,False
2023-05-03 12:30:00,2023-05-03 12:45:00,L,-10488.733005471746,False
2023-05-04 09:45:00,2023-05-04 13:15:00,L,-10457.26680645533,False
2023-05-04 13:45:00,2023-05-04 20:45:00,L,29170.55999112363,True
2023-05-05 11:00:00,2023-05-05 11:15:00,L,-10513.406686009337,False
2023-05-08 13:45:00,2023-05-08 18:45:00,L,897.2596160029389,True
2023-05-09 07:45:00,2023-05-09 13:45:00,L,23562.696454078454,True
2023-05-10 06:45:00,2023-05-10 07:00:00,L,-10555.246334161553,False
2023-05-10 07:30:00,2023-05-10 08:30:00,L,-10523.580595159068,False
2023-05-10 09:00:00,2023-05-10 14:00:00,L,62072.53456677859,True
2023-05-10 17:30:00,2023-05-10 20:30:00,L,4821.696443093408,True
2023-05-11 08:45:00,2023-05-11 09:00:00,L,-10692.692546403207,False
2023-05-11 09:30:00,2023-05-11 11:15:00,L,53303.072343819986,True
2023-05-16 13:00:00,2023-05-16 15:45:00,S,54102.61842897729,True
2023-05-17 17:15:00,2023-05-17 18:15:00,S,-10982.831541082389,False
2023-05-17 19:30:00,2023-05-17 23:30:00,S,-2023.6548616580835,False
2023-05-19 06:45:00,2023-05-19 07:00:00,S,-10943.812081874168,False
2023-05-19 10:15:00,2023-05-19 13:15:00,S,28053.64713304765,True
2023-05-19 19:00:00,2023-05-21 22:00:00,S,-10995.141587027689,False
2023-05-22 10:45:00,2023-05-22 15:45:00,S,51447.31069465221,True
2023-05-22 17:30:00,2023-05-22 22:30:00,S,10921.620201448646,True
2023-05-23 12:45:00,2023-05-23 16:00:00,S,-11149.262954954907,False
2023-05-24 06:15:00,2023-05-24 11:15:00,S,-11115.815166090042,False
2023-05-24 12:45:00,2023-05-24 14:00:00,S,55412.33860295885,True
2023-05-25 08:00:00,2023-05-25 08:15:00,S,-11248.704736400647,False
2023-05-25 09:00:00,2023-05-25 09:30:00,S,-11214.958622191445,False
2023-05-26 09:15:00,2023-05-26 09:30:00,S,-11181.31374632487,False
2023-05-29 06:30:00,2023-05-29 08:00:00,S,55738.84902542948,True
2023-06-05 11:15:00,2023-06-05 13:00:00,S,-11314.986352162185,False
2023-06-05 14:00:00,2023-06-05 14:15:00,S,-11281.0413931057,False
2023-06-05 15:45:00,2023-06-05 18:00:00,S,-11247.19826892638,False
2023-06-07 14:15:00,2023-06-07 15:45:00,S,56067.283370598016,True
2023-06-13 12:15:00,2023-06-13 12:30:00,S,-11381.658524231398,False
2023-06-14 06:15:00,2023-06-14 08:00:00,S,-11347.513548658702,False
2023-06-14 09:00:00,2023-06-14 09:15:00,S,-11313.471008012726,False
2023-06-14 10:00:00,2023-06-14 12:30:00,S,-11279.53059498869,False
2023-06-19 08:45:00,2023-06-19 10:00:00,S,56228.46001601862,True
2023-06-19 16:15:00,2023-06-19 16:30:00,S,-11414.377383251778,False
2023-06-20 08:15:00,2023-06-20 12:45:00,S,56900.671255510126,True
2023-06-20 19:30:00,2023-06-20 19:45:00,S,-11550.836264868554,False
2023-06-20 22:00:00,2023-06-20 22:15:00,S,-11516.18375607395,False
2023-06-21 19:15:00,2023-06-22 02:15:00,S,12709.691790727575,True
2023-06-23 10:00:00,2023-06-23 11:15:00,S,-11519.76428017791,False
2023-06-23 12:00:00,2023-06-23 12:15:00,S,-11485.204987337374,False
2023-06-23 16:15:00,2023-06-25 23:00:00,S,-11450.749372375363,False
2023-06-27 13:45:00,2023-06-27 14:00:00,S,57081.98562129118,True
2023-06-28 06:30:00,2023-06-28 09:30:00,S,31032.842669547696,True
2023-06-28 17:00:00,2023-06-28 20:00:00,S,13637.701713959399,True
2023-06-29 12:45:00,2023-06-29 14:00:00,S,-11721.65471427263,False
2023-06-29 16:00:00,2023-06-29 19:00:00,S,8577.048617978804,True
2023-06-30 11:45:00,2023-06-30 12:00:00,S,-11712.220895983748,False
2023-07-06 07:00:00,2023-07-06 15:00:00,S,58385.421166478984,True
2023-07-07 07:00:00,2023-07-07 07:15:00,S,-11852.240496795235,False
2023-07-07 07:45:00,2023-07-07 11:00:00,S,-11816.68377530485,False
2023-07-07 11:45:00,2023-07-07 12:00:00,S,-11781.233723978934,False
2023-07-12 08:45:00,2023-07-12 10:15:00,L,-11745.890022806998,False
2023-07-12 13:15:00,2023-07-12 13:45:00,L,58553.26176369289,True
2023-07-13 06:15:00,2023-07-13 12:30:00,L,-11886.312138029656,False
2023-07-14 08:00:00,2023-07-14 09:15:00,L,-11850.653201615567,False
2023-07-17 14:00:00,2023-07-17 18:00:00,L,20277.651406658497,True
2023-07-18 14:00:00,2023-07-18 17:00:00,L,18364.68201960901,True
2023-07-19 08:00:00,2023-07-19 10:00:00,L,-11931.028242289522,False
2023-07-19 12:00:00,2023-07-19 16:00:00,L,1087.9105327222878,True
2023-07-19 16:30:00,2023-07-19 19:30:00,L,18870.599616301883,True
2023-07-20 08:15:00,2023-07-20 13:00:00,L,-11955.110688009725,False
2023-07-20 14:00:00,2023-07-20 14:15:00,L,-11919.245355945695,False
2023-07-20 15:00:00,2023-07-20 15:45:00,L,-11883.487619877858,False
2023-07-20 17:15:00,2023-07-20 20:15:00,L,-8.946586027972607,False
2023-07-26 14:00:00,2023-07-26 14:30:00,L,-11847.810317260142,False
2023-07-26 14:45:00,2023-07-26 18:30:00,L,59061.33443154181,True
2023-08-01 20:00:00,2023-08-01 23:00:00,S,-11989.450889602987,False
2023-08-02 11:00:00,2023-08-02 14:00:00,S,59767.41268467089,True
2023-08-03 08:15:00,2023-08-03 12:15:00,S,20732.155729435948,True
2023-08-03 13:00:00,2023-08-03 13:30:00,S,-12194.9812421765,False
2023-08-03 14:45:00,2023-08-03 18:45:00,S,11956.611149064762,True
2023-08-04 13:30:00,2023-08-04 13:45:00,S,-12194.266131897164,False
2023-08-04 15:00:00,2023-08-04 15:30:00,S,-12157.683333501473,False
2023-08-07 13:45:00,2023-08-07 16:45:00,S,29878.52102191294,True
2023-08-07 19:45:00,2023-08-07 22:00:00,S,-12210.845846566706,False
2023-08-09 06:15:00,2023-08-09 10:15:00,S,46948.17566705216,True
2023-08-10 06:15:00,2023-08-10 06:30:00,S,-12315.057836028162,False
2023-08-10 07:45:00,2023-08-10 11:00:00,S,-12278.112662520078,False
2023-08-10 12:45:00,2023-08-10 13:00:00,S,-12241.278324532517,False
2023-08-11 07:00:00,2023-08-11 07:30:00,S,-12204.55448955892,False
2023-08-11 09:15:00,2023-08-11 12:00:00,S,-12167.940826090242,False
2023-08-11 12:45:00,2023-08-11 13:30:00,S,-12131.437003611973,False
2023-08-14 09:30:00,2023-08-14 10:15:00,S,-12095.042692601137,False
2023-08-14 10:45:00,2023-08-14 12:00:00,S,60293.78782261666,True
2023-08-14 18:00:00,2023-08-15 00:00:00,S,22706.23948373172,True
2023-08-16 08:00:00,2023-08-16 08:30:00,S,-12307.757646442378,False
2023-08-16 12:00:00,2023-08-16 12:30:00,S,-12270.83437350305,False
2023-08-17 07:30:00,2023-08-17 10:00:00,S,-12234.021870382541,False
2023-08-17 10:30:00,2023-08-17 10:45:00,S,-12197.319804771394,False
2023-08-17 11:15:00,2023-08-17 11:30:00,S,-12160.72784535708,False
2023-08-17 12:45:00,2023-08-17 18:00:00,S,60621.22830910505,True
2023-08-18 10:45:00,2023-08-18 12:30:00,S,61530.54673374162,True
2023-08-18 15:00:00,2023-08-18 20:00:00,S,26681.804987194126,True
2023-08-21 06:15:00,2023-08-21 12:00:00,S,-12570.74640191113,False
2023-08-21 13:15:00,2023-08-21 16:15:00,S,26791.894115963576,True
2023-08-25 15:15:00,2023-08-25 15:30:00,S,-12613.40984505329,False
2023-08-28 08:15:00,2023-08-28 08:30:00,L,-12575.56961551813,False
2023-08-28 08:45:00,2023-08-28 10:00:00,L,-12537.842906671574,False
2023-08-28 10:30:00,2023-08-28 12:30:00,L,-12500.22937795156,False
2023-08-29 13:00:00,2023-08-29 14:00:00,L,62313.64344908853,True
2023-08-30 06:30:00,2023-08-30 06:45:00,L,-12649.66962016497,False
2023-08-30 07:45:00,2023-08-30 12:00:00,L,63058.60305652238,True
2023-08-31 09:45:00,2023-08-31 10:15:00,L,-12800.896420474042,False
2023-08-31 14:30:00,2023-08-31 14:45:00,L,-12762.49373121262,False
2023-08-31 16:00:00,2023-08-31 17:15:00,L,-12724.206250018982,False
2023-09-01 06:45:00,2023-09-01 09:15:00,L,63430.16815634462,True
2023-09-01 14:45:00,2023-09-01 19:45:00,L,8233.427293220775,True
2023-09-04 08:00:00,2023-09-04 08:45:00,L,-12901.024417617618,False
2023-09-04 10:00:00,2023-09-04 12:45:00,L,-12862.321344364766,False
2023-09-04 13:15:00,2023-09-04 13:30:00,L,-12823.734380331673,False
2023-09-06 08:15:00,2023-09-06 08:45:00,S,-12785.263177190678,False
2023-09-06 10:30:00,2023-09-06 13:00:00,S,63734.536938295525,True
2023-09-06 15:15:00,2023-09-06 17:00:00,S,-12938.110998473992,False
2023-09-07 15:15:00,2023-09-07 15:30:00,S,-12899.29666547857,False
2023-09-08 06:45:00,2023-09-08 11:45:00,S,34155.507275577984,True
2023-09-08 15:15:00,2023-09-08 20:15:00,S,14458.472444975652,True
2023-09-12 06:15:00,2023-09-12 06:30:00,S,-13006.440714643795,False
2023-09-12 19:45:00,2023-09-12 20:45:00,S,-12967.421392499864,False
2023-09-13 09:15:00,2023-09-13 09:30:00,S,-12928.519128322367,False
2023-09-13 13:15:00,2023-09-13 13:30:00,S,-12889.733570937398,False
2023-09-13 13:45:00,2023-09-13 18:45:00,S,40480.33664470583,True
2023-09-14 17:45:00,2023-09-14 20:45:00,S,-5431.653860868312,False
2023-09-18 09:15:00,2023-09-18 13:00:00,L,-12956.2104185761,False
2023-09-18 15:15:00,2023-09-18 20:15:00,L,52090.27346522971,True
2023-09-19 07:15:00,2023-09-19 12:00:00,L,65368.0630385803,True
2023-09-19 14:45:00,2023-09-19 17:00:00,L,-13269.7167968318,False
2023-09-19 17:30:00,2023-09-19 17:45:00,L,-13229.907646441305,False
2023-09-19 19:15:00,2023-09-20 01:00:00,L,-13190.217923501981,False
2023-09-20 07:30:00,2023-09-20 12:00:00,L,65753.23634865737,True
2023-09-25 12:15:00,2023-09-25 12:30:00,S,-13347.906978777446,False
2023-09-25 14:15:00,2023-09-25 22:15:00,S,43364.52820094192,True
2023-09-26 08:45:00,2023-09-26 11:45:00,S,7874.812986100005,True
2023-09-28 07:45:00,2023-09-28 15:00:00,S,67307.90640701119,True
2023-09-29 13:30:00,2023-09-29 14:00:00,S,68317.52500311635,True
2023-10-03 09:00:00,2023-10-03 12:15:00,S,-13868.457575632621,False
2023-10-03 12:30:00,2023-10-03 13:30:00,S,-13826.852202905724,False
2023-10-03 14:00:00,2023-10-03 14:30:00,S,-13785.371646297008,False
2023-10-03 17:00:00,2023-10-03 23:00:00,S,4226.352392927767,True
2023-10-04 13:30:00,2023-10-04 18:30:00,S,46214.98528101734,True
2023-10-06 10:30:00,2023-10-06 12:30:00,S,69476.69772189976,True
2023-10-06 16:45:00,2023-10-06 18:15:00,S,-14103.76963754565,False
2023-10-06 19:00:00,2023-10-08 23:00:00,S,-14061.458328633014,False
2023-10-16 07:15:00,2023-10-16 12:15:00,L,41053.95099765894,True
2023-10-17 19:15:00,2023-10-17 23:15:00,L,3436.431787816489,True
2023-10-18 15:45:00,2023-10-18 20:45:00,L,19814.5091146107,True
2023-10-19 06:45:00,2023-10-19 10:45:00,L,34510.87991649847,True
2023-10-19 15:15:00,2023-10-19 17:15:00,L,71578.60634548435,True
2023-10-20 06:45:00,2023-10-20 09:45:00,L,48103.271161113786,True
2023-10-20 12:15:00,2023-10-20 12:30:00,L,-14674.766901616666,False
2023-10-20 12:45:00,2023-10-20 15:00:00,L,73153.71300455907,True
2023-10-20 18:45:00,2023-10-22 22:00:00,L,-14850.203739925493,False
2023-10-23 11:00:00,2023-10-23 13:30:00,L,-14805.653128705717,False
2023-10-23 14:00:00,2023-10-23 17:00:00,L,-1674.1067847982122,False
2023-10-23 20:00:00,2023-10-23 23:45:00,L,-14756.213848965204,False
2023-10-24 09:00:00,2023-10-24 09:15:00,L,-14711.945207418308,False
2023-10-24 11:15:00,2023-10-24 16:15:00,L,65903.35525274441,True
2023-10-25 09:45:00,2023-10-25 12:45:00,L,30758.17329907486,True
2023-10-26 15:00:00,2023-10-26 15:15:00,L,-14957.793957451515,False
2023-10-26 15:45:00,2023-10-26 20:45:00,L,30043.944224231433,True
2023-10-27 07:30:00,2023-10-27 07:45:00,L,-15003.052408251855,False
2023-10-27 08:30:00,2023-10-27 08:45:00,L,-14958.0432510271,False
2023-10-27 11:45:00,2023-10-27 13:00:00,L,-14913.169121274019,False
2023-10-27 13:30:00,2023-10-27 13:45:00,L,-14868.429613910197,False
2023-10-30 07:15:00,2023-10-30 07:45:00,L,-14823.824325068465,False
2023-10-30 08:15:00,2023-10-30 12:15:00,L,-962.6407988858477,False
2023-10-31 06:30:00,2023-10-31 08:15:00,L,73882.324648483,True
2023-10-31 14:15:00,2023-10-31 14:30:00,L,-14998.111903642048,False
2023-11-03 13:45:00,2023-11-03 14:00:00,L,-14953.11756793112,False
2023-11-06 09:15:00,2023-11-06 12:15:00,L,-14908.258215227326,False
2023-11-08 06:45:00,2023-11-08 11:00:00,S,74317.66720290823,True
2023-11-15 16:15:00,2023-11-15 16:30:00,L,-15086.486442190371,False
2023-11-16 13:00:00,2023-11-16 13:30:00,L,75206.13491431899,True
2023-11-17 07:00:00,2023-11-17 09:00:00,L,76334.22693803378,True
2023-11-17 15:45:00,2023-11-17 17:00:00,L,-15495.848068420857,False
2023-11-17 18:15:00,2023-11-17 19:30:00,L,-15449.360524215594,False
2023-11-20 14:45:00,2023-11-20 18:45:00,L,54604.51044263028,True
2023-11-21 10:30:00,2023-11-21 12:00:00,L,-15566.825973970837,False
2023-11-21 18:00:00,2023-11-21 18:15:00,L,-15520.125496048926,False
2023-11-21 19:30:00,2023-11-21 21:00:00,L,-15473.56511956078,False
2023-11-22 12:00:00,2023-11-22 15:00:00,L,-15427.144424202097,False
2023-11-22 15:45:00,2023-11-22 16:15:00,L,-15380.862990929492,False
2023-11-22 16:45:00,2023-11-22 17:00:00,L,-15334.720401956703,False
2023-11-22 18:00:00,2023-11-22 18:30:00,L,-15288.716240750833,False
2023-11-22 19:15:00,2023-11-23 00:15:00,L,20995.896734183996,True
2023-11-23 08:45:00,2023-11-23 10:00:00,L,-15305.837782231132,False
2023-11-23 11:00:00,2023-11-23 14:00:00,L,-15259.920268884438,False
2023-11-23 14:45:00,2023-11-23 15:30:00,L,-15214.140508077784,False
2023-11-23 17:15:00,2023-11-24 01:45:00,L,10535.37836006414,True
2023-11-27 17:00:00,2023-11-28 00:00:00,L,31084.01636769552,True
2023-11-28 08:00:00,2023-11-28 14:00:00,L,84896.17973414113,True
2023-11-29 09:00:00,2023-11-29 09:15:00,L,-15548.044809939252,False
2023-11-29 11:00:00,2023-11-29 14:00:00,L,14344.278479889763,True
2023-11-30 07:15:00,2023-11-30 07:30:00,L,-15544.433510949104,False
2023-11-30 14:15:00,2023-11-30 14:30:00,L,-15497.800210416257,False
2023-11-30 17:00:00,2023-11-30 17:45:00,L,-15451.306809785008,False
2023-12-01 13:30:00,2023-12-01 14:00:00,L,-15404.952889355653,False
2023-12-01 14:45:00,2023-12-01 16:00:00,L,76793.69015343793,True
2023-12-04 09:30:00,2023-12-04 10:00:00,L,-15589.119101147899,False
2023-12-04 11:30:00,2023-12-04 14:00:00,L,-15542.351743844454,False
2023-12-08 06:15:00,2023-12-08 09:15:00,S,24969.178200253522,True
2023-12-11 07:45:00,2023-12-11 11:45:00,S,28267.120983264398,True
2023-12-12 06:30:00,2023-12-12 12:30:00,S,-4262.660976700964,False
2023-12-12 14:15:00,2023-12-12 17:45:00,S,78213.22801616685,True
2023-12-14 07:15:00,2023-12-14 07:30:00,L,-15877.285287281871,False
2023-12-15 16:15:00,2023-12-15 17:00:00,L,-15829.653431420027,False
2023-12-15 17:30:00,2023-12-15 17:45:00,L,-15782.164471125767,False
2023-12-18 11:15:00,2023-12-18 19:15:00,L,54565.34434559677,True
2023-12-20 12:15:00,2023-12-20 17:30:00,L,-15898.514010749177,False
2023-12-20 17:45:00,2023-12-20 19:45:00,L,-15850.81846871693,False
2023-12-21 06:30:00,2023-12-21 07:15:00,L,-15803.26601331078,False
2023-12-21 12:30:00,2023-12-21 13:15:00,L,-15755.856215270847,False
2023-12-22 18:00:00,2023-12-22 19:15:00,L,-15708.588646625032,False
2023-12-22 19:45:00,2023-12-26 00:45:00,L,7395.997431337152,True
2023-12-26 10:45:00,2023-12-26 12:30:00,L,-15683.650872979168,False
2023-12-26 14:15:00,2023-12-26 14:30:00,L,-15636.59992036023,False
2023-12-26 17:00:00,2023-12-26 17:30:00,L,-15589.690120599149,False
2023-12-28 12:30:00,2023-12-28 13:45:00,L,-15542.921050237352,False
2023-12-28 15:15:00,2023-12-28 15:45:00,L,-15496.292287086639,False
2023-12-28 17:30:00,2023-12-28 18:00:00,L,-15449.803410225377,False
2023-12-28 18:30:00,2023-12-28 18:45:00,L,-15403.453999994701,False
2023-12-29 11:45:00,2023-12-29 12:30:00,L,-15357.243637994718,False
2023-12-29 14:45:00,2023-12-29 17:45:00,L,36218.969138896864,True
2023-12-29 18:45:00,2023-12-29 20:45:00,L,-15419.828814497425,False
2024-01-09 07:00:00,2024-01-09 07:15:00,S,-15373.569328053933,False
2024-01-09 08:15:00,2024-01-09 08:30:00,S,-15327.448620069772,False
2024-01-09 11:00:00,2024-01-09 14:00:00,S,-15281.466274209562,False
2024-01-09 14:30:00,2024-01-10 01:30:00,S,61048.914415026404,True
2024-01-10 08:45:00,2024-01-10 09:00:00,S,-15418.768618632012,False
2024-01-10 10:30:00,2024-01-10 14:30:00,S,55251.47873290411,True
2024-01-11 08:15:00,2024-01-11 11:15:00,S,5567.366317016487,True
2024-01-11 12:15:00,2024-01-11 13:00:00,S,-15554.968847925877,False
2024-01-12 18:15:00,2024-01-15 01:15:00,L,15449.179864329994,True
2024-01-15 13:15:00,2024-01-15 13:30:00,L,-15554.651480975092,False
2024-01-15 15:30:00,2024-01-15 18:30:00,L,35395.60652707589,True
2024-01-16 14:00:00,2024-01-16 14:15:00,S,-15614.174346113396,False
2024-01-17 12:00:00,2024-01-17 12:15:00,S,-15567.331823075054,False
2024-01-17 14:15:00,2024-01-17 16:45:00,S,77603.14913802914,True
2024-01-18 08:15:00,2024-01-18 09:30:00,S,-15753.439275019915,False
2024-01-18 12:00:00,2024-01-18 12:15:00,S,-15706.178957194856,False
2024-01-18 12:45:00,2024-01-18 16:15:00,S,-15659.06042032327,False
2024-01-18 16:45:00,2024-01-18 18:00:00,S,-15612.083239062302,False
2024-01-18 18:15:00,2024-01-18 18:30:00,S,-15565.246989345113,False
2024-01-22 08:45:00,2024-01-22 11:30:00,S,-15518.551248377078,False
2024-01-22 13:15:00,2024-01-22 18:15:00,S,42375.747986135204,True
2024-01-24 13:45:00,2024-01-24 15:00:00,S,77995.61419295175,True
2024-01-25 10:30:00,2024-01-25 10:45:00,S,-15833.109681169206,False
2024-01-25 14:30:00,2024-01-25 14:45:00,S,-15785.610352125697,False
2024-01-25 15:15:00,2024-01-25 19:15:00,S,50592.54706856795,True
2024-01-29 12:00:00,2024-01-29 13:30:00,L,79450.15581137512,True
2024-01-29 16:45:00,2024-01-29 21:45:00,L,30071.34959538995,True
2024-01-30 20:00:00,2024-01-31 00:00:00,L,4149.854307453601,True
2024-01-31 18:30:00,2024-01-31 18:45:00,L,-16231.045241417678,False
2024-01-31 19:15:00,2024-01-31 19:30:00,L,-16182.352105693426,False
2024-02-01 12:45:00,2024-02-01 13:15:00,L,-16133.805049376344,False
2024-02-01 13:45:00,2024-02-01 17:00:00,L,80427.01817114107,True
2024-02-02 10:30:00,2024-02-02 10:45:00,L,-16326.684688741638,False
2024-02-07 20:00:00,2024-02-07 21:15:00,L,-16277.704634675414,False
2024-02-12 19:30:00,2024-02-13 01:00:00,S,-16228.871520771387,False
2024-02-13 12:00:00,2024-02-13 12:45:00,S,-16180.184906209071,False
2024-02-13 13:45:00,2024-02-13 15:00:00,S,80658.22175745222,True
2024-02-14 11:30:00,2024-02-14 12:00:00,S,-16373.619016762801,False
2024-02-14 12:15:00,2024-02-14 16:30:00,S,-16324.498159712512,False
2024-02-14 17:30:00,2024-02-14 17:45:00,S,-16275.524665233375,False
2024-02-14 18:15:00,2024-02-15 00:15:00,S,-3191.283469719767,False
2024-02-15 06:30:00,2024-02-15 06:45:00,S,-16217.124240828516,False
2024-02-15 07:45:00,2024-02-15 08:00:00,S,-16168.47286810603,False
2024-02-15 08:45:00,2024-02-15 09:30:00,S,-16119.96744950171,False
2024-02-15 15:00:00,2024-02-15 15:15:00,S,-16071.607547153204,False
2024-02-15 15:45:00,2024-02-15 18:00:00,S,-16023.392724511747,False
2024-02-16 09:00:00,2024-02-16 09:15:00,S,-15975.32254633821,False
2024-02-21 09:30:00,2024-02-21 12:30:00,L,15913.768224599275,True
2024-02-21 16:45:00,2024-02-21 19:00:00,L,-15975.13788337299,False
2024-02-21 19:15:00,2024-02-22 00:15:00,L,2822.506899245832,True
2024-02-26 12:30:00,2024-02-26 13:15:00,L,-15935.679990420611,False
2024-02-26 14:45:00,2024-02-26 15:00:00,L,-15887.872950449348,False
2024-02-26 15:45:00,2024-02-26 19:45:00,L,4499.371044533416,True
2024-02-27 14:30:00,2024-02-27 14:45:00,L,-15853.707444731599,False
2024-02-27 18:00:00,2024-02-27 20:00:00,L,-15806.146322397404,False
2024-02-28 06:15:00,2024-02-28 06:30:00,L,-15758.727883430212,False
2024-02-29 12:45:00,2024-02-29 14:00:00,L,78557.25849889961,True
2024-03-01 09:15:00,2024-03-01 11:00:00,L,79735.6173763831,True
2024-03-06 09:30:00,2024-03-06 13:00:00,L,80931.65163702886,True
2024-03-07 15:00:00,2024-03-07 20:00:00,L,30107.240731465376,True
2024-03-11 06:45:00,2024-03-11 08:45:00,L,-16519.447004511254,False
2024-03-11 09:15:00,2024-03-11 11:15:00,L,-16469.88866349772,False
2024-03-11 11:30:00,2024-03-11 15:30:00,L,82102.39498753613,True
2024-03-11 19:00:00,2024-03-11 23:00:00,L,4475.203973113518,True
2024-03-12 11:30:00,2024-03-12 12:00:00,L,-16680.21179438918,False
2024-03-12 12:30:00,2024-03-12 15:00:00,L,-16630.17115900601,False
2024-03-12 15:45:00,2024-03-12 19:00:00,L,-16580.280645528994,False
2024-03-13 09:15:00,2024-03-13 12:15:00,L,82652.69901796203,True
2024-03-14 08:30:00,2024-03-14 08:45:00,L,-16778.497900646293,False
2024-03-14 09:00:00,2024-03-14 09:15:00,L,-16728.162406944357,False
2024-03-14 09:30:00,2024-03-14 10:00:00,L,-16677.977919723522,False
2024-03-14 14:00:00,2024-03-14 14:15:00,L,-16627.94398596435,False
2024-03-15 13:00:00,2024-03-15 13:15:00,L,-16578.060154006456,False
2024-03-15 14:00:00,2024-03-15 18:00:00,L,-16528.325973544437,False
2024-03-18 08:15:00,2024-03-18 12:00:00,L,82393.70497811903,True
2024-03-21 10:00:00,2024-03-21 13:15:00,L,-16725.92211055816,False
2024-03-21 16:15:00,2024-03-21 22:15:00,L,22258.712732672768,True
2024-03-25 08:15:00,2024-03-25 08:30:00,L,-16742.5204824245,False
2024-03-25 09:45:00,2024-03-25 12:45:00,L,66832.3531890751,True
2024-03-26 14:45:00,2024-03-26 15:00:00,L,-16892.789980544454,False
2024-03-26 16:15:00,2024-03-26 20:15:00,L,4705.29107214834,True
2024-04-01 09:15:00,2024-04-01 09:30:00,L,-16856.227483819264,False
2024-04-01 10:15:00,2024-04-01 10:30:00,L,-16805.65880136781,False
2024-04-01 11:15:00,2024-04-01 13:45:00,L,-16755.241824963705,False
2024-04-01 15:00:00,2024-04-01 22:00:00,L,53396.353209739915,True
2024-04-02 16:45:00,2024-04-02 22:00:00,L,84325.82579559015,True
2024-04-03 08:45:00,2024-04-03 09:15:00,L,-17118.1426365048,False
2024-04-03 09:45:00,2024-04-03 12:15:00,L,-17066.788208595284,False
2024-04-04 07:30:00,2024-04-04 07:45:00,L,-17015.5878439695,False
2024-04-04 13:00:00,2024-04-04 13:45:00,L,-16964.54108043759,False
2024-04-04 20:00:00,2024-04-05 00:00:00,L,14741.138908649034,True
2024-04-07 22:00:00,2024-04-07 22:15:00,L,-16957.870873922224,False
2024-04-08 09:45:00,2024-04-08 12:00:00,L,-16906.997261300457,False
2024-04-08 13:00:00,2024-04-08 14:00:00,L,-16856.276269516555,False
2024-04-08 14:30:00,2024-04-08 17:30:00,L,19275.0347502632,True
2024-04-09 15:00:00,2024-04-09 15:15:00,L,-16863.532544958794,False
2024-04-09 16:15:00,2024-04-09 20:15:00,L,27339.135548870003,True
2024-04-10 09:45:00,2024-04-10 10:00:00,L,-16894.959353970527,False
2024-04-10 10:30:00,2024-04-10 11:00:00,L,-16844.274475908616,False
2024-04-10 11:30:00,2024-04-10 12:30:00,L,-16793.74165248089,False
2024-04-10 13:45:00,2024-04-10 17:00:00,L,-16743.360427523447,False
2024-04-11 06:45:00,2024-04-11 12:00:00,L,-16693.13034624088,False
2024-04-11 12:30:00,2024-04-11 16:30:00,L,37777.93682595783,True
2024-04-15 10:00:00,2024-04-15 13:30:00,L,-16756.38476568003,False
2024-04-15 14:00:00,2024-04-15 14:15:00,L,-16706.115611382993,False
2024-04-16 08:00:00,2024-04-16 13:00:00,L,43287.59616803579,True
2024-04-16 14:15:00,2024-04-16 17:00:00,L,83929.30026526476,True
2024-04-17 06:30:00,2024-04-17 08:15:00,L,85188.23976924372,True
2024-04-17 14:00:00,2024-04-17 14:15:00,L,-17293.212673156475,False
2024-04-17 17:00:00,2024-04-17 20:45:00,L,-17241.333035137006,False
2024-04-18 14:45:00,2024-04-18 17:45:00,L,34116.318335048905,True
2024-04-19 07:15:00,2024-04-19 07:30:00,L,-17291.957991036743,False
2024-04-19 07:45:00,2024-04-19 08:00:00,L,-17240.082117063634,False
2024-04-19 08:45:00,2024-04-19 11:00:00,L,-17188.36187071244,False
2024-04-19 11:45:00,2024-04-19 13:15:00,L,-17136.7967851003,False
2024-04-29 15:00:00,2024-04-29 15:15:00,L,-17085.386394745,False
2024-05-02 15:15:00,2024-05-02 18:00:00,S,-17034.13023556077,False
2024-05-02 19:15:00,2024-05-03 01:15:00,S,2091.86239434601,True
2024-05-07 06:45:00,2024-05-07 08:00:00,L,-16989.303432037123,False
2024-05-07 13:15:00,2024-05-07 13:30:00,L,-16938.33552174101,False
2024-05-07 15:15:00,2024-05-07 15:45:00,L,-16887.520515175787,False
2024-05-07 20:00:00,2024-05-08 01:00:00,L,-16836.85795363026,False
2024-05-08 10:00:00,2024-05-08 13:00:00,L,23615.793749730732,True
2024-05-09 08:15:00,2024-05-09 08:45:00,L,-16857.194761018563,False
2024-05-09 10:30:00,2024-05-09 14:00:00,L,84033.11588367754,True
2024-05-10 12:45:00,2024-05-10 13:00:00,L,-17058.72252438654,False
2024-05-10 13:15:00,2024-05-10 19:15:00,L,-17007.54635681338,False
2024-05-10 20:00:00,2024-05-10 20:45:00,L,-16956.52371774294,False
2024-05-13 10:45:00,2024-05-13 11:00:00,L,-16905.65414658971,False
2024-05-13 11:30:00,2024-05-13 15:00:00,L,-16854.93718414994,False
2024-05-14 07:15:00,2024-05-14 07:30:00,L,-16804.372372597492,False
2024-05-14 07:45:00,2024-05-14 11:45:00,L,39708.215457573446,True
2024-05-15 14:00:00,2024-05-15 16:15:00,L,84365.41950926211,True
2024-05-16 07:30:00,2024-05-16 10:00:00,L,-17126.180160380205,False
2024-05-16 11:00:00,2024-05-16 11:15:00,L,-17074.801619899066,False
2024-05-16 11:45:00,2024-05-16 12:15:00,L,-17023.577215039368,False
2024-05-16 12:45:00,2024-05-16 13:00:00,L,-16972.50648339425,False
2024-05-16 13:15:00,2024-05-16 13:30:00,L,-16921.588963944065,False
2024-05-20 15:15:00,2024-05-20 19:15:00,L,25776.20798685777,True
2024-05-21 18:00:00,2024-05-21 23:00:00,L,10115.19766793013,True
2024-05-22 07:45:00,2024-05-22 08:15:00,L,-16978.498414016598,False
2024-05-22 08:45:00,2024-05-22 12:00:00,L,-16927.562918774547,False
2024-05-23 12:45:00,2024-05-23 13:00:00,S,-16876.780230018223,False
2024-05-24 08:30:00,2024-05-24 08:45:00,S,-16826.149889328168,False
2024-05-24 09:30:00,2024-05-24 13:00:00,S,-16775.671439660182,False
2024-05-24 13:45:00,2024-05-24 17:45:00,S,46663.46599820205,True
2024-05-30 07:45:00,2024-05-30 09:00:00,S,-16865.33482333581,False
2024-05-30 09:45:00,2024-05-30 10:45:00,S,-16814.7388188658,False
2024-05-30 11:30:00,2024-05-30 12:15:00,S,-16764.2946024092,False
2024-05-30 15:00:00,2024-05-30 17:00:00,S,-16714.001718601976,False
2024-05-30 17:30:00,2024-05-30 23:30:00,S,3456.6278103518544,True
2024-06-04 13:45:00,2024-06-04 20:45:00,S,3285.218833790359,True
2024-06-06 10:00:00,2024-06-06 10:30:00,L,-16684.085253378595,False
2024-06-06 11:00:00,2024-06-06 11:45:00,L,-16634.03299761846,False
2024-06-06 13:15:00,2024-06-06 15:00:00,L,82920.65449312802,True
2024-06-10 08:30:00,2024-06-10 09:30:00,S,-16832.89286210499,False
2024-06-10 10:00:00,2024-06-10 10:15:00,S,-16782.394183518674,False
2024-06-10 14:15:00,2024-06-10 14:30:00,S,-16732.04700096812,False
2024-06-10 15:00:00,2024-06-10 15:15:00,S,-16681.850859965216,False
2024-06-10 17:30:00,2024-06-10 17:45:00,S,-16631.80530738532,False
2024-06-11 10:45:00,2024-06-11 12:00:00,S,-16581.90989146316,False
2024-06-11 14:15:00,2024-06-11 14:45:00,S,-16532.164161788773,False
2024-06-11 18:45:00,2024-06-11 19:45:00,S,-16482.567669303407,False
2024-06-12 06:30:00,2024-06-12 06:45:00,S,-16433.119966295497,False
2024-06-12 07:00:00,2024-06-12 12:30:00,S,-16383.82060639661,False
2024-06-12 18:15:00,2024-06-12 18:30:00,S,-16334.669144577421,False
2024-06-13 12:00:00,2024-06-13 12:30:00,S,-16285.66513714369,False
2024-06-13 13:15:00,2024-06-13 13:30:00,S,-16236.808141732257,False
2024-06-13 22:00:00,2024-06-14 02:00:00,S,-16188.097717307059,False
2024-06-17 13:30:00,2024-06-17 17:30:00,S,54170.92975526093,True
2024-06-18 16:00:00,2024-06-18 17:15:00,S,-16302.046213420921,False
2024-06-20 09:45:00,2024-06-20 14:00:00,L,81265.70037390328,True
2024-06-21 12:30:00,2024-06-21 13:30:00,S,82484.68587951183,True
2024-06-24 09:15:00,2024-06-24 14:00:00,S,-16744.3912335409,False
2024-06-24 14:30:00,2024-06-24 14:45:00,S,-16694.15805984028,False
2024-06-24 15:00:00,2024-06-24 19:00:00,S,-16644.075585660757,False
2024-06-24 23:00:00,2024-06-25 01:45:00,S,82970.71679451888,True
2024-06-25 12:15:00,2024-06-25 16:30:00,S,84215.27754643667,True
2024-06-27 06:15:00,2024-06-27 06:30:00,S,-17095.70134192664,False
2024-06-27 06:45:00,2024-06-27 09:00:00,S,-17044.414237900863,False
2024-07-01 13:45:00,2024-07-01 14:00:00,L,-16993.28099518716,False
2024-07-01 14:15:00,2024-07-01 14:30:00,L,-16942.3011522016,False
2024-07-01 15:00:00,2024-07-01 18:00:00,L,21698.010294357486,True
2024-07-02 07:45:00,2024-07-02 09:45:00,L,-16956.568279628063,False
2024-07-02 17:15:00,2024-07-02 20:15:00,L,32402.121743734533,True
2024-07-03 19:00:00,2024-07-03 19:30:00,L,-17002.904940020388,False
2024-07-04 06:45:00,2024-07-04 09:45:00,L,26433.9200020586,True
2024-07-04 18:15:00,2024-07-04 22:15:00,L,-17031.1979852065,False
2024-07-05 10:15:00,2024-07-05 12:30:00,L,-16980.10439125088,False
2024-07-08 07:15:00,2024-07-08 07:45:00,L,-16929.164078077127,False
2024-07-08 10:15:00,2024-07-08 13:15:00,L,26617.065947382747,True
2024-07-09 08:15:00,2024-07-09 08:30:00,L,-16958.227783685044,False
2024-07-09 09:00:00,2024-07-09 11:15:00,L,-16907.35310033399,False
2024-07-09 12:00:00,2024-07-09 12:15:00,L,-16856.631041032986,False
2024-07-09 13:00:00,2024-07-09 14:00:00,L,-16806.061147909888,False
2024-07-09 15:45:00,2024-07-09 18:45:00,L,27873.376830706846,True
2024-07-10 15:15:00,2024-07-10 17:15:00,L,-16839.26309495828,False
2024-07-10 18:00:00,2024-07-10 18:15:00,L,-16788.74530567341,False
2024-07-10 19:00:00,2024-07-10 19:15:00,L,-16738.379069756385,False
2024-07-10 20:00:00,2024-07-11 00:00:00,L,11053.504578401105,True
2024-07-11 07:00:00,2024-07-11 07:15:00,L,-16721.32444628232,False
2024-07-11 08:00:00,2024-07-11 11:00:00,L,20204.91642778861,True
2024-07-12 06:45:00,2024-07-12 07:00:00,L,-16731.77522222684,False
2024-07-12 07:45:00,2024-07-12 10:00:00,L,-16681.579896560157,False
2024-07-12 11:15:00,2024-07-12 12:30:00,L,-16631.53515687048,False
2024-07-12 13:00:00,2024-07-12 16:00:00,L,62075.17921795085,True
2024-07-15 07:30:00,2024-07-15 10:15:00,L,83839.33044526858,True
2024-07-15 18:45:00,2024-07-15 19:00:00,L,-17019.384080389522,False
2024-07-17 06:45:00,2024-07-17 07:00:00,L,-16968.325928148355,False
2024-07-17 11:30:00,2024-07-17 14:00:00,L,-16917.420950363907,False
2024-07-17 14:30:00,2024-07-17 14:45:00,L,-16866.668687512814,False
2024-07-17 15:30:00,2024-07-17 16:15:00,L,-16816.068681450277,False
2024-07-17 18:30:00,2024-07-17 22:30:00,L,12164.23904022508,True
2024-07-18 10:45:00,2024-07-18 11:15:00,L,-16802.113192526598,False
2024-07-18 11:45:00,2024-07-18 12:00:00,L,-16751.70685294902,False
2024-07-18 13:30:00,2024-07-18 13:45:00,L,-16701.45173239017,False
2024-07-18 14:00:00,2024-07-18 14:15:00,L,-16651.347377193,False
2024-07-18 17:45:00,2024-07-18 18:00:00,L,-16601.39333506142,False
2024-07-24 08:00:00,2024-07-24 08:15:00,L,-16551.589155056237,False
2024-07-24 08:30:00,2024-07-24 08:45:00,L,-16501.934387591067,False
2024-07-24 09:30:00,2024-07-24 12:30:00,L,42993.25287289572,True
2024-07-25 06:30:00,2024-07-25 07:30:00,S,-16581.40834304698,False
2024-07-25 09:00:00,2024-07-25 10:30:00,S,-16531.66411801784,False
2024-07-25 11:15:00,2024-07-25 14:15:00,S,81500.51367258503,True
2024-07-25 20:00:00,2024-07-25 22:00:00,S,-16726.570666681542,False
2024-07-29 11:00:00,2024-07-29 13:00:00,S,-16676.390954681494,False
2024-07-29 13:30:00,2024-07-29 15:00:00,S,83131.80890908725,True
2024-07-29 20:00:00,2024-07-30 00:00:00,S,13932.889541496023,True
2024-07-30 16:15:00,2024-07-30 17:00:00,L,84587.77938584599,True
2024-07-31 08:45:00,2024-07-31 11:45:00,L,13689.830459671548,True
2024-08-01 07:30:00,2024-08-01 07:45:00,L,-17212.38870670575,False
2024-08-01 10:15:00,2024-08-01 12:30:00,L,85803.75770292815,True
2024-08-01 16:30:00,2024-08-01 17:00:00,L,-17418.162813694416,False
2024-08-01 18:00:00,2024-08-01 18:15:00,L,-17365.908325253335,False
2024-08-01 19:00:00,2024-08-01 23:00:00,L,28941.095204449826,True
2024-08-02 09:45:00,2024-08-02 11:15:00,L,-17400.633885890926,False
2024-08-02 12:45:00,2024-08-02 13:00:00,L,-17348.43198423325,False
2024-08-02 15:30:00,2024-08-02 18:30:00,L,11274.97951836379,True
2024-08-05 06:45:00,2024-08-05 08:30:00,L,-17330.211626835644,False
2024-08-06 08:30:00,2024-08-06 08:45:00,S,-17278.220991955135,False
2024-08-06 09:00:00,2024-08-06 09:30:00,S,-17226.38632897927,False
2024-08-06 11:00:00,2024-08-06 11:30:00,S,-17174.707169992333,False
2024-08-06 19:00:00,2024-08-06 23:00:00,S,26711.130820130897,True
2024-08-07 06:45:00,2024-08-07 09:45:00,S,-9398.750887920933,False
2024-08-07 10:00:00,2024-08-07 10:30:00,S,-17175.120188278986,False
2024-08-07 11:45:00,2024-08-07 12:00:00,S,-17123.59482771415,False
2024-08-07 12:30:00,2024-08-07 12:45:00,S,-17072.224043231006,False
2024-08-07 13:00:00,2024-08-07 16:00:00,S,55108.576900330205,True
2024-08-09 06:45:00,2024-08-09 09:45:00,L,34542.00790260609,True
2024-08-09 14:00:00,2024-08-09 17:00:00,L,38606.383749265195,True
2024-08-09 18:45:00,2024-08-11 22:45:00,L,8120.312706592513,True
2024-08-12 12:00:00,2024-08-12 13:30:00,L,87150.69607438847,True
2024-08-13 09:00:00,2024-08-13 12:00:00,L,42185.79928246104,True
2024-08-13 19:00:00,2024-08-13 19:15:00,L,-17818.148700948248,False
2024-08-13 20:00:00,2024-08-13 20:45:00,L,-17764.694254845403,False
2024-08-14 17:00:00,2024-08-14 17:15:00,L,-17711.400172080866,False
2024-08-14 18:15:00,2024-08-14 22:15:00,L,40165.831643982994,True
2024-08-15 13:30:00,2024-08-15 13:45:00,L,-17778.763466496574,False
2024-08-16 07:45:00,2024-08-16 10:15:00,L,88627.13588048541,True
2024-08-19 11:45:00,2024-08-19 13:00:00,L,-17991.308583738537,False
2024-08-20 06:30:00,2024-08-20 06:45:00,L,-17937.33465798732,False
2024-08-20 16:15:00,2024-08-20 16:30:00,L,-17883.52265401336,False
2024-08-20 17:00:00,2024-08-20 20:00:00,L,22915.1316789366,True
2024-08-21 08:15:00,2024-08-21 08:45:00,L,-17898.617481088128,False
2024-08-21 09:30:00,2024-08-21 09:45:00,L,-17844.921628644865,False
2024-08-21 10:30:00,2024-08-21 13:30:00,L,-9338.215517111828,False
2024-08-21 14:00:00,2024-08-21 14:30:00,L,-17763.372217207594,False
2024-08-22 09:30:00,2024-08-22 11:30:00,L,-17710.082100555974,False
2024-08-23 14:00:00,2024-08-23 17:00:00,L,48346.13223584407,True
2024-08-26 11:45:00,2024-08-26 13:00:00,L,-17801.990250961833,False
2024-08-26 14:15:00,2024-08-26 15:15:00,L,-17748.58428020895,False
2024-08-26 15:45:00,2024-08-26 18:45:00,L,15124.870937019943,True
2024-08-27 08:15:00,2024-08-27 11:15:00,L,3031.091865749146,True
2024-08-27 13:30:00,2024-08-27 16:30:00,L,34974.97691447457,True
2024-08-28 06:30:00,2024-08-28 06:45:00,L,-17854.731346520053,False
2024-08-28 07:00:00,2024-08-28 08:00:00,L,-17801.167152480495,False
2024-08-29 13:00:00,2024-08-29 16:00:00,L,65387.20165620577,True
2024-08-30 11:15:00,2024-08-30 12:30:00,L,-17943.92525599167,False
2024-09-05 15:15:00,2024-09-05 18:15:00,L,37738.36525627025,True
2024-09-06 08:15:00,2024-09-06 09:00:00,L,-18003.30857599251,False
2024-09-06 12:00:00,2024-09-06 12:15:00,L,-17949.29865026453,False
2024-09-06 12:30:00,2024-09-06 13:00:00,L,-17895.450754313737,False
2024-09-06 14:00:00,2024-09-06 14:30:00,L,-17841.764402050794,False
2024-09-06 14:45:00,2024-09-06 15:00:00,L,-17788.239108844642,False
2024-09-10 08:45:00,2024-09-10 09:00:00,L,-17734.874391518108,False
2024-09-10 09:30:00,2024-09-10 12:30:00,L,48054.058833573,True
2024-09-10 14:45:00,2024-09-10 17:45:00,L,49466.65219052725,True
2024-09-11 11:00:00,2024-09-11 12:00:00,L,-17974.231901415853,False
2024-09-11 12:30:00,2024-09-11 12:45:00,L,-17920.309205711605,False
2024-09-11 13:00:00,2024-09-11 13:30:00,L,-17866.54827809447,False
2024-09-11 14:30:00,2024-09-11 17:30:00,L,29446.725045469575,True
2024-09-11 19:30:00,2024-09-11 23:30:00,L,4987.534693658725,True
2024-09-12 07:45:00,2024-09-12 10:45:00,L,2250.5419209394604,True
2024-09-12 11:15:00,2024-09-12 12:30:00,L,89615.01519120195,True
2024-09-13 06:30:00,2024-09-13 06:45:00,L,-18191.848083813995,False
2024-09-13 12:00:00,2024-09-13 13:15:00,L,90686.36269781279,True
2024-09-13 19:30:00,2024-09-13 20:45:00,L,-18409.331627655993,False
2024-09-16 07:45:00,2024-09-16 10:30:00,L,-18354.103632773025,False
2024-09-16 11:00:00,2024-09-16 14:00:00,L,65507.58770694243,True
2024-09-16 15:00:00,2024-09-16 18:00:00,L,14090.397976489076,True
2024-09-17 09:30:00,2024-09-17 09:45:00,L,-18537.835278925,False
2024-09-17 11:00:00,2024-09-17 12:30:00,L,-18482.221773088226,False
2024-09-17 17:30:00,2024-09-17 20:30:00,L,23334.532942296617,True
2024-09-18 06:30:00,2024-09-18 09:30:00,L,11150.325754736155,True
2024-09-18 15:00:00,2024-09-18 15:30:00,L,-18530.229683860063,False
2024-09-19 13:15:00,2024-09-19 13:30:00,L,-18474.63899480848,False
2024-09-19 14:00:00,2024-09-19 17:00:00,L,68576.07312130806,True
2024-09-19 20:00:00,2024-09-19 20:30:00,L,-18624.943297187983,False
2024-09-20 14:00:00,2024-09-20 17:00:00,L,87980.95252950292,True
2024-09-23 09:30:00,2024-09-23 12:30:00,L,23985.711453802338,True
2024-09-23 17:45:00,2024-09-23 19:45:00,L,-18904.968459246335,False
2024-09-24 06:15:00,2024-09-24 06:30:00,L,-18848.25355386859,False
2024-09-24 07:00:00,2024-09-24 07:30:00,L,-18791.708793206988,False
2024-09-24 08:00:00,2024-09-24 08:15:00,L,-18735.333666827366,False
2024-09-24 12:00:00,2024-09-24 14:30:00,L,93395.63832913441,True
2024-09-25 06:30:00,2024-09-25 06:45:00,L,-18959.314580814287,False
2024-09-25 07:15:00,2024-09-25 10:15:00,L,12131.278768495804,True
2024-09-25 17:00:00,2024-09-25 20:00:00,L,37215.043702301926,True
2024-09-26 13:30:00,2024-09-26 13:45:00,L,-19050.475604484236,False
2024-09-26 14:15:00,2024-09-26 17:15:00,L,15294.472186463927,True
2024-09-27 07:00:00,2024-09-27 07:15:00,L,-19039.207594230178,False
2024-09-27 07:45:00,2024-09-27 08:30:00,L,-18982.089971447487,False
2024-09-27 09:45:00,2024-09-27 12:45:00,L,70280.57886287557,True
2024-09-27 14:30:00,2024-09-27 14:45:00,L,-19135.985438121774,False
2024-09-27 15:30:00,2024-09-27 15:45:00,L,-19078.57748180741,False
2024-10-04 07:30:00,2024-10-04 08:00:00,L,-19021.341749361985,False
2024-10-04 10:15:00,2024-10-04 12:00:00,L,-18964.2777241139,False
2024-10-08 08:30:00,2024-10-08 11:30:00,L,71088.12478071934,True
2024-10-11 07:15:00,2024-10-11 09:15:00,L,-19120.649265283715,False
2024-10-11 10:30:00,2024-10-11 12:15:00,L,95316.43658743933,True
2024-10-11 19:00:00,2024-10-11 19:15:00,L,-19349.236627250182,False
2024-10-14 10:15:00,2024-10-14 10:45:00,L,-19291.188917368432,False
2024-10-14 11:15:00,2024-10-14 11:30:00,L,-19233.315350616325,False
2024-10-14 12:30:00,2024-10-14 12:45:00,L,-19175.615404564476,False
2024-10-14 13:30:00,2024-10-14 14:00:00,L,-19118.08855835078,False
2024-10-14 16:45:00,2024-10-14 19:45:00,L,15139.380588060772,True
2024-10-15 12:15:00,2024-10-15 12:45:00,L,-19106.152434439915,False
2024-10-16 11:15:00,2024-10-16 13:45:00,L,-19048.833977136594,False
2024-10-16 15:15:00,2024-10-16 16:00:00,L,-18991.68747520518,False
2024-10-16 16:45:00,2024-10-16 19:45:00,L,17127.17335041627,True
2024-10-17 09:45:00,2024-10-17 12:15:00,L,-18986.093932830816,False
2024-10-17 13:00:00,2024-10-17 16:00:00,L,71916.42470827833,True
2024-10-18 06:45:00,2024-10-18 07:30:00,L,-19144.884925157156,False
2024-10-18 08:45:00,2024-10-18 11:45:00,L,43395.904448206216,True
2024-10-18 13:45:00,2024-10-18 16:45:00,L,21429.280326303076,True
2024-10-21 06:30:00,2024-10-21 07:30:00,L,-19281.925824705213,False
2024-10-21 15:30:00,2024-10-21 18:30:00,L,-9001.180070074824,False
2024-10-21 19:15:00,2024-10-21 23:15:00,L,32974.89036992741,True
2024-10-22 10:15:00,2024-10-22 11:30:00,L,-19296.001178130657,False
2024-10-23 11:15:00,2024-10-23 11:30:00,L,-19238.113174596263,False
2024-10-23 13:00:00,2024-10-23 13:15:00,L,-19180.398835072476,False
2024-10-23 13:30:00,2024-10-23 13:45:00,L,-19122.85763856726,False
2024-10-23 14:00:00,2024-10-23 14:15:00,L,-19065.489065651556,False
2024-10-23 15:45:00,2024-10-23 18:00:00,L,-19008.292598454602,False
2024-10-24 14:45:00,2024-10-24 17:45:00,L,36347.60529394829,True
2024-10-28 09:45:00,2024-10-28 10:15:00,L,-19060.31053654108,False
2024-10-28 10:30:00,2024-10-28 13:30:00,L,52083.44018786986,True
2024-10-28 18:45:00,2024-10-28 22:00:00,L,-19159.379925495068,False
2024-10-29 06:15:00,2024-10-29 08:15:00,L,-19101.901785718583,False
2024-10-29 11:45:00,2024-10-29 13:45:00,L,95222.98040180714,True
2024-10-30 09:00:00,2024-10-30 11:00:00,L,-19330.26502156685,False
2024-10-30 11:30:00,2024-10-30 11:45:00,L,-19272.274226502148,False
2024-10-30 12:30:00,2024-10-30 13:30:00,L,-19214.457403822642,False
2024-10-30 20:00:00,2024-10-30 20:15:00,L,-19156.81403161117,False
2024-10-31 07:15:00,2024-10-31 08:00:00,L,-19099.34358951634,False
2024-10-31 09:00:00,2024-10-31 10:00:00,L,-19042.04555874779,False
2024-10-31 10:30:00,2024-10-31 12:30:00,L,-18984.919422071547,False
2024-11-08 12:00:00,2024-11-08 13:15:00,S,-18927.96466380533,False
2024-11-08 14:00:00,2024-11-08 17:00:00,S,68733.76456324219,True
2024-11-11 07:15:00,2024-11-11 10:15:00,S,2432.18044392999,True
2024-11-12 12:45:00,2024-11-12 13:00:00,S,-19084.678604835433,False
2024-11-12 13:45:00,2024-11-12 14:00:00,S,-19027.424569020928,False
2024-11-12 15:00:00,2024-11-12 18:00:00,S,52078.98040174715,True
2024-11-13 09:00:00,2024-11-13 09:15:00,S,-19126.579236519105,False
2024-11-13 10:00:00,2024-11-13 11:00:00,S,-19069.199498809547,False
2024-11-13 11:30:00,2024-11-13 12:00:00,S,-19011.991900313114,False
2024-11-13 12:30:00,2024-11-13 13:30:00,S,-18954.95592461218,False
2024-11-14 13:00:00,2024-11-14 13:15:00,S,-18898.09105683834,False
2024-11-14 14:45:00,2024-11-14 15:00:00,S,-18841.396783667824,False
2024-11-14 15:45:00,2024-11-14 16:00:00,S,-18784.87259331682,False
2024-11-14 17:15:00,2024-11-14 19:30:00,S,-18728.51797553687,False
2024-11-15 09:30:00,2024-11-15 10:15:00,S,-18672.33242161026,False
2024-11-15 11:00:00,2024-11-15 11:30:00,S,-18616.31542434543,False
2024-11-15 12:00:00,2024-11-15 13:00:00,S,-18560.46647807239,False
2024-11-15 13:30:00,2024-11-15 14:30:00,S,-18504.785078638175,False
2024-11-15 14:45:00,2024-11-15 15:00:00,S,-18449.27072340226,False
2024-11-21 12:30:00,2024-11-21 12:45:00,L,-18393.922911232054,False
2024-11-21 13:15:00,2024-11-21 13:30:00,L,-18338.74114249836,False
2024-11-22 14:45:00,2024-11-22 17:45:00,L,44744.755826449626,True
2024-11-25 12:15:00,2024-11-25 13:15:00,S,-18417.95918655021,False
2024-11-25 13:45:00,2024-11-25 14:00:00,S,91813.5265449528,True
2024-11-26 12:45:00,2024-11-26 13:00:00,S,-18638.14588862542,False
2024-11-26 13:30:00,2024-11-26 16:30:00,S,24108.67387716811,True
2024-11-27 13:00:00,2024-11-27 13:45:00,S,-18654.55747259105,False
2024-11-27 14:15:00,2024-11-27 14:30:00,S,-18598.593800173272,False
2024-11-28 07:00:00,2024-11-28 08:30:00,S,-18542.798018772755,False
2024-12-02 08:00:00,2024-12-02 09:00:00,S,-18487.169624716436,False
2024-12-02 10:00:00,2024-12-02 10:15:00,S,-18431.708115842288,False
2024-12-02 10:45:00,2024-12-02 11:00:00,S,-18376.41299149476,False
2024-12-02 11:30:00,2024-12-02 11:45:00,S,-18321.283752520274,False
2024-12-02 12:00:00,2024-12-02 13:15:00,S,-18266.319901262716,False
2024-12-03 14:45:00,2024-12-03 17:45:00,S,35085.37182334237,True
2024-12-04 06:15:00,2024-12-04 06:30:00,S,-18316.777057028954,False
2024-12-05 12:15:00,2024-12-05 12:45:00,S,-18261.826725857867,False
2024-12-05 13:15:00,2024-12-05 15:00:00,S,91035.20622840145,True
2024-12-06 09:15:00,2024-12-06 12:15:00,S,26204.23806745378,True
2024-12-06 17:30:00,2024-12-06 20:30:00,S,9157.9563079261,True
2024-12-10 08:45:00,2024-12-10 10:30:00,L,92931.16723745817,True
2024-12-12 11:45:00,2024-12-12 12:30:00,L,-18865.02694920401,False
2024-12-12 17:00:00,2024-12-12 20:00:00,L,-2433.931157326541,False
2024-12-13 13:15:00,2024-12-13 16:15:00,S,19441.843020252945,True
2024-12-16 06:45:00,2024-12-16 07:15:00,S,-18859.455603945178,False
2024-12-16 08:00:00,2024-12-16 08:15:00,S,-18802.877237133343,False
2024-12-16 08:45:00,2024-12-16 10:45:00,S,-18746.468605421942,False
2024-12-16 12:30:00,2024-12-16 13:15:00,S,-18690.229199605677,False
2024-12-16 13:30:00,2024-12-16 16:30:00,S,84870.18418320823,True
2024-12-17 07:45:00,2024-12-17 08:45:00,S,94443.84532278242,True
2024-12-17 19:15:00,2024-12-17 23:15:00,S,-260.15683504179555,False
2024-12-18 10:00:00,2024-12-18 10:45:00,S,-19171.320130019707,False
2024-12-18 11:30:00,2024-12-18 14:30:00,S,93335.54391868867,True
2024-12-19 07:45:00,2024-12-19 09:00:00,S,-19393.812801385713,False
2024-12-19 11:00:00,2024-12-19 13:00:00,S,96678.15681490778,True
2024-12-19 18:30:00,2024-12-19 18:45:00,S,-19625.66583342628,False
2024-12-19 19:30:00,2024-12-19 23:30:00,S,20711.065035951,True
2024-12-20 06:15:00,2024-12-20 06:30:00,S,-19628.922031033853,False
2024-12-20 09:00:00,2024-12-20 12:00:00,S,17373.756947057154,True
2024-12-24 07:45:00,2024-12-24 10:45:00,S,48965.385812444074,True
2024-12-24 14:45:00,2024-12-24 16:30:00,S,-19769.052693219255,False
2024-12-24 17:00:00,2024-12-24 17:15:00,S,-19709.7455351396,False
2024-12-24 18:00:00,2024-12-25 23:00:00,S,-19650.61629853418,False
2024-12-27 12:30:00,2024-12-27 13:30:00,S,97958.32224819288,True
2024-12-27 19:00:00,2024-12-27 19:45:00,S,-19885.539416383155,False
2024-12-30 12:00:00,2024-12-30 12:30:00,S,-19825.882798134007,False
2024-12-30 13:15:00,2024-12-30 13:30:00,S,-19766.405149739603,False
2024-12-30 13:45:00,2024-12-30 16:45:00,S,65919.51536743046,True
2024-12-30 19:30:00,2024-12-30 19:45:00,S,-19904.864480392676,False
2024-12-31 06:45:00,2024-12-31 07:00:00,S,-19845.149886951498,False
2024-12-31 09:15:00,2024-12-31 09:30:00,S,-19785.614437290642,False
2024-12-31 09:45:00,2024-12-31 12:45:00,S,41528.93238446492,True
2025-01-02 06:30:00,2025-01-02 08:15:00,L,-19850.844391132166,False
2025-01-03 06:45:00,2025-01-03 07:00:00,L,-19791.29185795877,False
2025-01-03 07:45:00,2025-01-03 08:00:00,L,-19731.917982384894,False
2025-01-03 09:00:00,2025-01-03 12:00:00,L,40064.131141798585,True
2025-01-03 14:00:00,2025-01-03 14:15:00,L,-19792.914621863136,False
2025-01-03 15:45:00,2025-01-03 16:15:00,L,-19733.535877997547,False
2025-01-06 12:15:00,2025-01-06 12:45:00,S,-19674.335270363554,False
2025-01-06 13:30:00,2025-01-06 14:15:00,S,98076.5613227623,True
2025-01-06 18:00:00,2025-01-06 21:00:00,S,12760.521331091122,True
2025-01-07 19:45:00,2025-01-07 20:30:00,L,-19947.823512514024,False
2025-01-08 11:45:00,2025-01-08 12:15:00,L,-19887.98004197648,False
2025-01-08 12:45:00,2025-01-08 14:00:00,L,99141.58050925276,True
2025-01-08 18:00:00,2025-01-08 21:00:00,L,36252.77241761986,True
2025-01-09 16:15:00,2025-01-09 16:45:00,L,-20234.49916063117,False
2025-01-09 18:00:00,2025-01-09 21:00:00,L,25185.986133579638,True
2025-01-10 12:45:00,2025-01-10 13:00:00,L,-20249.353621550017,False
2025-01-13 10:45:00,2025-01-13 11:30:00,L,-20188.605560685366,False
2025-01-14 07:00:00,2025-01-14 07:30:00,L,-20128.03974400331,False
2025-01-14 07:45:00,2025-01-14 08:00:00,L,-20067.655624771298,False
2025-01-14 10:00:00,2025-01-14 10:15:00,L,-20007.452657896985,False
2025-01-14 11:00:00,2025-01-14 13:30:00,L,-19947.430299923293,False
2025-01-14 14:45:00,2025-01-14 17:45:00,L,36537.3084989408,True
2025-01-15 13:15:00,2025-01-15 14:30:00,L,-19997.199934520344,False
2025-01-15 15:00:00,2025-01-15 16:00:00,L,-19937.20833471678,False
2025-01-15 16:15:00,2025-01-15 19:15:00,L,60936.44037203669,True
2025-01-16 06:30:00,2025-01-16 08:15:00,L,100301.0301541437,True
2025-01-16 13:00:00,2025-01-16 14:45:00,L,101805.54560645585,True
2025-01-17 06:15:00,2025-01-17 06:45:00,L,-20666.525758110536,False
2025-01-17 08:00:00,2025-01-17 09:15:00,L,-20604.526180836205,False
2025-01-17 10:30:00,2025-01-17 10:45:00,L,-20542.712602293697,False
2025-01-17 11:15:00,2025-01-17 11:45:00,L,-20481.084464486812,False
2025-01-20 08:45:00,2025-01-20 09:15:00,L,-20419.641211093352,False
2025-01-21 09:30:00,2025-01-21 10:30:00,L,-20358.382287460074,False
2025-01-21 11:30:00,2025-01-21 14:30:00,L,88034.36078472086,True
2025-01-22 07:15:00,2025-01-22 07:45:00,L,-20561.410222951854,False
2025-01-22 12:45:00,2025-01-22 13:15:00,L,-20499.725992282998,False
2025-01-22 13:45:00,2025-01-22 14:30:00,L,-20438.22681430615,False
2025-01-22 15:30:00,2025-01-22 18:30:00,L,25849.923275729157,True
2025-01-23 10:00:00,2025-01-23 12:30:00,L,-20454.461903690415,False
2025-01-23 13:00:00,2025-01-23 13:15:00,L,-20393.098517979346,False
2025-01-23 13:30:00,2025-01-23 16:30:00,L,55007.95015438525,True
2025-01-24 08:30:00,2025-01-24 11:30:00,L,47039.37979922178,True
2025-01-24 14:45:00,2025-01-24 15:00:00,L,-20638.06121228623,False
2025-01-24 17:30:00,2025-01-24 18:00:00,L,-20576.147028649368,False
2025-01-24 18:45:00,2025-01-24 20:45:00,L,-20514.41858756342,False
2025-01-27 08:15:00,2025-01-27 10:45:00,L,102264.37665900364,True
2025-01-29 06:45:00,2025-01-29 07:00:00,L,-20759.668461777743,False
2025-01-29 07:15:00,2025-01-29 07:30:00,L,-20697.389456392408,False
2025-01-29 08:00:00,2025-01-29 10:30:00,L,-20635.29728802323,False
2025-01-29 11:30:00,2025-01-29 12:00:00,L,-20573.39139615916,False
2025-01-29 13:30:00,2025-01-29 15:15:00,L,-20511.671221970686,False
2025-01-31 07:15:00,2025-01-31 08:15:00,L,-20450.13620830477,False
2025-01-31 08:45:00,2025-01-31 10:30:00,L,-20388.785799679856,False
2025-01-31 11:00:00,2025-01-31 12:15:00,L,101638.09721140408,True
2025-01-31 18:45:00,2025-01-31 19:00:00,L,-20632.53373391503,False
2025-01-31 19:15:00,2025-01-31 19:30:00,L,-20570.636132713284,False
2025-02-04 07:00:00,2025-02-04 07:15:00,L,-20508.924224315142,False
2025-02-04 07:45:00,2025-02-04 10:45:00,L,22892.113822759078,True
2025-02-05 14:15:00,2025-02-05 15:45:00,L,102580.36896555236,True
2025-02-05 19:30:00,2025-02-05 19:45:00,L,-20823.81490000713,False
2025-02-06 08:45:00,2025-02-06 11:45:00,L,56263.26983453703,True
2025-02-06 15:15:00,2025-02-06 18:15:00,L,34256.981985758044,True
2025-02-07 06:15:00,2025-02-07 06:45:00,L,-21032.904210767996,False
2025-02-07 07:15:00,2025-02-07 10:15:00,L,26426.270650095754,True
2025-02-07 13:30:00,2025-02-07 13:45:00,L,-21049.08431008598,False
2025-02-07 18:00:00,2025-02-07 21:00:00,L,2608.991408452709,True
2025-02-10 14:00:00,2025-02-10 17:00:00,L,854.9123299155052,True
2025-02-10 17:45:00,2025-02-10 20:45:00,L,11719.707504154316,True
2025-02-11 07:00:00,2025-02-11 07:15:00,L,-21031.487890883287,False
2025-02-11 08:00:00,2025-02-11 08:15:00,L,-20968.393427210638,False
2025-02-11 08:30:00,2025-02-11 08:45:00,L,-20905.488246929006,False
2025-02-11 09:15:00,2025-02-11 09:30:00,L,-20842.771782188218,False
2025-02-11 10:15:00,2025-02-11 12:00:00,L,-20780.24346684165,False
2025-02-12 06:15:00,2025-02-12 06:30:00,L,-20717.902736441127,False
2025-02-12 12:15:00,2025-02-12 13:00:00,L,-20655.749028231803,False
2025-02-12 13:30:00,2025-02-12 13:45:00,L,-20593.781781147107,False
2025-02-12 20:00:00,2025-02-13 00:00:00,L,52855.43387080831,True
2025-02-13 09:15:00,2025-02-13 12:15:00,L,43293.164253782204,True
2025-02-13 13:45:00,2025-02-13 14:00:00,L,-20820.446230177437,False
2025-02-13 14:15:00,2025-02-13 17:15:00,L,23264.358541056026,True
2025-02-17 06:45:00,2025-02-17 09:45:00,L,41868.45552722654,True
2025-02-18 11:00:00,2025-02-18 14:00:00,L,69611.04963873742,True
2025-02-19 12:15:00,2025-02-19 14:15:00,L,-21162.21648260796,False
2025-02-19 16:15:00,2025-02-19 17:30:00,L,-21098.729833160138,False
2025-02-19 18:45:00,2025-02-19 21:45:00,L,46131.9581857285,True
2025-02-20 12:15:00,2025-02-20 12:30:00,L,-21173.82951821784,False
2025-02-20 12:45:00,2025-02-20 13:00:00,L,-21110.30802966319,False
2025-02-20 14:45:00,2025-02-20 15:00:00,L,-21046.977105574202,False
2025-02-20 20:00:00,2025-02-21 00:00:00,L,26093.004301817095,True
2025-02-21 08:45:00,2025-02-21 11:45:00,L,59589.50322512822,True
2025-02-21 15:30:00,2025-02-21 18:30:00,L,67449.24450042685,True
2025-02-24 11:00:00,2025-02-24 13:30:00,L,107216.15715169797,True
2025-02-24 15:15:00,2025-02-24 18:15:00,L,40806.44256959131,True
2025-02-25 08:15:00,2025-02-25 11:15:00,L,43986.49751642833,True
2025-02-28 11:30:00,2025-02-28 12:00:00,S,-22019.258722052746,False
2025-02-28 12:30:00,2025-02-28 13:45:00,S,109766.00472943293,True
2025-03-04 07:00:00,2025-03-04 07:15:00,L,111412.49480037444,True
2025-03-04 15:15:00,2025-03-04 15:45:00,L,-22616.736444476013,False
2025-03-05 14:00:00,2025-03-05 16:15:00,L,112744.43117571293,True
2025-03-06 07:45:00,2025-03-06 08:00:00,L,-22887.119528669722,False
2025-03-06 09:15:00,2025-03-06 09:30:00,L,-22818.45817008371,False
2025-03-06 10:30:00,2025-03-06 13:30:00,L,31651.108553795853,True
2025-03-07 13:45:00,2025-03-07 14:00:00,L,-22844.95612123485,False
2025-03-11 13:30:00,2025-03-11 16:30:00,L,30300.87578037576,True
2025-03-12 07:45:00,2025-03-12 10:45:00,L,13734.782720517249,True
2025-03-12 12:00:00,2025-03-12 12:15:00,L,-22908.528228373823,False
2025-03-12 12:45:00,2025-03-12 13:00:00,L,-22839.8026436887,False
2025-03-13 08:15:00,2025-03-13 11:15:00,L,39297.2549466374,True
2025-03-13 13:15:00,2025-03-13 14:30:00,L,114445.87500298773,True
2025-03-14 06:45:00,2025-03-14 07:00:00,L,-23232.51262560651,False
2025-03-14 07:30:00,2025-03-14 09:15:00,L,115814.07543864845,True
2025-03-14 14:15:00,2025-03-14 14:30:00,L,-23510.257314045633,False
2025-03-14 15:45:00,2025-03-14 18:45:00,L,6663.299613008179,True
2025-03-14 20:00:00,2025-03-17 00:00:00,L,66584.58892259398,True
2025-03-17 13:15:00,2025-03-17 16:15:00,L,51029.8848512789,True
2025-03-19 09:30:00,2025-03-19 12:30:00,L,68799.40173079037,True
2025-03-19 14:00:00,2025-03-19 14:15:00,L,-24018.95806745651,False
2025-03-19 14:30:00,2025-03-19 14:45:00,L,-23946.901193254143,False
2025-03-19 15:15:00,2025-03-19 18:15:00,L,47618.419799697986,True
2025-03-20 06:15:00,2025-03-20 06:30:00,L,-24017.915749073476,False
2025-03-20 09:00:00,2025-03-20 10:00:00,L,-23945.862001826255,False
2025-03-20 11:00:00,2025-03-20 11:15:00,L,-23874.024415820775,False
2025-03-25 08:15:00,2025-03-25 11:15:00,L,92991.10765698794,True
2025-03-25 12:45:00,2025-03-25 14:00:00,L,120406.87832772141,True
2025-03-25 17:45:00,2025-03-25 18:15:00,L,-24442.596300527446,False
2025-03-25 19:15:00,2025-03-25 23:15:00,L,20892.76488923541,True
2025-03-26 10:30:00,2025-03-26 13:30:00,L,19160.326326665345,True
2025-03-27 07:00:00,2025-03-27 10:00:00,L,87881.47719580993,True
2025-03-27 14:00:00,2025-03-27 17:00:00,L,40190.98764703793,True
2025-03-28 08:45:00,2025-03-28 10:15:00,L,-24873.645179802108,False
2025-03-28 15:15:00,2025-03-28 18:15:00,L,22001.08223684911,True
2025-03-28 19:00:00,2025-03-30 22:00:00,L,124325.13745486623,True
2025-03-31 10:15:00,2025-03-31 13:15:00,L,26884.43399094667,True
2025-03-31 14:00:00,2025-03-31 17:00:00,L,17142.852590827333,True
2025-04-01 06:30:00,2025-04-01 06:45:00,L,-25370.084763083167,False
2025-04-01 08:15:00,2025-04-01 08:45:00,L,-25293.974508793915,False
2025-04-01 12:15:00,2025-04-01 13:15:00,L,-25218.092585267532,False
2025-04-01 13:45:00,2025-04-01 14:00:00,L,-25142.43830751173,False
2025-04-01 14:30:00,2025-04-01 15:30:00,L,-25067.010992589196,False
2025-04-02 11:15:00,2025-04-02 14:15:00,L,24381.553608918985,True
2025-04-02 18:45:00,2025-04-02 20:00:00,L,-25064.954620438184,False
2025-04-03 06:45:00,2025-04-03 09:45:00,L,14175.853621139478,True
2025-04-03 13:00:00,2025-04-03 13:15:00,L,-25032.287317440285,False
2025-04-03 13:45:00,2025-04-03 16:45:00,L,50883.96298509282,True
2025-04-04 09:15:00,2025-04-04 10:30:00,L,125549.21172221622,True
2025-04-07 11:00:00,2025-04-07 11:15:00,S,-25486.48997960989,False
2025-04-07 11:45:00,2025-04-07 13:30:00,S,127050.15254835531,True
2025-04-08 06:15:00,2025-04-08 06:30:00,S,-25791.18096731613,False
2025-04-08 07:30:00,2025-04-08 10:30:00,S,10621.835745440563,True
2025-04-08 11:45:00,2025-04-08 12:00:00,S,-25745.672931650504,False
2025-04-08 12:30:00,2025-04-08 13:00:00,S,-25668.43591285555,False
2025-04-08 13:30:00,2025-04-08 16:30:00,S,69836.29454289931,True
2025-04-09 17:45:00,2025-04-09 18:00:00,L,-25800.939488745684,False
2025-04-09 18:30:00,2025-04-09 22:30:00,L,32217.372212762093,True
2025-04-10 08:30:00,2025-04-10 08:45:00,L,-25820.18878691773,False
2025-04-10 09:30:00,2025-04-10 12:30:00,L,75455.4394841289,True
2025-04-10 14:15:00,2025-04-10 17:15:00,L,42790.38935227697,True
2025-04-11 12:15:00,2025-04-11 15:15:00,L,62037.26723506483,True
2025-04-11 17:15:00,2025-04-11 20:15:00,L,39999.75209411322,True
2025-04-14 08:30:00,2025-04-14 10:15:00,L,-26403.576765053724,False
2025-04-14 11:00:00,2025-04-14 12:30:00,L,-26324.36603475857,False
2025-04-14 13:30:00,2025-04-14 14:00:00,L,-26245.39293665429,False
2025-04-14 16:00:00,2025-04-14 19:00:00,L,44977.31003539943,True
2025-04-15 08:00:00,2025-04-15 09:45:00,L,-26301.588687950527,False
2025-04-15 11:15:00,2025-04-15 11:30:00,L,-26222.683921886673,False
2025-04-15 12:00:00,2025-04-15 12:15:00,L,-26144.015870121013,False
2025-04-15 14:15:00,2025-04-15 17:15:00,L,5608.675961774036,True
2025-04-16 09:00:00,2025-04-16 11:00:00,L,-26082.409850395976,False
2025-04-17 06:15:00,2025-04-17 07:00:00,L,-26004.162620844785,False
2025-04-17 07:45:00,2025-04-17 08:15:00,L,-25926.150132982253,False
2025-04-17 09:00:00,2025-04-17 12:00:00,L,16216.065941330695,True
2025-04-17 13:00:00,2025-04-17 13:15:00,L,-25897.019880407297,False
2025-04-17 13:45:00,2025-04-17 14:00:00,L,-25819.328820766077,False
2025-04-21 17:30:00,2025-04-21 20:30:00,L,34661.06249434557,True
2025-04-22 07:45:00,2025-04-22 08:15:00,L,-25845.85402178681,False
2025-04-22 09:15:00,2025-04-22 12:15:00,L,5846.969660422882,True
2025-04-22 13:15:00,2025-04-22 13:30:00,L,-25785.85736870272,False
2025-04-22 14:15:00,2025-04-22 15:15:00,L,-25708.499796596614,False
2025-04-22 15:45:00,2025-04-22 16:00:00,L,-25631.37429720682,False
2025-04-29 06:15:00,2025-04-29 09:15:00,L,-402.11538748520024,False
2025-05-05 15:45:00,2025-05-05 16:00:00,L,-25553.273828152745,False
2025-05-05 16:45:00,2025-05-05 19:15:00,L,127383.07003334144,True
2025-05-07 09:45:00,2025-05-07 10:00:00,L,-25858.763216768315,False
2025-05-07 10:15:00,2025-05-07 13:15:00,L,19000.506819498707,True
2025-05-07 19:00:00,2025-05-07 19:15:00,L,-25838.188447576504,False
2025-05-07 19:30:00,2025-05-07 20:15:00,L,-25760.673882233776,False
2025-05-08 07:15:00,2025-05-08 10:15:00,L,1510.9218309452533,True
2025-05-09 14:30:00,2025-05-09 17:30:00,L,3474.4628702858195,True
2025-05-12 13:30:00,2025-05-12 13:45:00,S,-25698.348014690768,False
2025-05-12 14:15:00,2025-05-12 14:30:00,S,-25621.252970646696,False
2025-05-12 15:00:00,2025-05-12 18:00:00,S,52235.82956609945,True
2025-05-12 19:45:00,2025-05-12 22:00:00,S,-25701.096700433052,False
2025-05-13 06:15:00,2025-05-13 06:30:00,S,-25623.99341033175,False
2025-05-13 07:15:00,2025-05-13 10:15:00,S,36408.11597210961,True
2025-05-13 16:45:00,2025-05-13 19:45:00,S,4320.814224125136,True
2025-05-14 08:15:00,2025-05-14 11:15:00,S,-10036.678056971976,False
2025-05-15 07:30:00,2025-05-15 08:30:00,S,-25639.198186518544,False
2025-05-15 12:45:00,2025-05-15 13:00:00,S,-25562.28059195899,False
2025-05-15 13:30:00,2025-05-15 14:00:00,S,-25485.59375018311,False
2025-05-15 17:45:00,2025-05-15 18:00:00,S,-25409.136968932562,False
2025-05-15 18:30:00,2025-05-15 19:15:00,S,-25332.909558025764,False
2025-05-16 06:30:00,2025-05-16 09:30:00,S,39610.03959024934,True
2025-05-16 16:30:00,2025-05-16 16:45:00,S,-25375.74094812243,False
2025-05-16 17:15:00,2025-05-16 19:00:00,S,-25299.613725278065,False
2025-05-16 20:00:00,2025-05-16 20:15:00,S,-25223.714884102228,False
2025-05-21 12:45:00,2025-05-21 15:45:00,L,54908.818204981195,True
2025-05-22 07:30:00,2025-05-22 08:00:00,L,-25312.770194064862,False
2025-05-22 10:45:00,2025-05-22 11:00:00,L,-25236.831883482668,False
2025-05-22 11:15:00,2025-05-22 13:45:00,L,-25161.12138783222,False
2025-05-22 14:15:00,2025-05-22 17:15:00,L,23759.625425894825,True
2025-05-22 19:45:00,2025-05-22 23:45:00,L,34086.10139505744,True
2025-05-26 06:45:00,2025-05-26 07:00:00,L,-25259.17520413158,False
2025-05-26 08:00:00,2025-05-26 08:15:00,L,-25183.397678519184,False
2025-05-26 08:30:00,2025-05-26 08:45:00,L,-25107.847485483624,False
2025-05-26 09:45:00,2025-05-26 12:45:00,L,33955.995270748026,True
2025-05-28 08:45:00,2025-05-28 09:00:00,S,-25134.391928839417,False
2025-05-28 10:15:00,2025-05-28 13:15:00,S,89022.1671310697,True
2025-05-28 19:15:00,2025-05-28 20:45:00,S,126630.27627223053,True
2025-06-02 11:00:00,2025-06-02 13:45:00,L,128529.73041631398,True
2025-06-03 11:15:00,2025-06-03 12:00:00,L,-26091.53527451174,False
2025-06-03 14:30:00,2025-06-03 17:30:00,L,30975.909274157522,True
2025-06-04 06:15:00,2025-06-04 09:15:00,L,56309.57387478058,True
2025-06-04 11:00:00,2025-06-04 11:15:00,L,-26275.117118135022,False
2025-06-04 11:45:00,2025-06-04 12:15:00,L,-26196.291766780614,False
2025-06-05 06:15:00,2025-06-05 06:30:00,L,-26117.702891480272,False
2025-06-05 16:45:00,2025-06-05 19:45:00,L,27210.91060527698,True
2025-06-06 07:00:00,2025-06-06 07:45:00,L,-26120.982514621664,False
2025-06-06 08:00:00,2025-06-06 09:15:00,L,-26042.6195670778,False
2025-06-06 09:45:00,2025-06-06 12:30:00,L,-25964.491708376565,False
2025-06-11 06:45:00,2025-06-11 09:00:00,L,-25886.598233251436,False
2025-06-11 16:30:00,2025-06-11 17:00:00,L,-25808.938438551682,False
2025-06-11 18:00:00,2025-06-11 20:15:00,L,128657.55811618014,True
2025-06-12 08:00:00,2025-06-12 10:15:00,L,130587.42148792285,True
2025-06-12 15:30:00,2025-06-12 16:45:00,L,-26509.24656204834,False
2025-06-12 17:30:00,2025-06-12 20:30:00,L,29152.006825462173,True
2025-06-13 06:30:00,2025-06-13 06:45:00,L,-26517.17484283858,False
2025-06-13 07:00:00,2025-06-13 10:00:00,L,34188.21802488695,True
2025-06-13 11:00:00,2025-06-13 13:00:00,L,132700.93986192363,True
2025-06-13 16:00:00,2025-06-13 16:15:00,L,-26938.290791970496,False
2025-06-13 16:30:00,2025-06-13 19:30:00,L,37784.3279920421,True
2025-06-16 06:45:00,2025-06-16 07:00:00,L,-26970.828903570717,False
2025-06-16 08:15:00,2025-06-16 11:15:00,L,29172.207826680296,True
2025-06-16 14:15:00,2025-06-16 17:15:00,L,8203.541921494982,True
2025-06-24 16:00:00,2025-06-24 16:45:00,S,-27002.043666104524,False
2025-06-24 18:15:00,2025-06-24 19:30:00,S,-26921.037535106214,False
2025-06-25 07:00:00,2025-06-25 07:30:00,S,-26840.274422500894,False
2025-06-25 08:00:00,2025-06-25 11:00:00,S,47828.546645515395,True
2025-06-25 12:45:00,2025-06-25 14:30:00,S,-26903.239239169936,False
2025-06-25 17:30:00,2025-06-25 19:00:00,S,-26822.52952145243,False
2025-06-25 20:00:00,2025-06-25 23:00:00,S,-26742.06193288807,False
2025-06-26 09:15:00,2025-06-26 11:00:00,S,-26661.835747089408,False
2025-06-26 18:30:00,2025-06-26 22:30:00,S,96296.84066017535,True
2025-06-27 16:00:00,2025-06-27 17:45:00,S,-26870.740761828667,False
2025-06-30 08:00:00,2025-06-30 11:00:00,S,76835.03812241036,True
2025-06-30 13:00:00,2025-06-30 13:45:00,S,-27020.63365391041,False
2025-06-30 15:15:00,2025-06-30 15:45:00,S,-26939.571752948676,False
2025-06-30 17:15:00,2025-06-30 18:00:00,S,-26858.75303768983,False
2025-07-01 14:00:00,2025-07-01 14:30:00,L,-26778.176778576762,False
2025-07-01 16:15:00,2025-07-01 17:15:00,L,-26697.84224824103,False
2025-07-01 19:15:00,2025-07-01 20:15:00,L,-26617.748721496308,False
2025-07-02 07:00:00,2025-07-02 07:15:00,L,-26537.895475331818,False
2025-07-02 08:00:00,2025-07-02 11:00:00,L,78660.76252344514,True
2025-07-02 14:30:00,2025-07-02 17:30:00,L,70887.45107370344,True
2025-07-03 17:45:00,2025-07-03 20:45:00,S,29235.79789485516,True
2025-07-04 07:45:00,2025-07-04 09:15:00,L,-26994.633823381835,False
2025-07-04 10:45:00,2025-07-04 12:45:00,L,-26913.649921911692,False
2025-07-08 12:30:00,2025-07-08 14:00:00,S,134164.54486072977,True
2025-07-08 18:15:00,2025-07-08 22:15:00,S,9120.973927817187,True
2025-07-09 11:15:00,2025-07-09 12:45:00,S,-27262.765528511598,False
2025-07-09 13:30:00,2025-07-09 13:45:00,S,-27180.977231926063,False
2025-07-09 17:45:00,2025-07-09 18:15:00,S,-27099.43430023029,False
2025-07-09 19:30:00,2025-07-09 22:00:00,S,-27018.135997329595,False
2025-07-11 09:15:00,2025-07-11 12:15:00,L,86762.0914559361,True
2025-07-11 18:00:00,2025-07-13 22:00:00,L,97146.26398585986,True
2025-07-14 13:15:00,2025-07-14 14:15:00,L,-27488.806655662996,False
2025-07-14 14:30:00,2025-07-14 14:45:00,L,-27406.34023569601,False
2025-07-14 15:15:00,2025-07-14 16:00:00,L,-27324.12121498892,False
2025-07-16 12:45:00,2025-07-16 13:30:00,L,-27242.148851343954,False
2025-07-16 14:00:00,2025-07-16 14:15:00,L,-27160.422404789922,False
2025-07-16 14:45:00,2025-07-16 15:00:00,L,135394.70568787775,True
2025-07-18 06:15:00,2025-07-18 07:30:00,L,137425.62627319593,True
2025-07-18 15:30:00,2025-07-18 17:15:00,L,-27897.402133458774,False
2025-07-18 18:00:00,2025-07-18 19:30:00,L,-27813.709927058397,False
2025-07-21 10:00:00,2025-07-21 10:30:00,L,-27730.268797277226,False
2025-07-21 11:00:00,2025-07-21 12:15:00,L,138235.38995442697,True
2025-07-21 18:15:00,2025-07-21 22:15:00,L,64591.612163500184,True
2025-07-22 07:45:00,2025-07-22 10:45:00,L,21052.31672895147,True
2025-07-23 11:30:00,2025-07-23 12:45:00,L,-28318.715947426033,False
2025-07-23 13:45:00,2025-07-23 15:45:00,L,-28233.759799583753,False
2025-07-23 16:45:00,2025-07-23 19:45:00,L,-1675.695961409508,False
2025-07-28 06:15:00,2025-07-28 09:15:00,S,44346.97853006393,True
2025-07-28 19:30:00,2025-07-28 19:45:00,S,-28277.072367890967,False
2025-07-29 07:00:00,2025-07-29 08:00:00,S,-28192.24115078729,False
2025-07-29 09:15:00,2025-07-29 09:45:00,S,-28107.66442733493,False
2025-07-29 15:30:00,2025-07-29 18:15:00,S,-28023.341434052927,False
2025-07-29 19:00:00,2025-07-29 19:15:00,S,-27939.27140975077,False
2025-07-30 08:30:00,2025-07-30 08:45:00,S,-27855.453595521518,False
2025-07-30 09:45:00,2025-07-30 10:00:00,S,-27771.887234734957,False
2025-07-31 06:45:00,2025-07-31 07:15:00,S,-27688.571573030753,False
2025-07-31 08:00:00,2025-07-31 08:15:00,S,-27605.505858311662,False
2025-07-31 08:30:00,2025-07-31 11:30:00,S,57904.85991479263,True
2025-07-31 13:45:00,2025-07-31 16:45:00,S,56952.746398167175,True
2025-08-01 16:45:00,2025-08-01 19:45:00,L,100572.17712552255,True
2025-08-04 06:45:00,2025-08-04 07:15:00,L,-28168.97869105218,False
2025-08-04 07:45:00,2025-08-04 10:45:00,L,24903.668923641442,True
2025-08-04 17:45:00,2025-08-04 20:45:00,L,6674.0805692795,True
2025-08-05 07:15:00,2025-08-05 08:45:00,L,-28179.205003457784,False
2025-08-05 12:30:00,2025-08-05 13:30:00,L,140473.33694223705,True
2025-08-05 18:30:00,2025-08-05 22:30:00,L,-5288.113593948351,False
2025-08-06 07:45:00,2025-08-06 08:00:00,L,-28500.223058492276,False
2025-08-06 10:15:00,2025-08-06 10:30:00,L,-28414.7223893168,False
2025-08-06 11:00:00,2025-08-06 12:00:00,L,-28329.47822214885,False
2025-08-06 18:45:00,2025-08-06 20:00:00,L,-28244.489787482406,False
2025-08-07 08:45:00,2025-08-07 09:30:00,L,-28159.756318119962,False
2025-08-07 09:45:00,2025-08-07 10:45:00,L,-28075.2770491656,False
2025-08-07 11:15:00,2025-08-07 12:00:00,L,-27991.051218018103,False
2025-08-08 11:45:00,2025-08-08 14:30:00,L,-27907.07806436405,False
2025-08-08 14:45:00,2025-08-08 17:45:00,L,46077.83676525131,True
2025-08-08 18:15:00,2025-08-10 22:15:00,L,-9398.161795471251,False
2025-08-11 18:15:00,2025-08-11 22:15:00,S,52410.240530316754,True
2025-08-12 06:15:00,2025-08-12 07:30:00,S,-28090.626576671257,False
2025-08-12 08:15:00,2025-08-12 11:15:00,S,63397.2524736803,True
2025-08-12 14:00:00,2025-08-12 15:15:00,S,-28196.546454362284,False
2025-08-12 15:45:00,2025-08-12 18:45:00,S,19292.55493036737,True
2025-08-14 07:15:00,2025-08-14 07:45:00,S,140849.17239895146,True
2025-08-14 20:00:00,2025-08-15 00:00:00,S,30974.876478892496,True
2025-08-15 12:00:00,2025-08-15 13:00:00,S,-28685.306626423822,False
2025-08-15 13:15:00,2025-08-15 15:30:00,S,-28599.25070654455,False
2025-08-19 08:15:00,2025-08-19 09:45:00,S,-28513.45295442492,False
2025-08-19 10:45:00,2025-08-19 11:00:00,S,-28427.912595561644,False
2025-08-19 11:15:00,2025-08-19 13:00:00,S,141713.1442888748,True
2025-08-20 06:30:00,2025-08-20 07:00:00,S,-28767.768290641587,False
2025-08-20 07:30:00,2025-08-20 09:00:00,S,-28681.464985769664,False
2025-08-20 09:30:00,2025-08-20 10:30:00,S,-28595.42059081236,False
2025-08-20 11:45:00,2025-08-20 12:00:00,S,-28509.63432903992,False
2025-08-21 08:30:00,2025-08-21 09:45:00,S,-28424.105426052804,False
2025-08-21 10:15:00,2025-08-21 10:30:00,S,141694.16554887322,True
2025-08-22 12:45:00,2025-08-22 14:00:00,L,143819.57803210634,True
2025-08-25 09:45:00,2025-08-25 12:45:00,L,-8864.795146662727,False
2025-08-25 13:45:00,2025-08-25 16:45:00,L,60529.263545045396,True
2025-08-25 18:15:00,2025-08-25 18:45:00,L,-29350.367745712734,False
2025-08-26 11:00:00,2025-08-26 14:00:00,L,33317.81081722151,True
2025-08-27 07:45:00,2025-08-27 10:30:00,L,-29362.27007492726,False
2025-08-27 11:15:00,2025-08-27 11:30:00,L,-29274.183264702475,False
2025-08-27 12:00:00,2025-08-27 15:00:00,L,126038.68724869462,True
2025-08-28 10:30:00,2025-08-28 12:00:00,L,147822.38388327224,True
2025-08-29 07:45:00,2025-08-29 09:30:00,L,-30007.943928304263,False
2025-08-29 11:30:00,2025-08-29 12:45:00,L,149589.60048259675,True
2025-09-01 08:00:00,2025-09-01 09:00:00,L,-30366.688897967135,False
2025-09-01 10:30:00,2025-09-01 12:15:00,L,-30275.588831273235,False
2025-09-02 07:30:00,2025-09-02 07:45:00,L,-30184.762064779414,False
2025-09-02 08:15:00,2025-09-02 11:15:00,L,43881.88022327041,True
2025-09-02 13:00:00,2025-09-02 14:45:00,L,151129.26709627445,True
2025-09-04 18:30:00,2025-09-04 22:00:00,L,-30679.241220543707,False
2025-09-05 08:30:00,2025-09-05 08:45:00,L,-30587.203496882077,False
2025-09-05 09:15:00,2025-09-05 12:15:00,L,25210.691251033313,True
2025-09-08 18:45:00,2025-09-08 22:15:00,L,-30571.07396014453,False
2025-09-09 06:45:00,2025-09-09 07:15:00,L,-30479.3607382641,False
2025-09-09 15:30:00,2025-09-09 18:30:00,L,12929.166344801917,True
2025-09-10 17:00:00,2025-09-10 19:15:00,L,-30426.710155083714,False
2025-09-10 20:00:00,2025-09-10 20:30:00,L,-30335.430024618465,False
2025-09-11 06:15:00,2025-09-11 07:00:00,L,-30244.423734544613,False
2025-09-11 09:45:00,2025-09-11 11:30:00,L,-30153.69046334098,False
2025-09-11 12:15:00,2025-09-11 12:30:00,L,-30063.229391950954,False
2025-09-11 19:15:00,2025-09-11 23:15:00,L,-4574.997043849322,False
2025-09-12 07:00:00,2025-09-12 07:45:00,L,-29959.31471264355,False
2025-09-12 09:30:00,2025-09-12 12:15:00,L,-29869.43676850562,False
2025-09-12 13:00:00,2025-09-12 16:00:00,L,-8567.617273966169,False
2025-09-15 07:45:00,2025-09-15 09:30:00,L,-29754.125606378206,False
2025-09-16 12:45:00,2025-09-16 13:00:00,L,-29664.86322955907,False
2025-09-16 13:30:00,2025-09-16 14:30:00,L,-29575.86863987039,False
2025-09-16 16:00:00,2025-09-16 19:00:00,L,27919.82755445549,True
2025-09-17 07:00:00,2025-09-17 07:15:00,L,-29570.900516614147,False
2025-09-17 07:45:00,2025-09-17 08:00:00,L,-29482.187815064302,False
2025-09-17 09:15:00,2025-09-17 10:00:00,L,-29393.74125161911,False
2025-09-17 11:15:00,2025-09-17 13:30:00,L,146527.80013932125,True
2025-09-17 19:30:00,2025-09-17 23:30:00,L,20331.835545994567,True
2025-09-19 13:00:00,2025-09-19 14:45:00,L,149030.694674601,True
2025-09-22 13:00:00,2025-09-22 13:30:00,L,-30253.231018944003,False
2025-09-23 14:45:00,2025-09-23 16:30:00,L,-30162.47132588717,False
2025-09-23 19:45:00,2025-09-23 23:45:00,L,-8904.627185521462,False
2025-09-24 09:00:00,2025-09-24 09:30:00,L,-30045.270030352945,False
2025-09-24 09:45:00,2025-09-24 10:00:00,L,-29955.134220261887,False
2025-09-24 10:30:00,2025-09-24 10:45:00,L,-29865.268817601103,False
2025-09-24 11:30:00,2025-09-24 13:30:00,L,-29775.673011148298,False
2025-09-24 14:15:00,2025-09-24 14:30:00,L,-29686.345992114853,False
2025-09-25 11:30:00,2025-09-25 12:30:00,L,-29597.286954138508,False
2025-09-25 14:00:00,2025-09-25 14:30:00,L,-29508.495093276095,False
2025-09-25 15:00:00,2025-09-25 18:00:00,L,38541.48735046633,True
2025-09-26 07:15:00,2025-09-26 10:15:00,L,72129.56983098213,True
2025-09-26 11:15:00,2025-09-26 13:00:00,L,148759.91389770302,True
2025-09-29 10:15:00,2025-09-29 13:15:00,L,46833.5503359698,True
2025-09-30 10:45:00,2025-09-30 13:45:00,L,65277.3319298197,True
2025-10-01 11:45:00,2025-10-01 12:15:00,L,-30534.595168031083,False
2025-10-01 13:00:00,2025-10-01 13:15:00,L,-30442.991382526987,False
2025-10-01 13:30:00,2025-10-01 14:45:00,L,-30351.66240837941,False
2025-10-01 15:45:00,2025-10-01 18:00:00,L,-30260.60742115427,False
2025-10-01 18:15:00,2025-10-01 22:15:00,L,20879.630960003637,True
2025-10-02 07:15:00,2025-10-02 07:30:00,L,-30232.46449177082,False
2025-10-02 16:15:00,2025-10-02 19:15:00,L,52128.40705168996,True
2025-10-03 11:45:00,2025-10-03 13:15:00,L,151490.7615972529,True
2025-10-06 12:45:00,2025-10-06 15:45:00,L,133272.57232907982,True
2025-10-07 07:30:00,2025-10-07 07:45:00,L,-31152.442321229573,False
2025-10-07 08:30:00,2025-10-07 11:30:00,L,41041.363192635945,True
2025-10-07 16:30:00,2025-10-07 19:30:00,L,40392.62559672226,True
2025-10-08 13:00:00,2025-10-08 13:30:00,L,-31303.286960633963,False
2025-10-08 14:00:00,2025-10-08 17:00:00,L,81167.26658237846,True
2025-10-08 20:00:00,2025-10-08 22:00:00,L,-31452.8788994992,False
2025-10-09 07:15:00,2025-10-09 10:15:00,L,61382.452825516004,True
2025-10-09 14:15:00,2025-10-09 14:30:00,L,-31542.66762127725,False
2025-10-09 15:00:00,2025-10-09 15:30:00,L,-31448.03961841342,False
2025-10-09 16:15:00,2025-10-09 16:30:00,L,-31353.695499558176,False
2025-10-09 18:15:00,2025-10-09 22:15:00,L,17816.162361073675,True
2025-10-10 12:15:00,2025-10-10 12:45:00,L,-31313.082900142723,False
2025-10-10 13:00:00,2025-10-10 13:45:00,L,-31219.143651442297,False
2025-10-14 06:30:00,2025-10-14 06:45:00,L,-31125.48622048797,False
2025-10-14 07:00:00,2025-10-14 10:00:00,L,33555.01575318559,True
2025-10-14 13:15:00,2025-10-14 16:15:00,L,60268.07862033601,True
2025-10-15 17:30:00,2025-10-15 20:30:00,L,69809.63412972535,True
2025-10-16 06:15:00,2025-10-16 09:15:00,L,33206.4125859902,True
2025-10-17 12:15:00,2025-10-17 12:30:00,L,-31622.627185094214,False
2025-10-17 12:45:00,2025-10-17 13:30:00,L,-31527.75930353893,False
2025-10-17 14:30:00,2025-10-17 16:15:00,L,-31433.176025628312,False
2025-10-17 17:45:00,2025-10-17 20:45:00,L,46611.70312023401,True
2025-10-20 06:15:00,2025-10-20 06:30:00,L,-31478.711606912126,False
2025-10-20 06:45:00,2025-10-20 09:45:00,L,77781.2405992509,True
2025-10-21 06:15:00,2025-10-21 07:30:00,L,-31617.619193889142,False
2025-10-27 07:00:00,2025-10-27 08:45:00,S,157613.83168153738,True
2025-10-27 13:15:00,2025-10-27 14:15:00,S,159978.03915676044,True
2025-10-27 19:00:00,2025-10-27 23:00:00,S,41052.079115623565,True
2025-10-28 11:15:00,2025-10-28 11:30:00,S,-32598.698186169237,False
2025-10-28 12:30:00,2025-10-28 13:15:00,S,-32500.902091610733,False
2025-10-28 13:45:00,2025-10-28 14:00:00,S,-32403.3993853359,False
2025-10-28 16:45:00,2025-10-28 17:00:00,S,-32306.189187179887,False
2025-10-28 18:00:00,2025-10-28 22:00:00,S,38242.54420338925,True
2025-10-29 11:30:00,2025-10-29 12:00:00,S,-32323.998252228517,False
2025-10-29 12:30:00,2025-10-29 15:30:00,S,96891.65058682549,True
2025-10-31 08:45:00,2025-10-31 11:45:00,S,48075.14469100595,True
2025-10-31 13:00:00,2025-10-31 13:15:00,S,-32661.926643305324,False
2025-10-31 13:30:00,2025-10-31 16:00:00,S,162819.70431687706,True
2025-11-03 08:15:00,2025-11-03 11:15:00,S,114531.32485884975,True
2025-11-03 13:30:00,2025-11-03 14:00:00,S,-33395.993950902586,False
2025-11-03 14:30:00,2025-11-03 14:45:00,S,-33295.80596904988,False
2025-11-03 15:30:00,2025-11-03 15:45:00,S,-33195.91855114273,False
2025-11-04 08:15:00,2025-11-04 08:30:00,S,-33096.330795489295,False
2025-11-04 09:15:00,2025-11-04 09:30:00,S,-32997.04180310283,False
2025-11-04 10:00:00,2025-11-04 10:15:00,S,-32898.05067769352,False
2025-11-05 14:45:00,2025-11-05 15:30:00,S,-32799.35652566044,False
2025-11-05 16:00:00,2025-11-05 16:45:00,S,-32700.95845608346,False
2025-11-05 17:15:00,2025-11-05 20:15:00,S,-18693.69800304356,False
2025-11-06 12:15:00,2025-11-06 14:15:00,S,162733.87243353037,True
2025-11-06 20:00:00,2025-11-07 00:00:00,S,-26287.212620729806,False
2025-11-07 11:00:00,2025-11-07 11:15:00,L,-32956.11446614448,False
2025-11-07 11:45:00,2025-11-07 12:45:00,L,-32857.246122746044,False
2025-11-11 07:00:00,2025-11-11 10:00:00,L,74724.59159103209,True
2025-11-11 13:15:00,2025-11-11 14:15:00,L,-32982.848159150904,False
2025-11-11 14:45:00,2025-11-11 15:00:00,L,-32883.89961467345,False
2025-11-11 15:45:00,2025-11-11 18:45:00,L,5905.089321781716,True
2025-11-12 06:15:00,2025-11-12 09:15:00,L,132871.84169895475,True
2025-11-13 11:45:00,2025-11-13 13:30:00,L,-33201.57870889163,False
2025-11-13 15:15:00,2025-11-13 15:30:00,L,-33101.973972764965,False
2025-11-13 15:45:00,2025-11-13 18:30:00,L,-33002.66805084667,False
2025-11-13 19:30:00,2025-11-13 23:30:00,L,57423.67756292693,True
2025-11-14 07:45:00,2025-11-14 10:00:00,L,-33075.93107938291,False
2025-11-17 08:30:00,2025-11-17 09:30:00,S,-32976.703286144766,False
2025-11-17 17:45:00,2025-11-17 19:30:00,S,164388.86588143167,True
2025-11-19 09:00:00,2025-11-19 09:45:00,L,166854.69886965316,True
2025-11-20 18:00:00,2025-11-20 21:00:00,L,35123.7229148509,True
2025-11-25 07:00:00,2025-11-25 07:15:00,L,-33976.87503928414,False
2025-11-25 07:45:00,2025-11-25 08:00:00,L,-33874.94441416628,False
2025-11-25 08:30:00,2025-11-25 08:45:00,L,-33773.31958092378,False
2025-11-25 09:15:00,2025-11-25 12:15:00,L,39393.84753408276,True
2025-11-25 13:00:00,2025-11-25 14:30:00,L,-33790.18116478326,False
2025-11-26 06:30:00,2025-11-26 06:45:00,L,-33688.81062128891,False
2025-11-26 07:15:00,2025-11-26 10:15:00,L,70449.68102307628,True
2025-11-26 13:00:00,2025-11-26 13:45:00,L,-33799.09323249427,False
2025-11-26 14:15:00,2025-11-26 15:00:00,L,-33697.69595279679,False
2025-11-26 15:15:00,2025-11-26 18:15:00,L,79651.75235927448,True
2025-11-27 13:30:00,2025-11-27 16:30:00,L,18304.817066913005,True
2025-11-28 08:15:00,2025-11-28 08:30:00,L,-33890.47257321696,False
2025-11-28 09:00:00,2025-11-28 09:15:00,L,-33788.80115549731,False
2025-12-01 13:15:00,2025-12-01 13:45:00,L,-33687.43475203082,False
2025-12-01 14:15:00,2025-12-01 14:30:00,L,-33586.37244777473,False
2025-12-01 15:00:00,2025-12-01 15:15:00,L,-33485.61333043141,False
2025-12-01 15:45:00,2025-12-01 18:45:00,L,43829.33777887141,True
2025-12-02 06:45:00,2025-12-02 09:15:00,L,-33516.64450377673,False
2025-12-02 09:45:00,2025-12-02 10:15:00,L,-33416.094570265406,False
2025-12-02 11:30:00,2025-12-02 14:15:00,L,166579.231432773,True
2025-12-02 16:15:00,2025-12-02 19:15:00,L,66094.43142481233,True
2025-12-03 06:30:00,2025-12-03 07:15:00,L,-34013.86727512736,False
2025-12-03 07:45:00,2025-12-03 09:00:00,L,-33911.82567330197,False
2025-12-03 09:45:00,2025-12-03 10:00:00,L,-33810.090196282064,False
2025-12-03 10:30:00,2025-12-03 10:45:00,L,-33708.659925693224,False
2025-12-03 17:15:00,2025-12-03 18:00:00,L,-33607.53394591614,False
2025-12-04 13:30:00,2025-12-04 13:45:00,L,-33506.711344078394,False
2025-12-05 09:30:00,2025-12-05 12:30:00,L,26942.526426894263,True
2025-12-05 16:30:00,2025-12-05 19:00:00,L,-33487.018789326845,False
2025-12-05 19:30:00,2025-12-05 19:45:00,L,-33386.55773295886,False
2025-12-08 08:15:00,2025-12-08 08:30:00,L,-33286.39805975999,False
2025-12-08 10:45:00,2025-12-08 11:00:00,L,-33186.53886558071,False
2025-12-08 11:15:00,2025-12-08 13:45:00,L,-33086.97924898397,False
2025-12-09 14:30:00,2025-12-09 17:30:00,L,81182.66704146245,True
2025-12-10 20:00:00,2025-12-11 00:00:00,L,40552.96615764304,True
2025-12-11 06:15:00,2025-12-11 09:15:00,L,6274.747418370267,True
2025-12-11 12:15:00,2025-12-11 13:15:00,L,-33371.74945308944,False
2025-12-11 13:30:00,2025-12-11 14:30:00,L,166358.17102365082,True
2025-12-12 15:45:00,2025-12-12 16:00:00,L,-33770.70871780112,False
2025-12-12 16:30:00,2025-12-12 16:45:00,L,-33669.39659164772,False
2025-12-12 17:00:00,2025-12-12 20:00:00,L,31803.398138106568,True
2025-12-15 13:30:00,2025-12-15 13:45:00,L,-33663.79859628709,False
2025-12-15 14:45:00,2025-12-15 15:00:00,L,-33562.807200498224,False
2025-12-15 15:45:00,2025-12-15 16:00:00,L,-33462.11877889673,False
2025-12-15 17:00:00,2025-12-15 20:00:00,L,61004.75989750168,True
2025-12-16 10:45:00,2025-12-16 11:00:00,L,-33544.746702252545,False
2025-12-16 11:30:00,2025-12-16 13:15:00,L,167220.56231072894,True
2025-12-16 17:00:00,2025-12-16 20:00:00,L,38961.35669312023,True
2025-12-17 08:30:00,2025-12-17 10:30:00,L,-34062.65821915734,False
2025-12-18 08:45:00,2025-12-18 09:00:00,L,-33960.47024449987,False
2025-12-18 09:45:00,2025-12-18 12:15:00,L,-33858.588833766364,False
2025-12-18 12:45:00,2025-12-18 13:00:00,L,-33757.01306726507,False
2025-12-18 13:30:00,2025-12-18 14:30:00,L,-33655.74202806327,False
2025-12-18 15:00:00,2025-12-18 16:15:00,L,167773.8740098954,True
2025-12-22 12:30:00,2025-12-22 13:00:00,L,170290.48212004386,True
2025-12-22 19:30:00,2025-12-22 23:00:00,L,172844.8393518445,True
2025-12-23 06:30:00,2025-12-23 09:30:00,L,51688.587356294345,True
2025-12-23 15:15:00,2025-12-23 18:15:00,L,98425.72953638888,True
2025-12-24 08:15:00,2025-12-24 11:15:00,L,16165.82049054302,True
2025-12-24 13:45:00,2025-12-24 14:30:00,L,-35586.34280057411,False
2025-12-24 15:15:00,2025-12-24 15:30:00,L,-35479.58377217239,False
2025-12-24 16:00:00,2025-12-25 23:15:00,L,104198.22874345428,True
2025-12-26 11:45:00,2025-12-26 14:45:00,L,89203.33109922157,True
2025-12-26 18:00:00,2025-12-26 21:00:00,L,53147.05792210982,True
2025-12-29 06:15:00,2025-12-29 06:30:00,L,-36112.790874150225,False
2025-12-29 07:15:00,2025-12-29 08:45:00,L,-36004.452501527776,False
2025-12-31 10:00:00,2025-12-31 13:00:00,S,45730.98665649372,True
2025-12-31 14:30:00,2025-12-31 14:45:00,S,-36033.63210399268,False
2025-12-31 15:15:00,2025-12-31 18:15:00,S,14959.910317408296,True
2026-01-05 13:45:00,2026-01-05 15:00:00,L,179852.0546931646,True
2026-01-06 06:15:00,2026-01-06 09:15:00,L,6965.510689544371,True
2026-01-06 10:15:00,2026-01-06 13:15:00,L,91474.87906738605,True
2026-01-07 07:15:00,2026-01-07 10:15:00,L,78129.4287340507,True
2026-01-07 12:30:00,2026-01-07 13:00:00,L,-37039.676558185354,False
2026-01-07 13:30:00,2026-01-07 15:00:00,L,-36928.5575285108,False
2026-01-07 15:30:00,2026-01-07 18:30:00,L,35323.619093445035,True
2026-01-08 12:30:00,2026-01-08 15:15:00,L,184618.713566028,True
2026-01-08 19:45:00,2026-01-08 20:30:00,L,187387.99426951839,True
2026-01-09 12:45:00,2026-01-09 13:30:00,L,-38039.76283671224,False
2026-01-09 18:15:00,2026-01-09 21:15:00,L,72331.8013622277,True
2026-01-12 12:30:00,2026-01-12 13:15:00,L,190713.1947614439,True
2026-01-12 14:45:00,2026-01-12 17:45:00,L,33172.963285341684,True
2026-01-12 19:00:00,2026-01-12 20:00:00,L,-38814.29742642914,False
2026-01-13 07:00:00,2026-01-13 10:00:00,L,27762.729643608563,True
2026-01-13 12:45:00,2026-01-13 13:30:00,L,193905.7136154034,True
2026-01-13 16:45:00,2026-01-13 17:45:00,L,-39362.85986392689,False
2026-01-13 18:30:00,2026-01-13 20:30:00,L,-39244.77128433511,False
2026-01-14 13:30:00,2026-01-14 14:30:00,L,-39127.036970482106,False
2026-01-14 15:00:00,2026-01-14 17:15:00,L,-39009.65585957066,False
2026-01-14 18:00:00,2026-01-14 21:00:00,L,84873.62779976004,True
2026-01-15 14:15:00,2026-01-15 17:15:00,L,50528.40590205824,True
2026-01-16 07:00:00,2026-01-16 10:00:00,L,14735.183996573396,True
2026-01-16 11:15:00,2026-01-16 12:45:00,L,-39343.038545087125,False
2026-01-19 09:15:00,2026-01-19 09:30:00,L,-39225.009429451864,False
2026-01-19 11:00:00,2026-01-19 14:00:00,L,19874.22293731934,True
2026-01-20 13:45:00,2026-01-20 15:15:00,L,-39166.95706997547,False
2026-01-21 07:30:00,2026-01-21 10:30:00,L,34879.41766151257,True
2026-01-21 14:30:00,2026-01-21 14:45:00,L,-39154.094451750076,False
2026-01-21 18:00:00,2026-01-21 19:15:00,L,-39036.632168394826,False
2026-01-21 20:00:00,2026-01-22 00:00:00,L,-6134.438963862954,False
2026-01-22 10:00:00,2026-01-22 13:00:00,L,-21238.828112506544,False
2026-01-22 14:00:00,2026-01-22 15:30:00,L,194187.01235330268,True
2026-01-23 08:45:00,2026-01-23 09:00:00,L,-39419.96350772044,False
2026-01-23 09:45:00,2026-01-23 12:45:00,L,75591.06462146052,True
2026-01-26 13:15:00,2026-01-26 13:30:00,L,-39528.47681106166,False
2026-01-26 13:45:00,2026-01-26 14:00:00,L,-39409.89138062847,False
2026-01-26 19:00:00,2026-01-26 19:15:00,L,-39291.66170648658,False
2026-01-26 20:00:00,2026-01-26 21:30:00,L,-39173.78672136712,False
2026-01-27 14:30:00,2026-01-27 17:30:00,L,92548.60748409267,True
2026-01-28 11:15:00,2026-01-28 14:15:00,L,8656.580041610528,True
2026-01-29 09:00:00,2026-01-29 10:45:00,L,-39359.880923780125,False
2026-01-29 11:15:00,2026-01-29 14:15:00,L,48183.620890942606,True
2026-01-29 15:30:00,2026-01-29 15:45:00,L,-39386.352143681615,False
2026-01-29 16:15:00,2026-01-29 19:15:00,L,18667.11353931685,True
2026-02-02 10:30:00,2026-02-02 11:00:00,S,-39324.194427868526,False
2026-02-02 13:30:00,2026-02-02 14:30:00,S,-39206.22184458492,False
2026-02-04 09:45:00,2026-02-04 10:15:00,L,-39088.60317905116,False
2026-02-04 10:45:00,2026-02-04 11:00:00,L,-38971.33736951401,False
2026-02-04 11:45:00,2026-02-04 14:30:00,L,-38854.42335740547,False
2026-02-05 07:45:00,2026-02-05 08:00:00,S,-38737.860087333254,False
2026-02-05 09:00:00,2026-02-05 12:00:00,S,72973.79396317866,True
2026-02-05 17:15:00,2026-02-05 20:15:00,S,63767.736559819044,True
2026-02-09 07:30:00,2026-02-09 10:15:00,L,-39031.871098640244,False
2026-02-09 11:30:00,2026-02-09 14:30:00,L,47774.85611097749,True
2026-02-10 13:00:00,2026-02-10 14:45:00,L,-39058.10005367726,False
2026-02-10 16:00:00,2026-02-10 19:00:00,L,-15967.068466251229,False
2026-02-12 06:45:00,2026-02-12 09:45:00,L,68596.83752243598,True
2026-02-12 13:15:00,2026-02-12 14:15:00,L,-39098.81506068478,False
2026-02-12 15:15:00,2026-02-12 16:00:00,L,-38981.518615502726,False
2026-02-17 09:30:00,2026-02-17 09:45:00,S,-38864.57405965622,False
2026-02-17 10:30:00,2026-02-17 12:00:00,S,-38747.98033747725,False
2026-02-17 13:00:00,2026-02-17 13:45:00,S,193158.6819823241,True
2026-02-17 19:15:00,2026-02-17 23:15:00,S,32283.945597207563,True
2026-02-18 19:00:00,2026-02-18 19:15:00,L,-39308.06427920341,False
2026-02-18 19:45:00,2026-02-18 23:00:00,L,-39190.1400863658,False
2026-02-19 09:45:00,2026-02-19 10:00:00,L,-39072.569666106705,False
2026-02-19 11:00:00,2026-02-19 11:15:00,L,-38955.35195710838,False
2026-02-19 12:15:00,2026-02-19 12:45:00,L,-38838.48590123706,False
2026-02-19 13:00:00,2026-02-19 13:30:00,L,-38721.97044353335,False
2026-02-19 14:30:00,2026-02-19 17:30:00,L,51305.9934720242,True
2026-02-20 12:15:00,2026-02-20 12:30:00,L,-38759.72251261882,False
2026-02-20 12:45:00,2026-02-20 15:00:00,L,-38643.44334508097,False
2026-02-23 07:15:00,2026-02-23 07:30:00,L,-38527.51301504572,False
2026-02-23 09:00:00,2026-02-23 12:00:00,L,41112.632964267694,True
2026-02-23 14:15:00,2026-02-23 14:45:00,L,192676.34187446698,True
2026-02-24 13:15:00,2026-02-24 13:30:00,L,-39113.29740051679,False
2026-02-24 14:30:00,2026-02-24 17:30:00,L,109545.90638531797,True
2026-02-25 08:15:00,2026-02-25 09:00:00,L,-39324.59522747119,False
2026-02-25 09:15:00,2026-02-25 10:15:00,L,-39206.62144178878,False
2026-02-25 10:45:00,2026-02-25 11:00:00,L,-39089.001577463416,False
2026-02-25 11:30:00,2026-02-25 14:30:00,L,45022.16662786466,True
2026-02-26 08:00:00,2026-02-26 08:15:00,L,-39106.80107261462,False
2026-02-26 09:00:00,2026-02-26 10:45:00,L,-38989.48066939678,False
2026-02-26 11:00:00,2026-02-26 11:45:00,L,-38872.512227388586,False
2026-02-26 12:15:00,2026-02-26 14:00:00,L,-38755.894690706424,False
2026-02-26 15:45:00,2026-02-26 18:30:00,L,-38639.627006634306,False
2026-02-27 08:45:00,2026-02-27 09:45:00,L,-38523.7081256144,False
2026-02-27 10:15:00,2026-02-27 13:00:00,L,192040.68500618776,True
2026-03-02 16:15:00,2026-03-02 19:15:00,L,45357.9027770033,True
2026-03-03 06:30:00,2026-03-03 06:45:00,L,-39120.33276458713,False
2026-03-11 07:00:00,2026-03-11 07:30:00,L,-39002.97176629337,False
2026-03-11 09:00:00,2026-03-11 10:30:00,L,-38885.962850994496,False
2026-03-11 11:00:00,2026-03-11 11:45:00,L,-38769.30496244151,False
2026-03-11 13:15:00,2026-03-11 13:30:00,L,-38652.997047554185,False
2026-03-11 14:00:00,2026-03-11 15:45:00,L,-38537.03805641152,False
2026-03-12 11:45:00,2026-03-12 12:00:00,L,-38421.42694224229,False
2026-03-13 10:30:00,2026-03-13 10:45:00,S,-38306.16266141556,False
2026-03-13 11:15:00,2026-03-13 11:45:00,S,-38191.24417343131,False
2026-03-13 12:15:00,2026-03-13 12:45:00,S,-38076.67044091102,False
2026-03-13 13:15:00,2026-03-13 14:45:00,S,189812.20214794143,True
2026-03-16 06:30:00,2026-03-16 08:00:00,S,192659.38518016052,True
2026-03-16 12:00:00,2026-03-16 12:15:00,S,-39109.85519157259,False
2026-03-16 14:30:00,2026-03-16 17:30:00,S,69807.87405753045,True
2026-03-16 19:30:00,2026-03-16 20:00:00,S,-39201.949248170466,False
2026-03-17 13:00:00,2026-03-17 13:15:00,S,-39084.343400425954,False
2026-03-17 14:00:00,2026-03-17 17:00:00,S,60844.84121066395,True
2026-03-17 19:15:00,2026-03-17 23:15:00,S,17234.31735729493,True
2026-03-18 07:00:00,2026-03-18 08:45:00,S,196006.63922964275,True
2026-03-18 18:00:00,2026-03-18 19:45:00,S,198946.73881808735,True
2026-03-19 19:30:00,2026-03-19 22:00:00,S,-40386.187980071736,False
2026-03-20 08:45:00,2026-03-20 11:45:00,S,108567.92810373638,True
2026-03-23 09:45:00,2026-03-23 10:00:00,S,-40590.73320044272,False
2026-03-23 10:45:00,2026-03-23 11:00:00,S,-40468.961000841395,False
2026-03-23 11:30:00,2026-03-23 12:45:00,S,-40347.554117838874,False
2026-03-23 13:30:00,2026-03-23 13:45:00,S,-40226.51145548536,False
2026-03-23 15:00:00,2026-03-23 18:00:00,S,40009.21214294702,True
2026-03-24 06:45:00,2026-03-24 07:00:00,S,-40225.85955754774,False
2026-03-24 08:30:00,2026-03-24 09:00:00,S,-40105.18197887509,False
2026-03-24 09:15:00,2026-03-24 09:30:00,S,-39984.86643293846,False
2026-03-24 10:30:00,2026-03-24 10:45:00,S,-39864.91183363965,False
2026-03-24 11:15:00,2026-03-24 14:15:00,S,49030.263204426934,True
2026-03-25 12:30:00,2026-03-25 13:00:00,S,-39892.40788775201,False
2026-03-26 14:15:00,2026-03-26 14:30:00,S,-39772.730664088755,False
2026-03-27 06:30:00,2026-03-27 09:30:00,S,107762.61986228103,True
2026-04-01 10:30:00,2026-04-01 13:00:00,L,-39976.70033168333,False
2026-04-01 18:45:00,2026-04-01 22:45:00,L,71077.92367559284,True
2026-04-07 11:30:00,2026-04-07 14:00:00,L,-40070.00400171505,False
2026-04-09 07:45:00,2026-04-09 10:45:00,L,62552.468216070265,True
2026-04-09 19:15:00,2026-04-09 19:30:00,L,-40137.451394358126,False
2026-04-14 06:15:00,2026-04-14 07:00:00,L,200085.19520087523,True
2026-04-15 06:45:00,2026-04-15 07:00:00,L,-40617.29462577768,False
2026-04-15 07:15:00,2026-04-15 07:45:00,L,-40495.44274190034,False
2026-04-15 10:00:00,2026-04-15 13:00:00,L,62874.34432724723,True
2026-04-15 15:45:00,2026-04-15 17:30:00,L,-40562.57944665638,False
2026-04-15 18:15:00,2026-04-15 20:45:00,L,-40440.89170831641,False
2026-04-16 06:45:00,2026-04-16 07:15:00,L,-40319.56903319146,False
2026-04-16 09:00:00,2026-04-16 09:30:00,L,-40198.61032609189,False
2026-04-16 11:00:00,2026-04-16 13:45:00,L,-40078.01449511361,False
2026-04-16 18:45:00,2026-04-16 22:45:00,L,32056.56844351915,True
2026-04-17 08:30:00,2026-04-17 11:30:00,L,53159.69892012525,True
2026-04-17 18:00:00,2026-04-17 19:00:00,L,-40213.42925371921,False
2026-04-17 19:45:00,2026-04-17 20:00:00,L,-40092.78896595805,False
2026-04-20 15:30:00,2026-04-20 15:45:00,L,-39972.51059906017,False
2026-04-20 16:30:00,2026-04-20 19:30:00,L,74387.37921353198,True
2026-04-21 11:15:00,2026-04-21 11:30:00,S,-40075.755204903595,False
2026-04-21 12:15:00,2026-04-21 14:30:00,S,199777.6396964444,True
2026-04-22 19:00:00,2026-04-22 23:00:00,S,107249.63324799488,True
2026-04-23 06:15:00,2026-04-23 06:45:00,S,-40876.609758122206,False
2026-04-23 07:00:00,2026-04-23 07:45:00,S,-40753.97992884784,False
2026-04-23 08:15:00,2026-04-23 10:15:00,S,203158.58994530648,True
2026-04-23 13:15:00,2026-04-23 13:30:00,S,-41241.19375889722,False
2026-04-23 14:00:00,2026-04-23 14:15:00,S,-41117.470177620526,False
2026-04-24 06:15:00,2026-04-24 07:45:00,S,-40994.117767087664,False
2026-04-24 08:15:00,2026-04-24 09:00:00,S,-40871.135413786404,False
2026-04-24 09:30:00,2026-04-24 11:00:00,S,-40748.52200754504,False
2026-04-24 11:45:00,2026-04-24 13:45:00,S,-40626.27644152241,False
2026-04-24 14:30:00,2026-04-24 17:30:00,S,10739.97421774788,True
2026-04-27 19:00:00,2026-04-27 22:00:00,S,-40536.61753485109,False
2026-04-28 19:00:00,2026-04-28 23:00:00,S,934.2098067678572,True
2026-04-29 16:45:00,2026-04-29 19:45:00,S,44054.87523933965,True
2026-04-30 11:15:00,2026-04-30 13:15:00,S,-40549.97493738485,False
2026-04-30 19:30:00,2026-04-30 22:00:00,S,-40428.32501257269,False
2026-05-05 07:30:00,2026-05-05 08:45:00,S,-40307.04003753498,False
2026-05-05 09:30:00,2026-05-05 11:30:00,S,-40186.11891742238,False
2026-05-05 12:45:00,2026-05-05 13:00:00,S,-40065.56056067011,False
2026-05-05 13:45:00,2026-05-05 14:00:00,S,-39945.3638789881,False
2026-05-05 14:15:00,2026-05-05 14:30:00,S,-39825.52778735114,False
2026-05-06 12:30:00,2026-05-06 13:00:00,L,-39706.051203989075,False
2026-05-06 18:15:00,2026-05-06 22:15:00,L,69639.78563827566,True
